"COUNTY","NAME","YEAR","h1b_activity","win_rate","shannon_index","hhi"
"01017","Chambers County, Alabama",2012,1,0.22,4.12845715910717,313.504361799816
"01017","Chambers County, Alabama",2013,1,0.22,4.10654584393185,321.125225211585
"01017","Chambers County, Alabama",2014,1,0.22,4.12157110295024,307.826068591181
"01017","Chambers County, Alabama",2015,1,0.22,4.10574124660967,305.065960207612
"01017","Chambers County, Alabama",2016,1,0.22,4.08277751708731,318.920307093426
"01017","Chambers County, Alabama",2017,1,0.22,3.62873608614074,435.041403336776
"01017","Chambers County, Alabama",2018,1,0.22,3.60926426612627,445.296398891967
"01017","Chambers County, Alabama",2019,1,0.22,3.54304394918162,475.85885630126
"01017","Chambers County, Alabama",2020,1,0.22,3.53049074445461,476.042616778901
"01017","Chambers County, Alabama",2021,1,0.22,3.66296725234599,412.797132363923
"01017","Chambers County, Alabama",2022,1,0.22,3.63945323497188,406.468215530078
"01073","Jefferson County, Alabama",2012,1,0.65,4.60787283116557,174.045683589391
"01073","Jefferson County, Alabama",2013,1,0.65,4.60412381252436,173.871311811138
"01073","Jefferson County, Alabama",2014,1,0.65,4.60630027675258,173.33942715027
"01073","Jefferson County, Alabama",2015,1,0.65,4.59470386884087,177.412915845989
"01073","Jefferson County, Alabama",2016,1,0.65,4.59134484398766,179.048422565113
"01073","Jefferson County, Alabama",2017,1,0.65,4.54958473400602,184.85984028608
"01073","Jefferson County, Alabama",2018,1,0.65,4.54862576295118,186.172048951986
"01073","Jefferson County, Alabama",2019,1,0.65,4.55013757500338,184.954900785328
"01073","Jefferson County, Alabama",2020,1,0.65,4.55260397912241,182.53083397234
"01073","Jefferson County, Alabama",2021,1,0.65,4.55566682632333,179.143489819896
"01073","Jefferson County, Alabama",2022,1,0.65,4.55174761970872,180.85800085245
"01081","Lee County, Alabama",2012,1,0.209876543209877,4.49189243445297,216.225704634077
"01081","Lee County, Alabama",2013,1,0.209876543209877,4.50169474650991,215.903755269524
"01081","Lee County, Alabama",2014,1,0.209876543209877,4.50848405210754,214.396671273128
"01081","Lee County, Alabama",2015,1,0.209876543209877,4.50751564216405,218.422151581694
"01081","Lee County, Alabama",2016,1,0.209876543209877,4.51002783631654,211.342206700618
"01081","Lee County, Alabama",2017,1,0.209876543209877,4.35803055606398,226.851017263047
"01081","Lee County, Alabama",2018,1,0.209876543209877,4.35168036079729,232.073599149565
"01081","Lee County, Alabama",2019,1,0.209876543209877,4.3521935119929,233.307032395993
"01081","Lee County, Alabama",2020,1,0.209876543209877,4.34341367657271,233.934562624463
"01081","Lee County, Alabama",2021,1,0.209876543209877,4.35532568706752,230.717412721978
"01081","Lee County, Alabama",2022,1,0.209876543209877,4.3682393936541,235.245877581243
"01087","Macon County, Alabama",2012,1,0.242424242424242,3.92383927930273,321.745562130178
"01087","Macon County, Alabama",2013,1,0.242424242424242,3.93580372379149,312.387181719722
"01087","Macon County, Alabama",2014,1,0.242424242424242,3.99623173151227,278.065793194458
"01087","Macon County, Alabama",2015,1,0.242424242424242,3.9582814029973,299.583581201666
"01087","Macon County, Alabama",2016,1,0.242424242424242,4.04846045107653,256.5
"01087","Macon County, Alabama",2017,1,0.242424242424242,2.9320444276289,621.44
"01087","Macon County, Alabama",2018,1,0.242424242424242,2.89464361223361,639.958376690947
"01087","Macon County, Alabama",2019,1,0.242424242424242,2.93582462298238,621.748178980229
"01087","Macon County, Alabama",2020,1,0.242424242424242,2.93780723724554,619.554113334535
"01087","Macon County, Alabama",2021,1,0.242424242424242,2.77280585116792,740.264650283554
"01087","Macon County, Alabama",2022,1,0.242424242424242,2.82998796193361,698.611111111111
"01089","Madison County, Alabama",2012,1,0.294117647058824,4.50795649615523,190.218233421754
"01089","Madison County, Alabama",2013,1,0.294117647058824,4.49394401000577,196.661098797345
"01089","Madison County, Alabama",2014,1,0.294117647058824,4.49104496843027,197.349754170286
"01089","Madison County, Alabama",2015,1,0.294117647058824,4.48978709389266,195.973122189311
"01089","Madison County, Alabama",2016,1,0.294117647058824,4.48719218435055,196.007514961687
"01089","Madison County, Alabama",2017,1,0.294117647058824,4.43350881813481,205.066959609008
"01089","Madison County, Alabama",2018,1,0.294117647058824,4.42856806999897,204.141983476146
"01089","Madison County, Alabama",2019,1,0.294117647058824,4.41937353817245,205.951427502371
"01089","Madison County, Alabama",2020,1,0.294117647058824,4.42237307650781,204.816373505847
"01089","Madison County, Alabama",2021,1,0.294117647058824,4.43085055813056,198.559591783295
"01089","Madison County, Alabama",2022,1,0.294117647058824,4.42952824748952,202.143614985678
"01101","Montgomery County, Alabama",2012,1,0.22972972972973,4.62556484718453,166.760945238869
"01101","Montgomery County, Alabama",2013,1,0.22972972972973,4.61383321634404,169.926980566301
"01101","Montgomery County, Alabama",2014,1,0.22972972972973,4.61506720033935,170.702043722437
"01101","Montgomery County, Alabama",2015,1,0.22972972972973,4.6106516500969,170.356909589433
"01101","Montgomery County, Alabama",2016,1,0.22972972972973,4.61107912749476,169.573474355711
"01101","Montgomery County, Alabama",2017,1,0.22972972972973,4.51581588896226,179.682087170979
"01101","Montgomery County, Alabama",2018,1,0.22972972972973,4.51004138639474,183.215707250275
"01101","Montgomery County, Alabama",2019,1,0.22972972972973,4.51144596133853,183.018261756053
"01101","Montgomery County, Alabama",2020,1,0.22972972972973,4.51942884894313,180.428236734925
"01101","Montgomery County, Alabama",2021,1,0.22972972972973,4.54136502777109,173.308918918481
"01101","Montgomery County, Alabama",2022,1,0.22972972972973,4.53891121257533,174.970578512397
"01117","Shelby County, Alabama",2012,1,0.28,4.59246186398643,161.342881944444
"01117","Shelby County, Alabama",2013,1,0.28,4.58384325749758,164.80026559707
"01117","Shelby County, Alabama",2014,1,0.28,4.57655142461335,164.675602509212
"01117","Shelby County, Alabama",2015,1,0.28,4.55888080148323,167.923052577703
"01117","Shelby County, Alabama",2016,1,0.28,4.56697689215544,167.71073977194
"01117","Shelby County, Alabama",2017,1,0.28,4.50483075683775,173.511927745994
"01117","Shelby County, Alabama",2018,1,0.28,4.49995595044021,171.275722914602
"01117","Shelby County, Alabama",2019,1,0.28,4.50186760819142,172.344190639447
"01117","Shelby County, Alabama",2020,1,0.28,4.49140656089015,174.175909885797
"01117","Shelby County, Alabama",2021,1,0.28,4.50054784921355,172.931865238118
"01117","Shelby County, Alabama",2022,1,0.28,4.49348849032807,176.933963075242
"04013","Maricopa County, Arizona",2012,1,1.19335347432024,4.60706140022564,170.407548085021
"04013","Maricopa County, Arizona",2013,1,1.19335347432024,4.599426429583,172.470034355571
"04013","Maricopa County, Arizona",2014,1,1.19335347432024,4.5993488706834,171.853715059759
"04013","Maricopa County, Arizona",2015,1,1.19335347432024,4.59085308696437,175.423508246614
"04013","Maricopa County, Arizona",2016,1,1.19335347432024,4.58058560304249,177.104284997337
"04013","Maricopa County, Arizona",2017,1,1.19335347432024,4.56117352232149,180.771632698418
"04013","Maricopa County, Arizona",2018,1,1.19335347432024,4.54954379747588,183.824346289675
"04013","Maricopa County, Arizona",2019,1,1.19335347432024,4.53795093397921,186.571920044747
"04013","Maricopa County, Arizona",2020,1,1.19335347432024,4.52931720839737,187.269145136062
"04013","Maricopa County, Arizona",2021,1,1.19335347432024,4.51898642670346,188.824193113653
"04013","Maricopa County, Arizona",2022,1,1.19335347432024,4.51304459720892,191.135392580138
"04019","Pima County, Arizona",2012,1,0.475,4.60169173974635,171.041895002252
"04019","Pima County, Arizona",2013,1,0.475,4.60041815989196,171.124268540117
"04019","Pima County, Arizona",2014,1,0.475,4.59818046970095,171.783246499517
"04019","Pima County, Arizona",2015,1,0.475,4.58921422729157,173.075123996136
"04019","Pima County, Arizona",2016,1,0.475,4.581226060575,175.735348913699
"04019","Pima County, Arizona",2017,1,0.475,4.55556417011116,179.043926669858
"04019","Pima County, Arizona",2018,1,0.475,4.54048071569147,183.470446150218
"04019","Pima County, Arizona",2019,1,0.475,4.53017036099505,184.747702451387
"04019","Pima County, Arizona",2020,1,0.475,4.5291463894491,182.734544313287
"04019","Pima County, Arizona",2021,1,0.475,4.51804132331671,184.648299959238
"04019","Pima County, Arizona",2022,1,0.475,4.51582419909333,186.467082597888
"04021","Pinal County, Arizona",2012,1,23.7254901960784,4.57935142915285,181.677922413873
"04021","Pinal County, Arizona",2013,1,23.7254901960784,4.59618268173293,176.559354349488
"04021","Pinal County, Arizona",2014,1,23.7254901960784,4.59614065800743,172.477204258528
"04021","Pinal County, Arizona",2015,1,23.7254901960784,4.58473451434024,177.535963101749
"04021","Pinal County, Arizona",2016,1,23.7254901960784,4.56628830302873,181.638168033121
"04021","Pinal County, Arizona",2017,1,23.7254901960784,4.47668797006536,189.534778408405
"04021","Pinal County, Arizona",2018,1,23.7254901960784,4.47813184357886,186.482811200154
"04021","Pinal County, Arizona",2019,1,23.7254901960784,4.46891812165371,188.180005609616
"04021","Pinal County, Arizona",2020,1,23.7254901960784,4.46700267749294,189.801546603107
"04021","Pinal County, Arizona",2021,1,23.7254901960784,4.44014532029253,193.885898446636
"04021","Pinal County, Arizona",2022,1,23.7254901960784,4.43841367697342,194.774109563244
"05007","Benton County, Arkansas",2012,1,0.883720930232558,4.33928182166406,318.705279651306
"05007","Benton County, Arkansas",2013,1,0.883720930232558,4.36962242404469,288.857226461734
"05007","Benton County, Arkansas",2014,1,0.883720930232558,4.36555040301852,290.523924849945
"05007","Benton County, Arkansas",2015,1,0.883720930232558,4.40052942914897,269.509382190799
"05007","Benton County, Arkansas",2016,1,0.883720930232558,4.39136338586694,268.634859322676
"05007","Benton County, Arkansas",2017,1,0.883720930232558,4.3300957310415,282.251277056361
"05007","Benton County, Arkansas",2018,1,0.883720930232558,4.30128320686164,281.480143495074
"05007","Benton County, Arkansas",2019,1,0.883720930232558,4.31984979882485,269.875827742536
"05007","Benton County, Arkansas",2020,1,0.883720930232558,4.31886500550296,263.75923058277
"05007","Benton County, Arkansas",2021,1,0.883720930232558,4.3284404733337,254.460050898991
"05007","Benton County, Arkansas",2022,1,0.883720930232558,4.35111133372297,233.243549835218
"05119","Pulaski County, Arkansas",2012,1,0.300925925925926,4.60572304293492,169.852833540803
"05119","Pulaski County, Arkansas",2013,1,0.300925925925926,4.59805730734654,170.497347855488
"05119","Pulaski County, Arkansas",2014,1,0.300925925925926,4.59790929653254,170.688050648765
"05119","Pulaski County, Arkansas",2015,1,0.300925925925926,4.59893470951184,171.17748503447
"05119","Pulaski County, Arkansas",2016,1,0.300925925925926,4.58909115798261,174.031810897111
"05119","Pulaski County, Arkansas",2017,1,0.300925925925926,4.54767163920496,179.274980114452
"05119","Pulaski County, Arkansas",2018,1,0.300925925925926,4.5441458294221,178.73943775414
"05119","Pulaski County, Arkansas",2019,1,0.300925925925926,4.53673782335418,182.039751927148
"05119","Pulaski County, Arkansas",2020,1,0.300925925925926,4.53226692069083,183.199504080354
"05119","Pulaski County, Arkansas",2021,1,0.300925925925926,4.54107765751306,177.55770509491
"05119","Pulaski County, Arkansas",2022,1,0.300925925925926,4.5362753593327,179.738762768352
"06001","Alameda County, California",2012,1,0.201642036124795,4.64576988034846,181.178720655056
"06001","Alameda County, California",2013,1,0.201642036124795,4.63777414508972,183.782396051402
"06001","Alameda County, California",2014,1,0.201642036124795,4.62328467648412,188.254010075576
"06001","Alameda County, California",2015,1,0.201642036124795,4.62198924032394,189.693576907605
"06001","Alameda County, California",2016,1,0.201642036124795,4.61755066066349,189.858404664647
"06001","Alameda County, California",2017,1,0.201642036124795,4.59800635182935,192.309732298211
"06001","Alameda County, California",2018,1,0.201642036124795,4.58663644441787,196.052308529731
"06001","Alameda County, California",2019,1,0.201642036124795,4.57794243278917,196.914518686512
"06001","Alameda County, California",2020,1,0.201642036124795,4.58171439980966,192.104933446339
"06001","Alameda County, California",2021,1,0.201642036124795,4.57936795652309,190.596642599923
"06001","Alameda County, California",2022,1,0.201642036124795,4.56666516328082,194.767138917698
"06013","Contra Costa County, California",2012,1,0.152454780361757,4.5241365230873,183.001611629089
"06013","Contra Costa County, California",2013,1,0.152454780361757,4.51179311530692,186.258142362953
"06013","Contra Costa County, California",2014,1,0.152454780361757,4.50815652206248,187.16470346881
"06013","Contra Costa County, California",2015,1,0.152454780361757,4.50964421891456,188.318489623124
"06013","Contra Costa County, California",2016,1,0.152454780361757,4.50584188880972,189.153809186428
"06013","Contra Costa County, California",2017,1,0.152454780361757,4.473626594704,193.708948001944
"06013","Contra Costa County, California",2018,1,0.152454780361757,4.45863967572431,197.801634138826
"06013","Contra Costa County, California",2019,1,0.152454780361757,4.45369060069583,199.086917367714
"06013","Contra Costa County, California",2020,1,0.152454780361757,4.45032752794163,196.40643910336
"06013","Contra Costa County, California",2021,1,0.152454780361757,4.44474608007891,197.823490943414
"06013","Contra Costa County, California",2022,1,0.152454780361757,4.42819982311481,202.445919208434
"06017","El Dorado County, California",2012,1,0.13,4.48971712617988,192.912333505537
"06017","El Dorado County, California",2013,1,0.13,4.4769633424463,194.760225153194
"06017","El Dorado County, California",2014,1,0.13,4.46188150109404,198.44311894701
"06017","El Dorado County, California",2015,1,0.13,4.45504185016814,205.04962738821
"06017","El Dorado County, California",2016,1,0.13,4.44659224637574,209.334683584504
"06017","El Dorado County, California",2017,1,0.13,4.34689603426405,219.909228859419
"06017","El Dorado County, California",2018,1,0.13,4.34089836354243,223.36707855721
"06017","El Dorado County, California",2019,1,0.13,4.31674672895965,226.608618668355
"06017","El Dorado County, California",2020,1,0.13,4.31893236094528,224.193757187986
"06017","El Dorado County, California",2021,1,0.13,4.33455556460488,219.861625736591
"06017","El Dorado County, California",2022,1,0.13,4.340182798873,221.626756152496
"06019","Fresno County, California",2012,1,0.5,4.59420322418654,183.668563238175
"06019","Fresno County, California",2013,1,0.5,4.58440062908349,186.091784998367
"06019","Fresno County, California",2014,1,0.5,4.56848574595544,189.106981806041
"06019","Fresno County, California",2015,1,0.5,4.57390120656087,188.07677476045
"06019","Fresno County, California",2016,1,0.5,4.56970771885102,189.515615759994
"06019","Fresno County, California",2017,1,0.5,4.54334623659947,194.003273859389
"06019","Fresno County, California",2018,1,0.5,4.52386244846501,197.984374416544
"06019","Fresno County, California",2019,1,0.5,4.52472502258682,198.669316379458
"06019","Fresno County, California",2020,1,0.5,4.51543297528683,198.464536258951
"06019","Fresno County, California",2021,1,0.5,4.5051913279991,199.430179310345
"06019","Fresno County, California",2022,1,0.5,4.48831848300302,205.268026649978
"06029","Kern County, California",2012,1,0.96,4.58635562163211,190.888965299361
"06029","Kern County, California",2013,1,0.96,4.57824771869413,192.718199173534
"06029","Kern County, California",2014,1,0.96,4.56222290848276,197.759627950236
"06029","Kern County, California",2015,1,0.96,4.56317537312784,197.607376302572
"06029","Kern County, California",2016,1,0.96,4.56340185564403,201.109527334676
"06029","Kern County, California",2017,1,0.96,4.51682534234277,208.194118258842
"06029","Kern County, California",2018,1,0.96,4.51119375914657,208.908645099664
"06029","Kern County, California",2019,1,0.96,4.50529587281057,207.449125968172
"06029","Kern County, California",2020,1,0.96,4.49966693450105,208.674904852411
"06029","Kern County, California",2021,1,0.96,4.48627144682259,210.453370584948
"06029","Kern County, California",2022,1,0.96,4.46969112939895,217.866393828647
"06037","Los Angeles County, California",2012,1,0.28875263460433,4.64913622751487,168.183963215932
"06037","Los Angeles County, California",2013,1,0.28875263460433,4.63893406340818,170.388036956831
"06037","Los Angeles County, California",2014,1,0.28875263460433,4.62863787701667,172.655190612784
"06037","Los Angeles County, California",2015,1,0.28875263460433,4.62115593741284,174.243033507219
"06037","Los Angeles County, California",2016,1,0.28875263460433,4.61244616826676,176.406416622908
"06037","Los Angeles County, California",2017,1,0.28875263460433,4.59167933050443,180.743076941224
"06037","Los Angeles County, California",2018,1,0.28875263460433,4.57670501419979,184.009275524116
"06037","Los Angeles County, California",2019,1,0.28875263460433,4.56396756628137,187.096341076397
"06037","Los Angeles County, California",2020,1,0.28875263460433,4.5557585673249,186.704004394444
"06037","Los Angeles County, California",2021,1,0.28875263460433,4.54942585807293,187.117840437336
"06037","Los Angeles County, California",2022,1,0.28875263460433,4.53881811505158,190.33996834473
"06041","Marin County, California",2012,1,0.319587628865979,4.50346215689617,184.171409855977
"06041","Marin County, California",2013,1,0.319587628865979,4.5014673614716,185.008411462825
"06041","Marin County, California",2014,1,0.319587628865979,4.49376985599306,186.031352968512
"06041","Marin County, California",2015,1,0.319587628865979,4.48767449459735,186.922953023444
"06041","Marin County, California",2016,1,0.319587628865979,4.47506742834568,190.292522401327
"06041","Marin County, California",2017,1,0.319587628865979,4.42849433455119,192.755993432093
"06041","Marin County, California",2018,1,0.319587628865979,4.41915585761001,196.322911056137
"06041","Marin County, California",2019,1,0.319587628865979,4.41029913651655,198.279714753383
"06041","Marin County, California",2020,1,0.319587628865979,4.40316569161725,199.434301486225
"06041","Marin County, California",2021,1,0.319587628865979,4.41388651691608,197.354003353697
"06041","Marin County, California",2022,1,0.319587628865979,4.40906280237333,197.26232485148
"06053","Monterey County, California",2012,1,0.275862068965517,4.55537386922887,192.512411090144
"06053","Monterey County, California",2013,1,0.275862068965517,4.54003859623313,198.200645248224
"06053","Monterey County, California",2014,1,0.275862068965517,4.54088202178279,196.974229597474
"06053","Monterey County, California",2015,1,0.275862068965517,4.51986786114694,203.923330791033
"06053","Monterey County, California",2016,1,0.275862068965517,4.51995363417748,201.882834274873
"06053","Monterey County, California",2017,1,0.275862068965517,4.46993542755047,207.772385305563
"06053","Monterey County, California",2018,1,0.275862068965517,4.4640347924306,208.027008446201
"06053","Monterey County, California",2019,1,0.275862068965517,4.46624873778301,207.772996541709
"06053","Monterey County, California",2020,1,0.275862068965517,4.46889441710276,202.848866144648
"06053","Monterey County, California",2021,1,0.275862068965517,4.47159235732365,202.964934405954
"06053","Monterey County, California",2022,1,0.275862068965517,4.468783879593,206.34061898951
"06059","Orange County, California",2012,1,0.308084239130435,4.60277687387613,174.915471091302
"06059","Orange County, California",2013,1,0.308084239130435,4.59004075181227,178.637471976648
"06059","Orange County, California",2014,1,0.308084239130435,4.58683585854363,180.182587532466
"06059","Orange County, California",2015,1,0.308084239130435,4.58235500571236,181.219707606977
"06059","Orange County, California",2016,1,0.308084239130435,4.575796670378,182.80824884047
"06059","Orange County, California",2017,1,0.308084239130435,4.55580749462563,185.459284393312
"06059","Orange County, California",2018,1,0.308084239130435,4.54775255103151,187.97433500566
"06059","Orange County, California",2019,1,0.308084239130435,4.54061923076909,189.22484704899
"06059","Orange County, California",2020,1,0.308084239130435,4.53052708439667,189.535671108477
"06059","Orange County, California",2021,1,0.308084239130435,4.52649429035033,190.209490881735
"06059","Orange County, California",2022,1,0.308084239130435,4.51892852735951,193.161488135775
"06061","Placer County, California",2012,1,0.425,4.5006435018841,187.247778096155
"06061","Placer County, California",2013,1,0.425,4.49383958857198,187.429693962633
"06061","Placer County, California",2014,1,0.425,4.4875014124236,188.769966856797
"06061","Placer County, California",2015,1,0.425,4.47480437372865,192.419370649936
"06061","Placer County, California",2016,1,0.425,4.47387120586855,193.429046215764
"06061","Placer County, California",2017,1,0.425,4.41822921987085,198.807217768815
"06061","Placer County, California",2018,1,0.425,4.41096121075488,200.966042871273
"06061","Placer County, California",2019,1,0.425,4.41717430670886,201.822872636087
"06061","Placer County, California",2020,1,0.425,4.42111653194075,199.110075837407
"06061","Placer County, California",2021,1,0.425,4.41340147362479,200.943229798082
"06061","Placer County, California",2022,1,0.425,4.40827368220829,202.927079292716
"06065","Riverside County, California",2012,1,0.406593406593407,4.60253427734383,185.908741282872
"06065","Riverside County, California",2013,1,0.406593406593407,4.59272182854232,189.829412642737
"06065","Riverside County, California",2014,1,0.406593406593407,4.58975312761546,188.857311914905
"06065","Riverside County, California",2015,1,0.406593406593407,4.58328658041928,190.657855928712
"06065","Riverside County, California",2016,1,0.406593406593407,4.57697138849493,193.014381943015
"06065","Riverside County, California",2017,1,0.406593406593407,4.55059960314963,197.737475125659
"06065","Riverside County, California",2018,1,0.406593406593407,4.53975155728855,201.636423947028
"06065","Riverside County, California",2019,1,0.406593406593407,4.53686604594503,202.168652414847
"06065","Riverside County, California",2020,1,0.406593406593407,4.53599513697686,198.766609752705
"06065","Riverside County, California",2021,1,0.406593406593407,4.52981622759377,199.417252942648
"06065","Riverside County, California",2022,1,0.406593406593407,4.52135423582547,201.431575243366
"06067","Sacramento County, California",2012,1,0.154460719041278,4.5666993386735,184.067639397838
"06067","Sacramento County, California",2013,1,0.154460719041278,4.56350430292432,183.95956242931
"06067","Sacramento County, California",2014,1,0.154460719041278,4.55205649866954,187.863027717997
"06067","Sacramento County, California",2015,1,0.154460719041278,4.55260618552398,186.623283406565
"06067","Sacramento County, California",2016,1,0.154460719041278,4.54918171520925,187.6542907779
"06067","Sacramento County, California",2017,1,0.154460719041278,4.52135388946578,193.815764908733
"06067","Sacramento County, California",2018,1,0.154460719041278,4.51167365095465,197.553618953649
"06067","Sacramento County, California",2019,1,0.154460719041278,4.49779355481767,199.629666817044
"06067","Sacramento County, California",2020,1,0.154460719041278,4.5040533144721,195.740957351605
"06067","Sacramento County, California",2021,1,0.154460719041278,4.49440457192076,195.646380320778
"06067","Sacramento County, California",2022,1,0.154460719041278,4.48641948234273,198.987452097606
"06071","San Bernardino County, California",2012,1,0.309446254071661,4.69571897165718,171.164015537276
"06071","San Bernardino County, California",2013,1,0.309446254071661,4.68526057937854,173.43438949859
"06071","San Bernardino County, California",2014,1,0.309446254071661,4.6783126868706,175.175667716588
"06071","San Bernardino County, California",2015,1,0.309446254071661,4.67421148793673,177.478179455088
"06071","San Bernardino County, California",2016,1,0.309446254071661,4.66764334180731,179.944775900895
"06071","San Bernardino County, California",2017,1,0.309446254071661,4.63764884961613,183.598618930718
"06071","San Bernardino County, California",2018,1,0.309446254071661,4.62379779007424,187.934843343385
"06071","San Bernardino County, California",2019,1,0.309446254071661,4.61326435725078,190.394245680366
"06071","San Bernardino County, California",2020,1,0.309446254071661,4.61082594488394,188.392489041087
"06071","San Bernardino County, California",2021,1,0.309446254071661,4.59448310914484,191.078482946968
"06071","San Bernardino County, California",2022,1,0.309446254071661,4.56998373693187,197.968567228375
"06073","San Diego County, California",2012,1,0.598467432950192,4.61042223422007,174.24090648897
"06073","San Diego County, California",2013,1,0.598467432950192,4.60042935088266,176.732594443073
"06073","San Diego County, California",2014,1,0.598467432950192,4.59118630213714,179.006046050641
"06073","San Diego County, California",2015,1,0.598467432950192,4.58416529552779,180.673401152634
"06073","San Diego County, California",2016,1,0.598467432950192,4.57634950479213,182.967860166351
"06073","San Diego County, California",2017,1,0.598467432950192,4.55256496954969,186.283535582648
"06073","San Diego County, California",2018,1,0.598467432950192,4.53707708899155,189.788294873173
"06073","San Diego County, California",2019,1,0.598467432950192,4.53225286408626,190.93262766525
"06073","San Diego County, California",2020,1,0.598467432950192,4.52620417633076,190.824135143594
"06073","San Diego County, California",2021,1,0.598467432950192,4.52620943329499,190.148500169029
"06073","San Diego County, California",2022,1,0.598467432950192,4.51840277270475,193.308647192097
"06075","San Francisco County, California",2012,1,1.05009823182711,4.43797028438116,227.427876055734
"06075","San Francisco County, California",2013,1,1.05009823182711,4.41946908147285,234.730528916669
"06075","San Francisco County, California",2014,1,1.05009823182711,4.4049701383968,238.831922060743
"06075","San Francisco County, California",2015,1,1.05009823182711,4.41033769991294,239.106682341846
"06075","San Francisco County, California",2016,1,1.05009823182711,4.40793394431232,237.845355345472
"06075","San Francisco County, California",2017,1,1.05009823182711,4.37705346076062,242.258532036508
"06075","San Francisco County, California",2018,1,1.05009823182711,4.36715399135043,243.527995912708
"06075","San Francisco County, California",2019,1,1.05009823182711,4.35728411880399,245.039320977636
"06075","San Francisco County, California",2020,1,1.05009823182711,4.35558250329939,242.923093292785
"06075","San Francisco County, California",2021,1,1.05009823182711,4.35729052973603,239.66090719457
"06075","San Francisco County, California",2022,1,1.05009823182711,4.34815028999019,241.735108272914
"06077","San Joaquin County, California",2012,1,0.322033898305085,4.63576135841754,174.282674366106
"06077","San Joaquin County, California",2013,1,0.322033898305085,4.62631060823675,179.527010818061
"06077","San Joaquin County, California",2014,1,0.322033898305085,4.6151216844822,183.92697425091
"06077","San Joaquin County, California",2015,1,0.322033898305085,4.60754476305337,185.909733198924
"06077","San Joaquin County, California",2016,1,0.322033898305085,4.59075398679441,190.972167785164
"06077","San Joaquin County, California",2017,1,0.322033898305085,4.55768182013153,194.962933305923
"06077","San Joaquin County, California",2018,1,0.322033898305085,4.53685030984481,199.044676204058
"06077","San Joaquin County, California",2019,1,0.322033898305085,4.53528804930487,198.314956647057
"06077","San Joaquin County, California",2020,1,0.322033898305085,4.51415389150652,202.323567357251
"06077","San Joaquin County, California",2021,1,0.322033898305085,4.4972704430478,207.659374457939
"06077","San Joaquin County, California",2022,1,0.322033898305085,4.46636523028984,219.608081146263
"06081","San Mateo County, California",2012,1,0.193042626163645,4.56955916953758,180.551102729646
"06081","San Mateo County, California",2013,1,0.193042626163645,4.56148617769201,182.917981977333
"06081","San Mateo County, California",2014,1,0.193042626163645,4.55287867036077,186.074773116167
"06081","San Mateo County, California",2015,1,0.193042626163645,4.54398937977973,189.239837911385
"06081","San Mateo County, California",2016,1,0.193042626163645,4.53122434808639,192.892140442455
"06081","San Mateo County, California",2017,1,0.193042626163645,4.51153564937157,193.039313579915
"06081","San Mateo County, California",2018,1,0.193042626163645,4.48892549172792,198.19936313331
"06081","San Mateo County, California",2019,1,0.193042626163645,4.48407652198278,197.72768296851
"06081","San Mateo County, California",2020,1,0.193042626163645,4.48688145553905,196.036422891716
"06081","San Mateo County, California",2021,1,0.193042626163645,4.47896600984774,195.777649150821
"06081","San Mateo County, California",2022,1,0.193042626163645,4.45988226728965,199.204224025962
"06083","Santa Barbara County, California",2012,1,0.434343434343434,4.62155686017493,174.785810927098
"06083","Santa Barbara County, California",2013,1,0.434343434343434,4.60570029025948,176.891581632653
"06083","Santa Barbara County, California",2014,1,0.434343434343434,4.60434618602101,178.248918740716
"06083","Santa Barbara County, California",2015,1,0.434343434343434,4.60419852702437,179.701214299461
"06083","Santa Barbara County, California",2016,1,0.434343434343434,4.6026719621476,180.642450868029
"06083","Santa Barbara County, California",2017,1,0.434343434343434,4.55003002191889,187.394622684029
"06083","Santa Barbara County, California",2018,1,0.434343434343434,4.53598503201852,192.08693000563
"06083","Santa Barbara County, California",2019,1,0.434343434343434,4.52996248816289,193.145704062611
"06083","Santa Barbara County, California",2020,1,0.434343434343434,4.53888251658903,188.492126020571
"06083","Santa Barbara County, California",2021,1,0.434343434343434,4.54055023939042,185.983462123176
"06083","Santa Barbara County, California",2022,1,0.434343434343434,4.53684083099143,186.097744850457
"06085","Santa Clara County, California",2012,1,0.274630097437748,4.49780028485492,208.4236808689
"06085","Santa Clara County, California",2013,1,0.274630097437748,4.48814517536336,210.496208621177
"06085","Santa Clara County, California",2014,1,0.274630097437748,4.48200838345701,212.130365328987
"06085","Santa Clara County, California",2015,1,0.274630097437748,4.47502098689152,215.175166438184
"06085","Santa Clara County, California",2016,1,0.274630097437748,4.46569032048132,217.70736255844
"06085","Santa Clara County, California",2017,1,0.274630097437748,4.4475218739088,217.701006644578
"06085","Santa Clara County, California",2018,1,0.274630097437748,4.43967528737321,220.210756285431
"06085","Santa Clara County, California",2019,1,0.274630097437748,4.43487330212801,220.669629719258
"06085","Santa Clara County, California",2020,1,0.274630097437748,4.43467780132533,217.226441843251
"06085","Santa Clara County, California",2021,1,0.274630097437748,4.43236049565447,215.650712100031
"06085","Santa Clara County, California",2022,1,0.274630097437748,4.42305358617707,219.361374090194
"06087","Santa Cruz County, California",2012,1,0.444444444444444,4.55595479597905,187.198235582058
"06087","Santa Cruz County, California",2013,1,0.444444444444444,4.5551828473948,188.787361391255
"06087","Santa Cruz County, California",2014,1,0.444444444444444,4.55835918072966,188.637681909432
"06087","Santa Cruz County, California",2015,1,0.444444444444444,4.55352671626415,190.36730315415
"06087","Santa Cruz County, California",2016,1,0.444444444444444,4.56161793940415,188.30724229166
"06087","Santa Cruz County, California",2017,1,0.444444444444444,4.50332367950076,194.31937417229
"06087","Santa Cruz County, California",2018,1,0.444444444444444,4.50464717743797,191.369939491466
"06087","Santa Cruz County, California",2019,1,0.444444444444444,4.49069571968164,194.554424498654
"06087","Santa Cruz County, California",2020,1,0.444444444444444,4.49085558498388,193.714270843854
"06087","Santa Cruz County, California",2021,1,0.444444444444444,4.48757077314315,192.411642758961
"06087","Santa Cruz County, California",2022,1,0.444444444444444,4.47412876792521,199.593449515622
"06095","Solano County, California",2012,1,0.212765957446809,4.5957630404023,186.123866273896
"06095","Solano County, California",2013,1,0.212765957446809,4.57458266197133,191.734002979351
"06095","Solano County, California",2014,1,0.212765957446809,4.57781646130982,191.97931684657
"06095","Solano County, California",2015,1,0.212765957446809,4.56729068280902,194.990066034476
"06095","Solano County, California",2016,1,0.212765957446809,4.56348672617019,196.743724297812
"06095","Solano County, California",2017,1,0.212765957446809,4.51479705483493,196.655675666461
"06095","Solano County, California",2018,1,0.212765957446809,4.51867307565256,199.218001476417
"06095","Solano County, California",2019,1,0.212765957446809,4.50202540860248,202.300092577676
"06095","Solano County, California",2020,1,0.212765957446809,4.51052667338753,197.709021001738
"06095","Solano County, California",2021,1,0.212765957446809,4.50200785553315,202.044639594199
"06095","Solano County, California",2022,1,0.212765957446809,4.48522046247642,204.900697467119
"06097","Sonoma County, California",2012,1,0.422222222222222,4.62962927588823,170.880477574865
"06097","Sonoma County, California",2013,1,0.422222222222222,4.62749432563,171.938002702097
"06097","Sonoma County, California",2014,1,0.422222222222222,4.62140942985068,173.550158597007
"06097","Sonoma County, California",2015,1,0.422222222222222,4.61360908389133,176.343462208763
"06097","Sonoma County, California",2016,1,0.422222222222222,4.60531477173652,176.311018748297
"06097","Sonoma County, California",2017,1,0.422222222222222,4.57213416395182,180.308233052809
"06097","Sonoma County, California",2018,1,0.422222222222222,4.55490854092193,186.761189279295
"06097","Sonoma County, California",2019,1,0.422222222222222,4.539201467394,190.072330599517
"06097","Sonoma County, California",2020,1,0.422222222222222,4.54062404227587,188.729545067775
"06097","Sonoma County, California",2021,1,0.422222222222222,4.53675023630559,189.271066472544
"06097","Sonoma County, California",2022,1,0.422222222222222,4.54028570278862,187.481439731256
"06111","Ventura County, California",2012,1,0.185294117647059,4.62885893597015,172.318108924054
"06111","Ventura County, California",2013,1,0.185294117647059,4.62599028522266,173.447622531311
"06111","Ventura County, California",2014,1,0.185294117647059,4.62111619211943,173.787118328219
"06111","Ventura County, California",2015,1,0.185294117647059,4.625814396756,172.94186412762
"06111","Ventura County, California",2016,1,0.185294117647059,4.62413838931238,173.295463379769
"06111","Ventura County, California",2017,1,0.185294117647059,4.57975740007236,178.344005347474
"06111","Ventura County, California",2018,1,0.185294117647059,4.56869954218438,179.716635852638
"06111","Ventura County, California",2019,1,0.185294117647059,4.5704614892201,178.710575152072
"06111","Ventura County, California",2020,1,0.185294117647059,4.56896161175866,176.873838524826
"06111","Ventura County, California",2021,1,0.185294117647059,4.58032961593396,173.756478656106
"06111","Ventura County, California",2022,1,0.185294117647059,4.57013033850102,176.332560696624
"08001","Adams County, Colorado",2012,1,0.461538461538462,4.66650547078797,159.787290038467
"08001","Adams County, Colorado",2013,1,0.461538461538462,4.66335088413957,160.758097229295
"08001","Adams County, Colorado",2014,1,0.461538461538462,4.65392559198981,163.249774320657
"08001","Adams County, Colorado",2015,1,0.461538461538462,4.63846707540935,166.106883297107
"08001","Adams County, Colorado",2016,1,0.461538461538462,4.62099187444535,169.845680120655
"08001","Adams County, Colorado",2017,1,0.461538461538462,4.57267304671944,174.633498844787
"08001","Adams County, Colorado",2018,1,0.461538461538462,4.57261442473853,172.851187594743
"08001","Adams County, Colorado",2019,1,0.461538461538462,4.56220311818263,176.758969607466
"08001","Adams County, Colorado",2020,1,0.461538461538462,4.54652764853345,177.252760210798
"08001","Adams County, Colorado",2021,1,0.461538461538462,4.52955469514796,179.95926478424
"08001","Adams County, Colorado",2022,1,0.461538461538462,4.53285019052154,181.249730664999
"08005","Arapahoe County, Colorado",2012,1,0.268581081081081,4.54548055752286,170.065115231812
"08005","Arapahoe County, Colorado",2013,1,0.268581081081081,4.53594222886991,172.249048653245
"08005","Arapahoe County, Colorado",2014,1,0.268581081081081,4.53610225979102,171.950713193066
"08005","Arapahoe County, Colorado",2015,1,0.268581081081081,4.52450911969651,174.215353208855
"08005","Arapahoe County, Colorado",2016,1,0.268581081081081,4.52187468812628,174.614518404776
"08005","Arapahoe County, Colorado",2017,1,0.268581081081081,4.48094545836969,179.890924377432
"08005","Arapahoe County, Colorado",2018,1,0.268581081081081,4.47587285512458,179.979395581593
"08005","Arapahoe County, Colorado",2019,1,0.268581081081081,4.47228644355326,181.169089818595
"08005","Arapahoe County, Colorado",2020,1,0.268581081081081,4.46335071487588,180.91359164982
"08005","Arapahoe County, Colorado",2021,1,0.268581081081081,4.45208089042555,183.262714830573
"08005","Arapahoe County, Colorado",2022,1,0.268581081081081,4.45309515169526,184.350537619445
"08013","Boulder County, Colorado",2012,1,0.337078651685393,4.48161742446542,202.982689305609
"08013","Boulder County, Colorado",2013,1,0.337078651685393,4.48883468293894,200.870253919161
"08013","Boulder County, Colorado",2014,1,0.337078651685393,4.48831812055688,201.610744745145
"08013","Boulder County, Colorado",2015,1,0.337078651685393,4.47792364900559,204.40398582799
"08013","Boulder County, Colorado",2016,1,0.337078651685393,4.47002662528596,205.168126662263
"08013","Boulder County, Colorado",2017,1,0.337078651685393,4.43224612658311,211.834197004879
"08013","Boulder County, Colorado",2018,1,0.337078651685393,4.42334681429018,215.44292508918
"08013","Boulder County, Colorado",2019,1,0.337078651685393,4.42281138853721,214.462047751769
"08013","Boulder County, Colorado",2020,1,0.337078651685393,4.41332060586686,217.788356219818
"08013","Boulder County, Colorado",2021,1,0.337078651685393,4.41445658589181,217.690366216048
"08013","Boulder County, Colorado",2022,1,0.337078651685393,4.40456610165883,219.603666498689
"08014","Broomfield County, Colorado",2012,1,0.370786516853933,4.42257978043083,199.74308811238
"08014","Broomfield County, Colorado",2013,1,0.370786516853933,4.41756834772779,199.234422857185
"08014","Broomfield County, Colorado",2014,1,0.370786516853933,4.4215770018464,201.879169124062
"08014","Broomfield County, Colorado",2015,1,0.370786516853933,4.45019508418387,196.832649736712
"08014","Broomfield County, Colorado",2016,1,0.370786516853933,4.4436833329765,193.688751950017
"08014","Broomfield County, Colorado",2017,1,0.370786516853933,4.28362097912383,217.129318128231
"08014","Broomfield County, Colorado",2018,1,0.370786516853933,4.28602993222242,215.100112304437
"08014","Broomfield County, Colorado",2019,1,0.370786516853933,4.26085370412395,223.298836301593
"08014","Broomfield County, Colorado",2020,1,0.370786516853933,4.25280762678997,218.814817002731
"08014","Broomfield County, Colorado",2021,1,0.370786516853933,4.26460027135788,217.378942058303
"08014","Broomfield County, Colorado",2022,1,0.370786516853933,4.26740580761979,213.198216890498
"08031","Denver County, Colorado",2012,1,0.38953488372093,4.61566379004297,173.890927873664
"08031","Denver County, Colorado",2013,1,0.38953488372093,4.60316278434551,177.142039477835
"08031","Denver County, Colorado",2014,1,0.38953488372093,4.59511126565169,179.056191000788
"08031","Denver County, Colorado",2015,1,0.38953488372093,4.58152485895662,182.538305155355
"08031","Denver County, Colorado",2016,1,0.38953488372093,4.57334479216203,183.910499304168
"08031","Denver County, Colorado",2017,1,0.38953488372093,4.53990678264778,188.905950515591
"08031","Denver County, Colorado",2018,1,0.38953488372093,4.53069875862515,190.351595918183
"08031","Denver County, Colorado",2019,1,0.38953488372093,4.51699829334482,194.226925672641
"08031","Denver County, Colorado",2020,1,0.38953488372093,4.50390659770035,196.535979474952
"08031","Denver County, Colorado",2021,1,0.38953488372093,4.49812265001073,197.38781924233
"08031","Denver County, Colorado",2022,1,0.38953488372093,4.48316728724254,203.107715815343
"08035","Douglas County, Colorado",2012,1,0.207228915662651,4.38796093179312,211.835768761334
"08035","Douglas County, Colorado",2013,1,0.207228915662651,4.38478609294789,212.712291546799
"08035","Douglas County, Colorado",2014,1,0.207228915662651,4.38154296457214,211.564286644562
"08035","Douglas County, Colorado",2015,1,0.207228915662651,4.38913251599909,210.873631171984
"08035","Douglas County, Colorado",2016,1,0.207228915662651,4.38417129428128,211.801786833609
"08035","Douglas County, Colorado",2017,1,0.207228915662651,4.3322275618513,215.895617449725
"08035","Douglas County, Colorado",2018,1,0.207228915662651,4.31354449300265,220.2983681334
"08035","Douglas County, Colorado",2019,1,0.207228915662651,4.32261812621423,219.992228234644
"08035","Douglas County, Colorado",2020,1,0.207228915662651,4.31355238749321,221.007379054819
"08035","Douglas County, Colorado",2021,1,0.207228915662651,4.31726639225952,221.115483398897
"08035","Douglas County, Colorado",2022,1,0.207228915662651,4.31494631212259,222.24555013395
"08041","El Paso County, Colorado",2012,1,0.348837209302326,4.54881370520965,172.730531346076
"08041","El Paso County, Colorado",2013,1,0.348837209302326,4.54008868999734,174.338820719575
"08041","El Paso County, Colorado",2014,1,0.348837209302326,4.54102470728071,173.501199930658
"08041","El Paso County, Colorado",2015,1,0.348837209302326,4.52801619423905,175.667985363615
"08041","El Paso County, Colorado",2016,1,0.348837209302326,4.50987905455225,177.69304160656
"08041","El Paso County, Colorado",2017,1,0.348837209302326,4.47497641601221,183.957274052797
"08041","El Paso County, Colorado",2018,1,0.348837209302326,4.46192981318302,187.651191127066
"08041","El Paso County, Colorado",2019,1,0.348837209302326,4.4591594851175,189.444688201266
"08041","El Paso County, Colorado",2020,1,0.348837209302326,4.45315367751973,192.658081471267
"08041","El Paso County, Colorado",2021,1,0.348837209302326,4.43565754388639,199.330033407951
"08041","El Paso County, Colorado",2022,1,0.348837209302326,4.42237279920512,202.195601898517
"08059","Jefferson County, Colorado",2012,1,0.575,4.51428052344731,182.236853748591
"08059","Jefferson County, Colorado",2013,1,0.575,4.50804168869696,184.777705453222
"08059","Jefferson County, Colorado",2014,1,0.575,4.50692177772559,184.968494420506
"08059","Jefferson County, Colorado",2015,1,0.575,4.50184361443382,185.81857861111
"08059","Jefferson County, Colorado",2016,1,0.575,4.49609485895297,186.642883841624
"08059","Jefferson County, Colorado",2017,1,0.575,4.44788401099308,192.348656673407
"08059","Jefferson County, Colorado",2018,1,0.575,4.43579756084513,194.540449197495
"08059","Jefferson County, Colorado",2019,1,0.575,4.43508567081704,194.776816326531
"08059","Jefferson County, Colorado",2020,1,0.575,4.42741770449255,197.073304687459
"08059","Jefferson County, Colorado",2021,1,0.575,4.42346214245128,198.141181199156
"08059","Jefferson County, Colorado",2022,1,0.575,4.40796356811901,202.611302542609
"08069","Larimer County, Colorado",2012,1,0.8,4.58897520197786,171.292772593638
"08069","Larimer County, Colorado",2013,1,0.8,4.57989354923016,171.570221341598
"08069","Larimer County, Colorado",2014,1,0.8,4.57303920343665,172.319398597343
"08069","Larimer County, Colorado",2015,1,0.8,4.5722015318222,172.687484687099
"08069","Larimer County, Colorado",2016,1,0.8,4.57188471892129,172.982626789084
"08069","Larimer County, Colorado",2017,1,0.8,4.515132050098,179.810737548124
"08069","Larimer County, Colorado",2018,1,0.8,4.51001159546907,181.948025692055
"08069","Larimer County, Colorado",2019,1,0.8,4.50009541735528,184.178958883002
"08069","Larimer County, Colorado",2020,1,0.8,4.48990110588562,185.347860779315
"08069","Larimer County, Colorado",2021,1,0.8,4.46695289652351,191.640067453251
"08069","Larimer County, Colorado",2022,1,0.8,4.47340429888166,190.88321144353
"08123","Weld County, Colorado",2012,1,0.375,4.63617963501562,161.24824770268
"08123","Weld County, Colorado",2013,1,0.375,4.63546138430014,161.072792151722
"08123","Weld County, Colorado",2014,1,0.375,4.62049601103413,163.702216030152
"08123","Weld County, Colorado",2015,1,0.375,4.61334225641679,165.907720799118
"08123","Weld County, Colorado",2016,1,0.375,4.60392397460774,167.244873388864
"08123","Weld County, Colorado",2017,1,0.375,4.51394764662475,177.030557857752
"08123","Weld County, Colorado",2018,1,0.375,4.49966046633766,178.656620369628
"08123","Weld County, Colorado",2019,1,0.375,4.50189906637535,180.099059027319
"08123","Weld County, Colorado",2020,1,0.375,4.49729256584804,181.145202833577
"08123","Weld County, Colorado",2021,1,0.375,4.50091366923542,181.500330945447
"08123","Weld County, Colorado",2022,1,0.375,4.4934127931843,184.472573598508
"09001","Fairfield County, Connecticut",2012,1,0.360915492957746,4.58270182057135,174.637116875695
"09001","Fairfield County, Connecticut",2013,1,0.360915492957746,4.5761080084563,177.03779608085
"09001","Fairfield County, Connecticut",2014,1,0.360915492957746,4.57749932897309,177.457101025572
"09001","Fairfield County, Connecticut",2015,1,0.360915492957746,4.5756431938615,177.40852339567
"09001","Fairfield County, Connecticut",2016,1,0.360915492957746,4.56327784213025,180.498795851372
"09001","Fairfield County, Connecticut",2017,1,0.360915492957746,4.53590505555319,183.023693246361
"09001","Fairfield County, Connecticut",2018,1,0.360915492957746,4.52774075885921,186.073175776949
"09001","Fairfield County, Connecticut",2019,1,0.360915492957746,4.51987169017955,188.272872395763
"09001","Fairfield County, Connecticut",2020,1,0.360915492957746,4.51911197816725,189.34617624884
"09001","Fairfield County, Connecticut",2021,1,0.360915492957746,4.51375627491444,191.24901382892
"09003","Hartford County, Connecticut",2012,1,0.0623859299817488,4.65176628812998,165.627803277038
"09003","Hartford County, Connecticut",2013,1,0.0623859299817488,4.64637909464009,167.539618095894
"09003","Hartford County, Connecticut",2014,1,0.0623859299817488,4.64890409443114,167.335238818688
"09003","Hartford County, Connecticut",2015,1,0.0623859299817488,4.6403902550786,169.613903381724
"09003","Hartford County, Connecticut",2016,1,0.0623859299817488,4.63457719783328,170.029840247028
"09003","Hartford County, Connecticut",2017,1,0.0623859299817488,4.61158248862313,173.235232429593
"09003","Hartford County, Connecticut",2018,1,0.0623859299817488,4.59937597513489,176.794418506541
"09003","Hartford County, Connecticut",2019,1,0.0623859299817488,4.59400905833926,178.837152198286
"09003","Hartford County, Connecticut",2020,1,0.0623859299817488,4.59039600187163,180.115283731836
"09003","Hartford County, Connecticut",2021,1,0.0623859299817488,4.58999489630069,180.995795432816
"09007","Middlesex County, Connecticut",2012,1,0.263157894736842,4.6210337515678,179.312935527429
"09007","Middlesex County, Connecticut",2013,1,0.263157894736842,4.61068144170811,178.152801503484
"09007","Middlesex County, Connecticut",2014,1,0.263157894736842,4.60744668389474,179.702162806501
"09007","Middlesex County, Connecticut",2015,1,0.263157894736842,4.60861193551048,179.613196329112
"09007","Middlesex County, Connecticut",2016,1,0.263157894736842,4.60548856824011,179.694736081425
"09007","Middlesex County, Connecticut",2017,1,0.263157894736842,4.50710459613168,192.928174191724
"09007","Middlesex County, Connecticut",2018,1,0.263157894736842,4.50255672820061,197.370834866002
"09007","Middlesex County, Connecticut",2019,1,0.263157894736842,4.50553200793736,200.929675747367
"09007","Middlesex County, Connecticut",2020,1,0.263157894736842,4.49479867145619,199.435196367291
"09007","Middlesex County, Connecticut",2021,1,0.263157894736842,4.49035925739353,202.504358578168
"09009","New Haven County, Connecticut",2012,1,0.320388349514563,4.64385102998046,182.279349195547
"09009","New Haven County, Connecticut",2013,1,0.320388349514563,4.63805675323592,183.808245433133
"09009","New Haven County, Connecticut",2014,1,0.320388349514563,4.62925709331076,185.215837187648
"09009","New Haven County, Connecticut",2015,1,0.320388349514563,4.62504560266875,186.056976287255
"09009","New Haven County, Connecticut",2016,1,0.320388349514563,4.61868722395216,187.086307865591
"09009","New Haven County, Connecticut",2017,1,0.320388349514563,4.58871070060184,191.05490144664
"09009","New Haven County, Connecticut",2018,1,0.320388349514563,4.57692931764499,195.689449362315
"09009","New Haven County, Connecticut",2019,1,0.320388349514563,4.57021884029418,196.769268111361
"09009","New Haven County, Connecticut",2020,1,0.320388349514563,4.56770523344645,195.735727185893
"09009","New Haven County, Connecticut",2021,1,0.320388349514563,4.57009451000999,195.896381942581
"09013","Tolland County, Connecticut",2012,1,0.333333333333333,4.46448518093963,202.3609144234
"09013","Tolland County, Connecticut",2013,1,0.333333333333333,4.45855570470016,201.529550653377
"09013","Tolland County, Connecticut",2014,1,0.333333333333333,4.49074239706279,196.941745976054
"09013","Tolland County, Connecticut",2015,1,0.333333333333333,4.47531640670354,200.897559653847
"09013","Tolland County, Connecticut",2016,1,0.333333333333333,4.45805532644572,202.801548027426
"09013","Tolland County, Connecticut",2017,1,0.333333333333333,4.29582067969108,226.73501470274
"09013","Tolland County, Connecticut",2018,1,0.333333333333333,4.2907485544297,227.38354819282
"09013","Tolland County, Connecticut",2019,1,0.333333333333333,4.26812602482835,234.527089072544
"09013","Tolland County, Connecticut",2020,1,0.333333333333333,4.25960909303789,231.796813544931
"09013","Tolland County, Connecticut",2021,1,0.333333333333333,4.23533152767517,244.244260204082
"10003","New Castle County, Delaware",2012,1,0.287896592244418,4.56554021326567,179.408815133816
"10003","New Castle County, Delaware",2013,1,0.287896592244418,4.57880304349339,174.502119094023
"10003","New Castle County, Delaware",2014,1,0.287896592244418,4.59281702351248,169.798238549832
"10003","New Castle County, Delaware",2015,1,0.287896592244418,4.60066713156659,167.278395508607
"10003","New Castle County, Delaware",2016,1,0.287896592244418,4.60519536961207,164.713571893105
"10003","New Castle County, Delaware",2017,1,0.287896592244418,4.57067378365424,167.159865663732
"10003","New Castle County, Delaware",2018,1,0.287896592244418,4.56570662994612,169.52226243565
"10003","New Castle County, Delaware",2019,1,0.287896592244418,4.56967763887437,167.093005771355
"10003","New Castle County, Delaware",2020,1,0.287896592244418,4.56756017739167,166.398332622121
"10003","New Castle County, Delaware",2021,1,0.287896592244418,4.57098416343428,165.99277775981
"10003","New Castle County, Delaware",2022,1,0.287896592244418,4.56935700781629,168.880519232456
"11001","District of Columbia, District of Columbia",2012,1,0.567448680351906,4.2068439800957,268.575853611512
"11001","District of Columbia, District of Columbia",2013,1,0.567448680351906,4.18091448200528,277.640502248761
"11001","District of Columbia, District of Columbia",2014,1,0.567448680351906,4.17974212163496,278.057183175324
"11001","District of Columbia, District of Columbia",2015,1,0.567448680351906,4.19204890121324,273.308955705562
"11001","District of Columbia, District of Columbia",2016,1,0.567448680351906,4.19578314104881,273.556921613544
"11001","District of Columbia, District of Columbia",2017,1,0.567448680351906,4.16494783144387,280.088622278604
"11001","District of Columbia, District of Columbia",2018,1,0.567448680351906,4.16000687561761,280.319161795697
"11001","District of Columbia, District of Columbia",2019,1,0.567448680351906,4.15780097704799,279.051156556595
"11001","District of Columbia, District of Columbia",2020,1,0.567448680351906,4.16223242074665,274.530703997702
"11001","District of Columbia, District of Columbia",2021,1,0.567448680351906,4.17614030960408,271.535228180103
"11001","District of Columbia, District of Columbia",2022,1,0.567448680351906,4.18502744747617,270.228209049729
"12001","Alachua County, Florida",2012,1,0.361702127659574,4.55994116347317,181.592878243566
"12001","Alachua County, Florida",2013,1,0.361702127659574,4.55248219869424,179.881224626799
"12001","Alachua County, Florida",2014,1,0.361702127659574,4.53929670767872,182.057298109857
"12001","Alachua County, Florida",2015,1,0.361702127659574,4.54134435236721,182.49451586874
"12001","Alachua County, Florida",2016,1,0.361702127659574,4.53602122794309,184.60760631155
"12001","Alachua County, Florida",2017,1,0.361702127659574,4.4788247625266,190.170303311329
"12001","Alachua County, Florida",2018,1,0.361702127659574,4.44238867620411,196.920208431734
"12001","Alachua County, Florida",2019,1,0.361702127659574,4.45123649726303,198.808505365904
"12001","Alachua County, Florida",2020,1,0.361702127659574,4.44283833757735,199.05260427718
"12001","Alachua County, Florida",2021,1,0.361702127659574,4.44131362272476,198.226057674358
"12001","Alachua County, Florida",2022,1,0.361702127659574,4.44279101849061,198.255280465135
"12009","Brevard County, Florida",2012,1,0.0687830687830688,4.56220194763157,178.284328872392
"12009","Brevard County, Florida",2013,1,0.0687830687830688,4.5449987725804,181.671964791943
"12009","Brevard County, Florida",2014,1,0.0687830687830688,4.54043821881218,183.195163349184
"12009","Brevard County, Florida",2015,1,0.0687830687830688,4.53249603076733,185.466586398458
"12009","Brevard County, Florida",2016,1,0.0687830687830688,4.52396799845093,187.947895585516
"12009","Brevard County, Florida",2017,1,0.0687830687830688,4.49222383140391,189.212544343082
"12009","Brevard County, Florida",2018,1,0.0687830687830688,4.48260522829026,190.733031401784
"12009","Brevard County, Florida",2019,1,0.0687830687830688,4.47715276898889,192.416808483368
"12009","Brevard County, Florida",2020,1,0.0687830687830688,4.47509823764896,193.58025687047
"12009","Brevard County, Florida",2021,1,0.0687830687830688,4.46277417862648,195.585774030175
"12009","Brevard County, Florida",2022,1,0.0687830687830688,4.47506745647814,193.644174403634
"12011","Broward County, Florida",2012,1,0.813353566009105,4.59804843171487,166.894657667332
"12011","Broward County, Florida",2013,1,0.813353566009105,4.58886562735494,168.337767334759
"12011","Broward County, Florida",2014,1,0.813353566009105,4.5812579443294,170.108856587383
"12011","Broward County, Florida",2015,1,0.813353566009105,4.5756693253404,171.38889781881
"12011","Broward County, Florida",2016,1,0.813353566009105,4.56755359351916,173.569619025894
"12011","Broward County, Florida",2017,1,0.813353566009105,4.55538557015977,174.967819983852
"12011","Broward County, Florida",2018,1,0.813353566009105,4.54266493362973,177.233900548455
"12011","Broward County, Florida",2019,1,0.813353566009105,4.53861340442625,177.850627187727
"12011","Broward County, Florida",2020,1,0.813353566009105,4.52810695144179,180.00166813243
"12011","Broward County, Florida",2021,1,0.813353566009105,4.52150733246047,180.898597411866
"12011","Broward County, Florida",2022,1,0.813353566009105,4.51751153697514,182.975407803122
"12031","Duval County, Florida",2012,1,0.199646643109541,4.59848795240062,166.776883563825
"12031","Duval County, Florida",2013,1,0.199646643109541,4.59370699494291,168.793942154357
"12031","Duval County, Florida",2014,1,0.199646643109541,4.59067093725977,169.855366394224
"12031","Duval County, Florida",2015,1,0.199646643109541,4.58368097093496,171.078930725894
"12031","Duval County, Florida",2016,1,0.199646643109541,4.57854280217326,171.216096569853
"12031","Duval County, Florida",2017,1,0.199646643109541,4.54707512399647,175.612056023562
"12031","Duval County, Florida",2018,1,0.199646643109541,4.53617589403236,177.771006635011
"12031","Duval County, Florida",2019,1,0.199646643109541,4.52430711549461,179.403360816965
"12031","Duval County, Florida",2020,1,0.199646643109541,4.51526815914984,179.91418799901
"12031","Duval County, Florida",2021,1,0.199646643109541,4.51310765426706,179.283299761129
"12031","Duval County, Florida",2022,1,0.199646643109541,4.51036781567351,180.655998425394
"12057","Hillsborough County, Florida",2012,1,0.129270021261517,4.58747335078883,166.867634467951
"12057","Hillsborough County, Florida",2013,1,0.129270021261517,4.5811541148158,166.796257583083
"12057","Hillsborough County, Florida",2014,1,0.129270021261517,4.58041739984752,166.745962114388
"12057","Hillsborough County, Florida",2015,1,0.129270021261517,4.57675481941669,166.507051878118
"12057","Hillsborough County, Florida",2016,1,0.129270021261517,4.55816643876096,168.742985597867
"12057","Hillsborough County, Florida",2017,1,0.129270021261517,4.54824531684386,168.470814594558
"12057","Hillsborough County, Florida",2018,1,0.129270021261517,4.53493399353147,170.107512115379
"12057","Hillsborough County, Florida",2019,1,0.129270021261517,4.53016220419783,171.805583630943
"12057","Hillsborough County, Florida",2020,1,0.129270021261517,4.52740046696928,172.281094516529
"12057","Hillsborough County, Florida",2021,1,0.129270021261517,4.52219211870824,172.645562802533
"12057","Hillsborough County, Florida",2022,1,0.129270021261517,4.51388397307671,175.577114525472
"12065","Jefferson County, Florida",2012,1,0.09375,4.1886751266476,211.143280841748
"12065","Jefferson County, Florida",2013,1,0.09375,4.10756276219727,229.512788641655
"12065","Jefferson County, Florida",2014,1,0.09375,4.10294835125995,237.734277384423
"12065","Jefferson County, Florida",2015,1,0.09375,4.09283839258806,236.394001480691
"12065","Jefferson County, Florida",2016,1,0.09375,4.0976893186752,230.896294168342
"12065","Jefferson County, Florida",2017,1,0.09375,3.28670719089185,433.507069067757
"12065","Jefferson County, Florida",2018,1,0.09375,3.19338684025211,486.505190311419
"12065","Jefferson County, Florida",2019,1,0.09375,3.19380659653217,485.492674518817
"12065","Jefferson County, Florida",2020,1,0.09375,3.15426712284486,505.142857142857
"12065","Jefferson County, Florida",2021,1,0.09375,3.16133731162536,511.99464041846
"12065","Jefferson County, Florida",2022,1,0.09375,3.1974656150325,491.324472166531
"12069","Lake County, Florida",2012,1,0.214285714285714,4.50303770277049,187.230849079101
"12069","Lake County, Florida",2013,1,0.214285714285714,4.509201128152,184.092365925576
"12069","Lake County, Florida",2014,1,0.214285714285714,4.50908576722175,185.096916892721
"12069","Lake County, Florida",2015,1,0.214285714285714,4.50526357303708,188.203080601202
"12069","Lake County, Florida",2016,1,0.214285714285714,4.50077356126386,188.167215710129
"12069","Lake County, Florida",2017,1,0.214285714285714,4.44874408833737,191.753391388497
"12069","Lake County, Florida",2018,1,0.214285714285714,4.43769488828034,194.202805565762
"12069","Lake County, Florida",2019,1,0.214285714285714,4.43233416620835,197.866673851046
"12069","Lake County, Florida",2020,1,0.214285714285714,4.43142543676926,199.000202772091
"12069","Lake County, Florida",2021,1,0.214285714285714,4.43184548880481,200.233381826213
"12069","Lake County, Florida",2022,1,0.214285714285714,4.43105022333486,199.712001868285
"12071","Lee County, Florida",2012,1,0.536585365853659,4.50508759534047,185.661143829513
"12071","Lee County, Florida",2013,1,0.536585365853659,4.50245747272463,186.756043063173
"12071","Lee County, Florida",2014,1,0.536585365853659,4.48818504692044,190.518244590508
"12071","Lee County, Florida",2015,1,0.536585365853659,4.47872194491388,193.766776676311
"12071","Lee County, Florida",2016,1,0.536585365853659,4.46414463267743,197.850343832455
"12071","Lee County, Florida",2017,1,0.536585365853659,4.42569640687494,203.257574267349
"12071","Lee County, Florida",2018,1,0.536585365853659,4.40919058662584,207.695239238667
"12071","Lee County, Florida",2019,1,0.536585365853659,4.39943166513434,210.910941805957
"12071","Lee County, Florida",2020,1,0.536585365853659,4.3924429229112,212.093345716067
"12071","Lee County, Florida",2021,1,0.536585365853659,4.37503138196433,217.452893638085
"12071","Lee County, Florida",2022,1,0.536585365853659,4.37661421181698,216.550931076512
"12073","Leon County, Florida",2012,1,0.182795698924731,4.47217883752533,192.024460504623
"12073","Leon County, Florida",2013,1,0.182795698924731,4.45539797611724,198.648171035062
"12073","Leon County, Florida",2014,1,0.182795698924731,4.46399857338136,194.473122010034
"12073","Leon County, Florida",2015,1,0.182795698924731,4.46284319152405,194.54359505022
"12073","Leon County, Florida",2016,1,0.182795698924731,4.45665293702418,196.849820239132
"12073","Leon County, Florida",2017,1,0.182795698924731,4.40033354905701,201.270271043823
"12073","Leon County, Florida",2018,1,0.182795698924731,4.38844867157015,205.897199620952
"12073","Leon County, Florida",2019,1,0.182795698924731,4.37967975651948,206.720652359812
"12073","Leon County, Florida",2020,1,0.182795698924731,4.3878225950036,204.647562669204
"12073","Leon County, Florida",2021,1,0.182795698924731,4.38676361725576,202.205762471887
"12073","Leon County, Florida",2022,1,0.182795698924731,4.38192557166322,204.345729824994
"12081","Manatee County, Florida",2012,1,0.4,4.55712759425119,176.512158288424
"12081","Manatee County, Florida",2013,1,0.4,4.55278656710513,176.2045507954
"12081","Manatee County, Florida",2014,1,0.4,4.55335993793621,174.723969671159
"12081","Manatee County, Florida",2015,1,0.4,4.53361924505891,180.624811827255
"12081","Manatee County, Florida",2016,1,0.4,4.53281919688856,179.070110335291
"12081","Manatee County, Florida",2017,1,0.4,4.47683513256573,186.477203396264
"12081","Manatee County, Florida",2018,1,0.4,4.46188384188251,188.540134392145
"12081","Manatee County, Florida",2019,1,0.4,4.45558675691393,191.079862235153
"12081","Manatee County, Florida",2020,1,0.4,4.44828928772025,190.715835537078
"12081","Manatee County, Florida",2021,1,0.4,4.45137702993559,192.918948280958
"12081","Manatee County, Florida",2022,1,0.4,4.44473168025653,195.642671869912
"12086","Miami-Dade County, Florida",2012,1,0.288946910356832,4.62602448765928,160.664402669951
"12086","Miami-Dade County, Florida",2013,1,0.288946910356832,4.62259162188481,160.629687037644
"12086","Miami-Dade County, Florida",2014,1,0.288946910356832,4.62010114208615,160.343584467634
"12086","Miami-Dade County, Florida",2015,1,0.288946910356832,4.6165725488884,162.194735827799
"12086","Miami-Dade County, Florida",2016,1,0.288946910356832,4.61272198795831,163.059837800994
"12086","Miami-Dade County, Florida",2017,1,0.288946910356832,4.60054574805603,164.426400781645
"12086","Miami-Dade County, Florida",2018,1,0.288946910356832,4.59068881201234,166.591103303577
"12086","Miami-Dade County, Florida",2019,1,0.288946910356832,4.58725792580609,167.511768542864
"12086","Miami-Dade County, Florida",2020,1,0.288946910356832,4.57604429320543,168.928354052668
"12086","Miami-Dade County, Florida",2021,1,0.288946910356832,4.5722021880269,169.224874585321
"12086","Miami-Dade County, Florida",2022,1,0.288946910356832,4.56357805226247,171.51686487909
"12095","Orange County, Florida",2012,1,0.22700296735905,4.60810701567046,165.970200877815
"12095","Orange County, Florida",2013,1,0.22700296735905,4.60550118521151,165.989335735255
"12095","Orange County, Florida",2014,1,0.22700296735905,4.59756835950008,167.897722669708
"12095","Orange County, Florida",2015,1,0.22700296735905,4.59301138071788,169.390677099755
"12095","Orange County, Florida",2016,1,0.22700296735905,4.58544697800797,171.009452433016
"12095","Orange County, Florida",2017,1,0.22700296735905,4.56525168405918,172.842198162413
"12095","Orange County, Florida",2018,1,0.22700296735905,4.54168954330675,178.987635063503
"12095","Orange County, Florida",2019,1,0.22700296735905,4.53742015090779,179.605518968609
"12095","Orange County, Florida",2020,1,0.22700296735905,4.52893715253377,180.215337295884
"12095","Orange County, Florida",2021,1,0.22700296735905,4.52538406715949,181.22853239777
"12095","Orange County, Florida",2022,1,0.22700296735905,4.51961589823661,183.862822170094
"12097","Osceola County, Florida",2012,1,0.28125,4.41652128919098,218.212011005443
"12097","Osceola County, Florida",2013,1,0.28125,4.41427472618908,218.540342239518
"12097","Osceola County, Florida",2014,1,0.28125,4.39828443312009,222.040608356711
"12097","Osceola County, Florida",2015,1,0.28125,4.40436398225756,218.157401181355
"12097","Osceola County, Florida",2016,1,0.28125,4.40334226321749,215.976205618066
"12097","Osceola County, Florida",2017,1,0.28125,4.33538748102551,228.055211433202
"12097","Osceola County, Florida",2018,1,0.28125,4.31211718075125,232.806729601153
"12097","Osceola County, Florida",2019,1,0.28125,4.29996339348467,237.001943209271
"12097","Osceola County, Florida",2020,1,0.28125,4.31045850780989,232.935039671583
"12097","Osceola County, Florida",2021,1,0.28125,4.30689494785903,228.721900341653
"12097","Osceola County, Florida",2022,1,0.28125,4.31534419725269,230.665518756185
"12099","Palm Beach County, Florida",2012,1,0.0908273381294964,4.51705321059212,184.975008810603
"12099","Palm Beach County, Florida",2013,1,0.0908273381294964,4.5123563140099,185.466498592324
"12099","Palm Beach County, Florida",2014,1,0.0908273381294964,4.50869234026434,185.063677205983
"12099","Palm Beach County, Florida",2015,1,0.0908273381294964,4.50838121126978,184.608578793226
"12099","Palm Beach County, Florida",2016,1,0.0908273381294964,4.50819277593935,185.441810384419
"12099","Palm Beach County, Florida",2017,1,0.0908273381294964,4.48379420755439,189.477285051371
"12099","Palm Beach County, Florida",2018,1,0.0908273381294964,4.47144100708674,191.787649506184
"12099","Palm Beach County, Florida",2019,1,0.0908273381294964,4.46305588730008,193.063075454825
"12099","Palm Beach County, Florida",2020,1,0.0908273381294964,4.45574722389895,194.674515364929
"12099","Palm Beach County, Florida",2021,1,0.0908273381294964,4.45200427202812,194.879409830485
"12099","Palm Beach County, Florida",2022,1,0.0908273381294964,4.44967311523557,195.686158400371
"12101","Pasco County, Florida",2012,1,0.463414634146341,4.51160931795521,181.224736048105
"12101","Pasco County, Florida",2013,1,0.463414634146341,4.51435965560222,180.400211741287
"12101","Pasco County, Florida",2014,1,0.463414634146341,4.49952981041689,182.043913212203
"12101","Pasco County, Florida",2015,1,0.463414634146341,4.50544537036472,180.85194220304
"12101","Pasco County, Florida",2016,1,0.463414634146341,4.51394245520189,178.875847111111
"12101","Pasco County, Florida",2017,1,0.463414634146341,4.45064619065779,185.451446199949
"12101","Pasco County, Florida",2018,1,0.463414634146341,4.43350234475387,191.445604753364
"12101","Pasco County, Florida",2019,1,0.463414634146341,4.43427938187255,192.336022676756
"12101","Pasco County, Florida",2020,1,0.463414634146341,4.43112544742454,193.959461839961
"12101","Pasco County, Florida",2021,1,0.463414634146341,4.42549532520433,195.885265317104
"12101","Pasco County, Florida",2022,1,0.463414634146341,4.42705128135406,196.767246158346
"12103","Pinellas County, Florida",2012,1,0.3,4.57962448537297,173.031074960631
"12103","Pinellas County, Florida",2013,1,0.3,4.57913082399217,172.208772606318
"12103","Pinellas County, Florida",2014,1,0.3,4.57701562077926,172.299847356953
"12103","Pinellas County, Florida",2015,1,0.3,4.57006906812869,174.830048182707
"12103","Pinellas County, Florida",2016,1,0.3,4.56667331072103,175.345772460128
"12103","Pinellas County, Florida",2017,1,0.3,4.54666476751025,177.504871054414
"12103","Pinellas County, Florida",2018,1,0.3,4.53861664690875,180.015571395963
"12103","Pinellas County, Florida",2019,1,0.3,4.5305545575333,181.795740443581
"12103","Pinellas County, Florida",2020,1,0.3,4.52441838198047,183.145667621877
"12103","Pinellas County, Florida",2021,1,0.3,4.50559900913379,186.82715194037
"12103","Pinellas County, Florida",2022,1,0.3,4.50127864886559,188.788641008248
"12105","Polk County, Florida",2012,1,0.774193548387097,4.63337539173431,157.386660668663
"12105","Polk County, Florida",2013,1,0.774193548387097,4.62978749870634,159.678674116359
"12105","Polk County, Florida",2014,1,0.774193548387097,4.62165845227311,161.875672763581
"12105","Polk County, Florida",2015,1,0.774193548387097,4.61594145608238,162.168406057887
"12105","Polk County, Florida",2016,1,0.774193548387097,4.61808506375428,161.729460988482
"12105","Polk County, Florida",2017,1,0.774193548387097,4.57918410870444,166.24629920137
"12105","Polk County, Florida",2018,1,0.774193548387097,4.56279333004988,168.760647164687
"12105","Polk County, Florida",2019,1,0.774193548387097,4.55359154798838,169.034978906316
"12105","Polk County, Florida",2020,1,0.774193548387097,4.54869073806196,170.356726863682
"12105","Polk County, Florida",2021,1,0.774193548387097,4.53901267912367,173.651455852032
"12105","Polk County, Florida",2022,1,0.774193548387097,4.53796151029358,174.808339735833
"12115","Sarasota County, Florida",2012,1,0.576923076923077,4.4795408482568,187.950234525183
"12115","Sarasota County, Florida",2013,1,0.576923076923077,4.47251842639833,189.068997240564
"12115","Sarasota County, Florida",2014,1,0.576923076923077,4.46857357556435,188.530226971043
"12115","Sarasota County, Florida",2015,1,0.576923076923077,4.45581756718349,191.516423180308
"12115","Sarasota County, Florida",2016,1,0.576923076923077,4.45891191470144,192.408749275463
"12115","Sarasota County, Florida",2017,1,0.576923076923077,4.41378377188898,198.935616941817
"12115","Sarasota County, Florida",2018,1,0.576923076923077,4.39396940324153,203.965544381772
"12115","Sarasota County, Florida",2019,1,0.576923076923077,4.39552183058977,203.510201074858
"12115","Sarasota County, Florida",2020,1,0.576923076923077,4.38800661508844,204.432229002783
"12115","Sarasota County, Florida",2021,1,0.576923076923077,4.3860607948899,206.066377451236
"12115","Sarasota County, Florida",2022,1,0.576923076923077,4.38780664557033,207.637304692284
"12117","Seminole County, Florida",2012,1,0.192771084337349,4.56524589957247,167.959005961111
"12117","Seminole County, Florida",2013,1,0.192771084337349,4.55499784251925,168.774636868415
"12117","Seminole County, Florida",2014,1,0.192771084337349,4.54546295394007,172.428979086635
"12117","Seminole County, Florida",2015,1,0.192771084337349,4.54049037983139,173.93362836477
"12117","Seminole County, Florida",2016,1,0.192771084337349,4.53875563678165,173.389344267103
"12117","Seminole County, Florida",2017,1,0.192771084337349,4.49500514360192,177.28727450221
"12117","Seminole County, Florida",2018,1,0.192771084337349,4.48177763356655,181.211836985558
"12117","Seminole County, Florida",2019,1,0.192771084337349,4.4725797120458,183.451659143449
"12117","Seminole County, Florida",2020,1,0.192771084337349,4.46997114318022,183.248227801098
"12117","Seminole County, Florida",2021,1,0.192771084337349,4.46022165747475,185.259483618033
"12117","Seminole County, Florida",2022,1,0.192771084337349,4.46081824867345,186.961390629354
"13057","Cherokee County, Georgia",2012,1,0.168021680216802,4.45412077451018,192.175750823503
"13057","Cherokee County, Georgia",2013,1,0.168021680216802,4.47489477030083,191.329883879524
"13057","Cherokee County, Georgia",2014,1,0.168021680216802,4.47322235151943,188.962473444119
"13057","Cherokee County, Georgia",2015,1,0.168021680216802,4.45563616583839,194.40072680577
"13057","Cherokee County, Georgia",2016,1,0.168021680216802,4.4661386662769,190.831571950453
"13057","Cherokee County, Georgia",2017,1,0.168021680216802,4.4019930479883,195.86166272396
"13057","Cherokee County, Georgia",2018,1,0.168021680216802,4.39030014800218,199.010740598028
"13057","Cherokee County, Georgia",2019,1,0.168021680216802,4.38012528497769,203.870754473322
"13057","Cherokee County, Georgia",2020,1,0.168021680216802,4.36086054023575,207.040621730046
"13057","Cherokee County, Georgia",2021,1,0.168021680216802,4.37679718233716,203.262199304857
"13057","Cherokee County, Georgia",2022,1,0.168021680216802,4.37185894979206,204.255912668141
"13063","Clayton County, Georgia",2012,1,0.276923076923077,4.44698565395337,202.066517830013
"13063","Clayton County, Georgia",2013,1,0.276923076923077,4.45022231370829,200.330662751125
"13063","Clayton County, Georgia",2014,1,0.276923076923077,4.45766569186752,197.370572037993
"13063","Clayton County, Georgia",2015,1,0.276923076923077,4.44876863984934,201.973758661668
"13063","Clayton County, Georgia",2016,1,0.276923076923077,4.43641224918686,203.232711111111
"13063","Clayton County, Georgia",2017,1,0.276923076923077,4.33354266053492,217.472991332524
"13063","Clayton County, Georgia",2018,1,0.276923076923077,4.31179423670443,222.458203616186
"13063","Clayton County, Georgia",2019,1,0.276923076923077,4.31535325041469,219.407015473319
"13063","Clayton County, Georgia",2020,1,0.276923076923077,4.33404849757157,219.831202936954
"13063","Clayton County, Georgia",2021,1,0.276923076923077,4.35206475562814,217.421063070981
"13063","Clayton County, Georgia",2022,1,0.276923076923077,4.33780274766118,225.50860853672
"13067","Cobb County, Georgia",2012,1,0.325617283950617,4.54629132178999,175.850759201216
"13067","Cobb County, Georgia",2013,1,0.325617283950617,4.54310552099719,175.971550828563
"13067","Cobb County, Georgia",2014,1,0.325617283950617,4.54381770596745,175.978560050423
"13067","Cobb County, Georgia",2015,1,0.325617283950617,4.5420164030168,176.299318156897
"13067","Cobb County, Georgia",2016,1,0.325617283950617,4.54470856759759,176.314384912476
"13067","Cobb County, Georgia",2017,1,0.325617283950617,4.50323900197357,181.827085646729
"13067","Cobb County, Georgia",2018,1,0.325617283950617,4.49489235780638,184.290655307784
"13067","Cobb County, Georgia",2019,1,0.325617283950617,4.49397584797571,183.906109640334
"13067","Cobb County, Georgia",2020,1,0.325617283950617,4.48914625117156,183.770716696722
"13067","Cobb County, Georgia",2021,1,0.325617283950617,4.48263771313552,184.945737184198
"13067","Cobb County, Georgia",2022,1,0.325617283950617,4.4801807860258,185.594236621509
"13089","DeKalb County, Georgia",2012,1,0.280867630700779,4.56445785461188,181.726836603682
"13089","DeKalb County, Georgia",2013,1,0.280867630700779,4.55587069314207,183.669745050291
"13089","DeKalb County, Georgia",2014,1,0.280867630700779,4.54569596593246,186.807157616656
"13089","DeKalb County, Georgia",2015,1,0.280867630700779,4.54158435721295,187.185704785153
"13089","DeKalb County, Georgia",2016,1,0.280867630700779,4.53712583386534,188.563232224013
"13089","DeKalb County, Georgia",2017,1,0.280867630700779,4.49812175163048,192.233317322269
"13089","DeKalb County, Georgia",2018,1,0.280867630700779,4.4857410413759,195.922715976545
"13089","DeKalb County, Georgia",2019,1,0.280867630700779,4.4833164711677,197.638985938464
"13089","DeKalb County, Georgia",2020,1,0.280867630700779,4.47894200246822,196.179308131954
"13089","DeKalb County, Georgia",2021,1,0.280867630700779,4.47901983330217,195.262965211662
"13089","DeKalb County, Georgia",2022,1,0.280867630700779,4.47538804375106,198.379227645154
"13113","Fayette County, Georgia",2012,1,0.215909090909091,4.49246412627701,179.733793664117
"13113","Fayette County, Georgia",2013,1,0.215909090909091,4.48350082499023,183.198145899384
"13113","Fayette County, Georgia",2014,1,0.215909090909091,4.4784764726466,183.572937946251
"13113","Fayette County, Georgia",2015,1,0.215909090909091,4.46935784943125,186.332036209547
"13113","Fayette County, Georgia",2016,1,0.215909090909091,4.46467097759287,188.403262263148
"13113","Fayette County, Georgia",2017,1,0.215909090909091,4.37399972550847,193.728563862161
"13113","Fayette County, Georgia",2018,1,0.215909090909091,4.3573517382935,199.167330883495
"13113","Fayette County, Georgia",2019,1,0.215909090909091,4.36282813117367,200.305413621069
"13113","Fayette County, Georgia",2020,1,0.215909090909091,4.356378390562,201.849843610702
"13113","Fayette County, Georgia",2021,1,0.215909090909091,4.34431236361705,203.656560329245
"13113","Fayette County, Georgia",2022,1,0.215909090909091,4.36239664691244,202.953713031897
"13117","Forsyth County, Georgia",2012,1,0.160162002945508,4.45589191302717,206.09169407365
"13117","Forsyth County, Georgia",2013,1,0.160162002945508,4.44692660231229,206.282347947531
"13117","Forsyth County, Georgia",2014,1,0.160162002945508,4.44619957043551,209.25078244441
"13117","Forsyth County, Georgia",2015,1,0.160162002945508,4.43709004194082,211.347359229672
"13117","Forsyth County, Georgia",2016,1,0.160162002945508,4.41807623895946,219.979020339995
"13117","Forsyth County, Georgia",2017,1,0.160162002945508,4.35566842830166,224.895933597206
"13117","Forsyth County, Georgia",2018,1,0.160162002945508,4.3555493310095,222.424318727476
"13117","Forsyth County, Georgia",2019,1,0.160162002945508,4.35165237120438,225.030402538149
"13117","Forsyth County, Georgia",2020,1,0.160162002945508,4.33658204321652,229.400039422862
"13117","Forsyth County, Georgia",2021,1,0.160162002945508,4.34832421647026,225.827774362711
"13117","Forsyth County, Georgia",2022,1,0.160162002945508,4.3143985815935,249.320053204302
"13121","Fulton County, Georgia",2012,1,0.244771624560816,4.50479560240067,199.074862315427
"13121","Fulton County, Georgia",2013,1,0.244771624560816,4.49549940354057,200.208654689849
"13121","Fulton County, Georgia",2014,1,0.244771624560816,4.49212019056318,201.743323715653
"13121","Fulton County, Georgia",2015,1,0.244771624560816,4.49378970642128,201.079708050735
"13121","Fulton County, Georgia",2016,1,0.244771624560816,4.49156958142211,200.613422861711
"13121","Fulton County, Georgia",2017,1,0.244771624560816,4.46525576352342,203.473565112789
"13121","Fulton County, Georgia",2018,1,0.244771624560816,4.45507099505356,205.58468950022
"13121","Fulton County, Georgia",2019,1,0.244771624560816,4.45453080164147,205.904199617072
"13121","Fulton County, Georgia",2020,1,0.244771624560816,4.45119811515846,206.217635466744
"13121","Fulton County, Georgia",2021,1,0.244771624560816,4.45368076309478,202.508328487713
"13121","Fulton County, Georgia",2022,1,0.244771624560816,4.44167616496173,208.162742647932
"13135","Gwinnett County, Georgia",2012,1,0.143933386201427,4.56730204052577,171.293370049582
"13135","Gwinnett County, Georgia",2013,1,0.143933386201427,4.5650702552298,170.933781169956
"13135","Gwinnett County, Georgia",2014,1,0.143933386201427,4.56291155895227,172.344607185545
"13135","Gwinnett County, Georgia",2015,1,0.143933386201427,4.55907419174245,173.474952554462
"13135","Gwinnett County, Georgia",2016,1,0.143933386201427,4.55289244825079,175.590538302248
"13135","Gwinnett County, Georgia",2017,1,0.143933386201427,4.52211717693796,181.141766490361
"13135","Gwinnett County, Georgia",2018,1,0.143933386201427,4.49930520525865,186.245037665546
"13135","Gwinnett County, Georgia",2019,1,0.143933386201427,4.4911396974409,188.835505946273
"13135","Gwinnett County, Georgia",2020,1,0.143933386201427,4.48540625679183,188.555542212348
"13135","Gwinnett County, Georgia",2021,1,0.143933386201427,4.48606843622816,188.256023986959
"13135","Gwinnett County, Georgia",2022,1,0.143933386201427,4.4858939559071,190.658171434247
"13151","Henry County, Georgia",2012,1,0.0714285714285714,4.40084071734353,213.368236390292
"13151","Henry County, Georgia",2013,1,0.0714285714285714,4.39150577970388,215.267409268938
"13151","Henry County, Georgia",2014,1,0.0714285714285714,4.40647355753622,214.257219062702
"13151","Henry County, Georgia",2015,1,0.0714285714285714,4.39776215226881,215.032819444861
"13151","Henry County, Georgia",2016,1,0.0714285714285714,4.38504465628378,217.233408322872
"13151","Henry County, Georgia",2017,1,0.0714285714285714,4.28219147797001,231.829459910437
"13151","Henry County, Georgia",2018,1,0.0714285714285714,4.25545434466371,238.274911740873
"13151","Henry County, Georgia",2019,1,0.0714285714285714,4.27069795753792,236.800987945985
"13151","Henry County, Georgia",2020,1,0.0714285714285714,4.28962764676959,232.129792238434
"13151","Henry County, Georgia",2021,1,0.0714285714285714,4.31044332015078,223.941718848456
"13151","Henry County, Georgia",2022,1,0.0714285714285714,4.28475313522004,230.978374887773
"13217","Newton County, Georgia",2012,1,0.285714285714286,4.45747311432054,198.100051675197
"13217","Newton County, Georgia",2013,1,0.285714285714286,4.46572202986043,194.261847193657
"13217","Newton County, Georgia",2014,1,0.285714285714286,4.44785490120902,203.252129031033
"13217","Newton County, Georgia",2015,1,0.285714285714286,4.44147551522906,206.882792137826
"13217","Newton County, Georgia",2016,1,0.285714285714286,4.46487169970146,205.787424695009
"13217","Newton County, Georgia",2017,1,0.285714285714286,4.18728155238572,243.869320652555
"13217","Newton County, Georgia",2018,1,0.285714285714286,4.14361418369374,253.041244159027
"13217","Newton County, Georgia",2019,1,0.285714285714286,4.18397086355506,246.170271346098
"13217","Newton County, Georgia",2020,1,0.285714285714286,4.18541024594069,243.287758822684
"13217","Newton County, Georgia",2021,1,0.285714285714286,4.17948825449669,242.96756266201
"13217","Newton County, Georgia",2022,1,0.285714285714286,4.19197255650633,241.702291216994
"13247","Rockdale County, Georgia",2012,1,0.266666666666667,4.50504494137566,191.341145833333
"13247","Rockdale County, Georgia",2013,1,0.266666666666667,4.49104326325152,190.256925672767
"13247","Rockdale County, Georgia",2014,1,0.266666666666667,4.49679734628736,188.255925178021
"13247","Rockdale County, Georgia",2015,1,0.266666666666667,4.51442319711099,183.051327254156
"13247","Rockdale County, Georgia",2016,1,0.266666666666667,4.49885520383983,193.707293777707
"13247","Rockdale County, Georgia",2017,1,0.266666666666667,4.32073316036844,216.088976414377
"13247","Rockdale County, Georgia",2018,1,0.266666666666667,4.30202469494546,217.677843523997
"13247","Rockdale County, Georgia",2019,1,0.266666666666667,4.33187270988298,215.853135021843
"13247","Rockdale County, Georgia",2020,1,0.266666666666667,4.33110222015258,211.732772055737
"13247","Rockdale County, Georgia",2021,1,0.266666666666667,4.33216428931464,201.98670988485
"13247","Rockdale County, Georgia",2022,1,0.266666666666667,4.33782961312291,200.940773255563
"13285","Troup County, Georgia",2012,1,0.16,4.51436481493335,191.863775166917
"13285","Troup County, Georgia",2013,1,0.16,4.49783910898703,197.689898810294
"13285","Troup County, Georgia",2014,1,0.16,4.49053127354984,200.795614810738
"13285","Troup County, Georgia",2015,1,0.16,4.48407336755596,201.849052485297
"13285","Troup County, Georgia",2016,1,0.16,4.49059573787901,200.772447253344
"13285","Troup County, Georgia",2017,1,0.16,4.25819340399257,225.974957955076
"13285","Troup County, Georgia",2018,1,0.16,4.24295651231223,233.2689412727
"13285","Troup County, Georgia",2019,1,0.16,4.19311425789712,242.053938864744
"13285","Troup County, Georgia",2020,1,0.16,4.23658825837674,229.624973130375
"13285","Troup County, Georgia",2021,1,0.16,4.25306192515473,219.252896854573
"13285","Troup County, Georgia",2022,1,0.16,4.27952624305078,216.29864072782
"15003","Honolulu County, Hawaii",2012,1,0.413333333333333,4.50813176964808,209.968682147498
"15003","Honolulu County, Hawaii",2013,1,0.413333333333333,4.50543285305198,208.399838864581
"15003","Honolulu County, Hawaii",2014,1,0.413333333333333,4.49977446851965,210.924179404207
"15003","Honolulu County, Hawaii",2015,1,0.413333333333333,4.49340342998641,213.405473697787
"15003","Honolulu County, Hawaii",2016,1,0.413333333333333,4.48758476848822,216.671968057617
"15003","Honolulu County, Hawaii",2017,1,0.413333333333333,4.46121321169971,221.085261666475
"15003","Honolulu County, Hawaii",2018,1,0.413333333333333,4.46162095986356,220.808788094854
"15003","Honolulu County, Hawaii",2019,1,0.413333333333333,4.45745418702453,223.96922271772
"15003","Honolulu County, Hawaii",2020,1,0.413333333333333,4.4565110884274,223.507627526799
"15003","Honolulu County, Hawaii",2021,1,0.413333333333333,4.45633129742992,221.78699649182
"15003","Honolulu County, Hawaii",2022,1,0.413333333333333,4.44986195634181,228.008517497362
"16001","Ada County, Idaho",2012,1,0.686390532544379,4.61015639566103,161.230274645867
"16001","Ada County, Idaho",2013,1,0.686390532544379,4.60726265004666,161.641131159768
"16001","Ada County, Idaho",2014,1,0.686390532544379,4.59920721979378,162.4164351615
"16001","Ada County, Idaho",2015,1,0.686390532544379,4.59101385483971,163.670709225318
"16001","Ada County, Idaho",2016,1,0.686390532544379,4.58986180375981,164.659600220838
"16001","Ada County, Idaho",2017,1,0.686390532544379,4.5422414293416,170.307598642393
"16001","Ada County, Idaho",2018,1,0.686390532544379,4.51952806411014,175.337185328957
"16001","Ada County, Idaho",2019,1,0.686390532544379,4.51726581169935,175.947023494121
"16001","Ada County, Idaho",2020,1,0.686390532544379,4.50274794053999,178.330003574383
"16001","Ada County, Idaho",2021,1,0.686390532544379,4.49212662546033,180.795998174908
"16001","Ada County, Idaho",2022,1,0.686390532544379,4.48185280908289,184.479443100073
"16015","Boise County, Idaho",2012,1,0.789855072463768,3.77512025057611,329.029571012078
"16015","Boise County, Idaho",2013,1,0.789855072463768,3.72932273724202,340.774527433007
"16015","Boise County, Idaho",2014,1,0.789855072463768,3.69902955064819,373.406603306157
"16015","Boise County, Idaho",2015,1,0.789855072463768,3.74066862072654,352.888888888889
"16015","Boise County, Idaho",2016,1,0.789855072463768,3.81426074284051,316.037161750984
"16015","Boise County, Idaho",2017,1,0.789855072463768,2.74504276052542,772.92899408284
"16015","Boise County, Idaho",2018,1,0.789855072463768,2.78547487707429,752.373995617239
"16015","Boise County, Idaho",2019,1,0.789855072463768,2.82522177140359,712.43895432347
"16015","Boise County, Idaho",2020,1,0.789855072463768,2.79271902563153,716.481114677959
"16015","Boise County, Idaho",2021,1,0.789855072463768,2.87547065998574,663.714235767146
"16015","Boise County, Idaho",2022,1,0.789855072463768,2.84093401364421,684.116597263534
"16039","Elmore County, Idaho",2012,1,0.789855072463768,4.30950023859566,207.441697964888
"16039","Elmore County, Idaho",2013,1,0.789855072463768,4.29997494473046,212.800318689068
"16039","Elmore County, Idaho",2014,1,0.789855072463768,4.29790894725093,203.831417624521
"16039","Elmore County, Idaho",2015,1,0.789855072463768,4.2778943622493,209.814049586777
"16039","Elmore County, Idaho",2016,1,0.789855072463768,4.32039742983101,198.35830368715
"16039","Elmore County, Idaho",2017,1,0.789855072463768,3.78206714754389,280.646487845377
"16039","Elmore County, Idaho",2018,1,0.789855072463768,3.75628679037586,294.94150601417
"16039","Elmore County, Idaho",2019,1,0.789855072463768,3.81735867388968,280.219184027778
"16039","Elmore County, Idaho",2020,1,0.789855072463768,3.77957713713773,298.909486707862
"16039","Elmore County, Idaho",2021,1,0.789855072463768,3.74582820802195,307.405480402359
"16039","Elmore County, Idaho",2022,1,0.789855072463768,3.75552368698133,321.1883841377
"17031","Cook County, Illinois",2012,1,0.38089650316827,4.62507065869641,166.719906931591
"17031","Cook County, Illinois",2013,1,0.38089650316827,4.61968336401314,168.457800856852
"17031","Cook County, Illinois",2014,1,0.38089650316827,4.61289784246713,170.002013547923
"17031","Cook County, Illinois",2015,1,0.38089650316827,4.60615680667234,172.621650063497
"17031","Cook County, Illinois",2016,1,0.38089650316827,4.60241274713367,174.482312857701
"17031","Cook County, Illinois",2017,1,0.38089650316827,4.58371269628986,178.189805255337
"17031","Cook County, Illinois",2018,1,0.38089650316827,4.57057854771078,180.871552574016
"17031","Cook County, Illinois",2019,1,0.38089650316827,4.56526310571132,181.755637359256
"17031","Cook County, Illinois",2020,1,0.38089650316827,4.55640344366526,182.972662180833
"17031","Cook County, Illinois",2021,1,0.38089650316827,4.54381630472768,186.201213160108
"17031","Cook County, Illinois",2022,1,0.38089650316827,4.53515783869443,190.414834901013
"17043","DuPage County, Illinois",2012,1,0.189419795221843,4.63075482172575,155.291141804718
"17043","DuPage County, Illinois",2013,1,0.189419795221843,4.62467611998952,156.286523288599
"17043","DuPage County, Illinois",2014,1,0.189419795221843,4.62476873523414,156.98124490852
"17043","DuPage County, Illinois",2015,1,0.189419795221843,4.6201863459589,159.178173960713
"17043","DuPage County, Illinois",2016,1,0.189419795221843,4.62147596492944,158.133427023106
"17043","DuPage County, Illinois",2017,1,0.189419795221843,4.59342428741043,161.925284457115
"17043","DuPage County, Illinois",2018,1,0.189419795221843,4.57724724183217,166.73031547549
"17043","DuPage County, Illinois",2019,1,0.189419795221843,4.57634734511244,167.283078132113
"17043","DuPage County, Illinois",2020,1,0.189419795221843,4.56514654778706,169.13349898371
"17043","DuPage County, Illinois",2021,1,0.189419795221843,4.55371024465185,172.261228373702
"17043","DuPage County, Illinois",2022,1,0.189419795221843,4.54723615710279,176.583609874834
"17089","Kane County, Illinois",2012,1,0.219672131147541,4.66131693033622,154.432943386613
"17089","Kane County, Illinois",2013,1,0.219672131147541,4.65126366612618,157.100179982069
"17089","Kane County, Illinois",2014,1,0.219672131147541,4.64978014526924,158.442197052894
"17089","Kane County, Illinois",2015,1,0.219672131147541,4.64706752718299,159.195133727616
"17089","Kane County, Illinois",2016,1,0.219672131147541,4.63218029522144,162.33223200962
"17089","Kane County, Illinois",2017,1,0.219672131147541,4.58872733793714,167.317909516461
"17089","Kane County, Illinois",2018,1,0.219672131147541,4.57183870023099,169.878980702328
"17089","Kane County, Illinois",2019,1,0.219672131147541,4.57257129962572,171.392755477788
"17089","Kane County, Illinois",2020,1,0.219672131147541,4.56464380301747,172.364472775512
"17089","Kane County, Illinois",2021,1,0.219672131147541,4.54659527932512,177.890792454618
"17089","Kane County, Illinois",2022,1,0.219672131147541,4.54717428121522,180.110806590887
"17093","Kendall County, Illinois",2012,1,0.150684931506849,4.4463269360463,197.775392398677
"17093","Kendall County, Illinois",2013,1,0.150684931506849,4.44864592882094,196.618156843903
"17093","Kendall County, Illinois",2014,1,0.150684931506849,4.43144632750555,199.094104921579
"17093","Kendall County, Illinois",2015,1,0.150684931506849,4.42722263831493,205.75755408514
"17093","Kendall County, Illinois",2016,1,0.150684931506849,4.43849038006228,204.970448558331
"17093","Kendall County, Illinois",2017,1,0.150684931506849,4.20984546085862,232.737508876688
"17093","Kendall County, Illinois",2018,1,0.150684931506849,4.23098365820611,230.901427999165
"17093","Kendall County, Illinois",2019,1,0.150684931506849,4.20264192051648,240.286206685244
"17093","Kendall County, Illinois",2020,1,0.150684931506849,4.19072488913013,247.516707212748
"17093","Kendall County, Illinois",2021,1,0.150684931506849,4.17460942481256,259.149457431398
"17093","Kendall County, Illinois",2022,1,0.150684931506849,4.13856308331022,271.925242122119
"17097","Lake County, Illinois",2012,1,0.455531453362256,4.58357626049186,170.820753966807
"17097","Lake County, Illinois",2013,1,0.455531453362256,4.57306387007629,171.985583941528
"17097","Lake County, Illinois",2014,1,0.455531453362256,4.56886816914435,173.258629068399
"17097","Lake County, Illinois",2015,1,0.455531453362256,4.57114459564335,173.647418811852
"17097","Lake County, Illinois",2016,1,0.455531453362256,4.56483803430307,175.702447814588
"17097","Lake County, Illinois",2017,1,0.455531453362256,4.5374520494549,178.407787457492
"17097","Lake County, Illinois",2018,1,0.455531453362256,4.53511734996945,177.614568152107
"17097","Lake County, Illinois",2019,1,0.455531453362256,4.5268592849103,180.517776181853
"17097","Lake County, Illinois",2020,1,0.455531453362256,4.51935440698334,181.607329617866
"17097","Lake County, Illinois",2021,1,0.455531453362256,4.51672551683465,182.219578212446
"17097","Lake County, Illinois",2022,1,0.455531453362256,4.50482352584845,186.394950385749
"17111","McHenry County, Illinois",2012,1,0.470588235294118,4.59821442893792,168.920283550435
"17111","McHenry County, Illinois",2013,1,0.470588235294118,4.59259765614903,169.051756952359
"17111","McHenry County, Illinois",2014,1,0.470588235294118,4.59451620813759,170.368377159237
"17111","McHenry County, Illinois",2015,1,0.470588235294118,4.58215700631788,173.034555436009
"17111","McHenry County, Illinois",2016,1,0.470588235294118,4.56580379033148,175.818637596278
"17111","McHenry County, Illinois",2017,1,0.470588235294118,4.51415906945066,182.669191825437
"17111","McHenry County, Illinois",2018,1,0.470588235294118,4.50792791781849,184.241446145327
"17111","McHenry County, Illinois",2019,1,0.470588235294118,4.51048831742235,185.963246624372
"17111","McHenry County, Illinois",2020,1,0.470588235294118,4.50226620282394,187.148216163267
"17111","McHenry County, Illinois",2021,1,0.470588235294118,4.48740872109318,191.463237301161
"17111","McHenry County, Illinois",2022,1,0.470588235294118,4.48181415880051,194.247607320803
"17113","McLean County, Illinois",2012,1,0.106854838709677,4.56503727620707,172.038674991328
"17113","McLean County, Illinois",2013,1,0.106854838709677,4.55552956886037,176.751228332581
"17113","McLean County, Illinois",2014,1,0.106854838709677,4.55227887837924,175.747845632856
"17113","McLean County, Illinois",2015,1,0.106854838709677,4.54979826871461,179.388754589217
"17113","McLean County, Illinois",2016,1,0.106854838709677,4.54597850550229,179.834083313853
"17113","McLean County, Illinois",2017,1,0.106854838709677,4.42802254356535,195.773523604128
"17113","McLean County, Illinois",2018,1,0.106854838709677,4.43880517902239,187.074100378306
"17113","McLean County, Illinois",2019,1,0.106854838709677,4.42954180809311,194.749564555139
"17113","McLean County, Illinois",2020,1,0.106854838709677,4.41939802824425,196.120936447313
"17113","McLean County, Illinois",2021,1,0.106854838709677,4.42908741734551,192.256266928903
"17113","McLean County, Illinois",2022,1,0.106854838709677,4.42669786326591,194.932730504088
"17143","Peoria County, Illinois",2012,1,0.486842105263158,4.63515315272932,165.522143976561
"17143","Peoria County, Illinois",2013,1,0.486842105263158,4.62592317409895,169.266643740556
"17143","Peoria County, Illinois",2014,1,0.486842105263158,4.62978929684104,166.136521416453
"17143","Peoria County, Illinois",2015,1,0.486842105263158,4.63207474274292,164.610318027551
"17143","Peoria County, Illinois",2016,1,0.486842105263158,4.62438998266419,167.533869825335
"17143","Peoria County, Illinois",2017,1,0.486842105263158,4.54211698628108,174.837834442261
"17143","Peoria County, Illinois",2018,1,0.486842105263158,4.52416770849509,177.302468591712
"17143","Peoria County, Illinois",2019,1,0.486842105263158,4.51121425084928,182.004854271176
"17143","Peoria County, Illinois",2020,1,0.486842105263158,4.49658809990173,184.461207389941
"17143","Peoria County, Illinois",2021,1,0.486842105263158,4.50121780359172,185.636875222636
"17143","Peoria County, Illinois",2022,1,0.486842105263158,4.50547480098511,184.50597420169
"17161","Rock Island County, Illinois",2012,1,0.260869565217391,4.6158940099693,174.016970377965
"17161","Rock Island County, Illinois",2013,1,0.260869565217391,4.59652160664012,180.265409757877
"17161","Rock Island County, Illinois",2014,1,0.260869565217391,4.59722457572207,179.951873784396
"17161","Rock Island County, Illinois",2015,1,0.260869565217391,4.59149637291254,180.631175324391
"17161","Rock Island County, Illinois",2016,1,0.260869565217391,4.58808627518199,180.849912947151
"17161","Rock Island County, Illinois",2017,1,0.260869565217391,4.46900971713362,197.023549363626
"17161","Rock Island County, Illinois",2018,1,0.260869565217391,4.46447772243088,198.24646925331
"17161","Rock Island County, Illinois",2019,1,0.260869565217391,4.44275869185714,206.148058440053
"17161","Rock Island County, Illinois",2020,1,0.260869565217391,4.43729291990075,201.835164657853
"17161","Rock Island County, Illinois",2021,1,0.260869565217391,4.43503442266785,203.085255520869
"17161","Rock Island County, Illinois",2022,1,0.260869565217391,4.4299250489332,208.466172120563
"17163","St. Clair County, Illinois",2012,1,0.521739130434783,4.57970084396434,175.135840048306
"17163","St. Clair County, Illinois",2013,1,0.521739130434783,4.56987488723499,175.279682713153
"17163","St. Clair County, Illinois",2014,1,0.521739130434783,4.57114053149854,177.768510533683
"17163","St. Clair County, Illinois",2015,1,0.521739130434783,4.57733667749364,177.222746378176
"17163","St. Clair County, Illinois",2016,1,0.521739130434783,4.5748784904167,178.063149676878
"17163","St. Clair County, Illinois",2017,1,0.521739130434783,4.49925481505158,182.833925660014
"17163","St. Clair County, Illinois",2018,1,0.521739130434783,4.48138189681589,187.734031852717
"17163","St. Clair County, Illinois",2019,1,0.521739130434783,4.49361182146136,186.066198821258
"17163","St. Clair County, Illinois",2020,1,0.521739130434783,4.48610177684845,186.02672993359
"17163","St. Clair County, Illinois",2021,1,0.521739130434783,4.47379937401905,189.778166554943
"17163","St. Clair County, Illinois",2022,1,0.521739130434783,4.47564248849005,189.748446102852
"17167","Sangamon County, Illinois",2012,1,0.171314741035857,4.57503324391059,174.209095595932
"17167","Sangamon County, Illinois",2013,1,0.171314741035857,4.56287579724671,176.904089868061
"17167","Sangamon County, Illinois",2014,1,0.171314741035857,4.56843902327533,173.645392546106
"17167","Sangamon County, Illinois",2015,1,0.171314741035857,4.55769760920765,177.52378504504
"17167","Sangamon County, Illinois",2016,1,0.171314741035857,4.56860260282154,176.622865597957
"17167","Sangamon County, Illinois",2017,1,0.171314741035857,4.48529760482602,185.659955504169
"17167","Sangamon County, Illinois",2018,1,0.171314741035857,4.47942350433648,186.485521517091
"17167","Sangamon County, Illinois",2019,1,0.171314741035857,4.46893405390501,190.625734452486
"17167","Sangamon County, Illinois",2020,1,0.171314741035857,4.47654536172137,187.624930158294
"17167","Sangamon County, Illinois",2021,1,0.171314741035857,4.48688695339613,187.174798606557
"17167","Sangamon County, Illinois",2022,1,0.171314741035857,4.48718328006235,187.70590568869
"17197","Will County, Illinois",2012,1,0.249307479224377,4.59815668978759,170.087951262667
"17197","Will County, Illinois",2013,1,0.249307479224377,4.59376432919797,171.827590486599
"17197","Will County, Illinois",2014,1,0.249307479224377,4.58528155713288,174.29572945918
"17197","Will County, Illinois",2015,1,0.249307479224377,4.57225588312376,178.174073081519
"17197","Will County, Illinois",2016,1,0.249307479224377,4.56120515134616,181.430614434422
"17197","Will County, Illinois",2017,1,0.249307479224377,4.53594256192824,183.519269780317
"17197","Will County, Illinois",2018,1,0.249307479224377,4.51951811641154,188.280878382422
"17197","Will County, Illinois",2019,1,0.249307479224377,4.5012902515347,194.903433109671
"17197","Will County, Illinois",2020,1,0.249307479224377,4.48614388843773,199.812091577737
"17197","Will County, Illinois",2021,1,0.249307479224377,4.46779809980649,209.624335062917
"17197","Will County, Illinois",2022,1,0.249307479224377,4.44879413427679,218.71546445351
"18003","Allen County, Indiana",2012,1,0.346153846153846,4.69124041872934,149.463249375735
"18003","Allen County, Indiana",2013,1,0.346153846153846,4.6852314984704,151.050109035793
"18003","Allen County, Indiana",2014,1,0.346153846153846,4.6832634539661,150.454446550108
"18003","Allen County, Indiana",2015,1,0.346153846153846,4.68978062721967,149.088971673084
"18003","Allen County, Indiana",2016,1,0.346153846153846,4.6795707300561,151.500261928702
"18003","Allen County, Indiana",2017,1,0.346153846153846,4.63685936640906,155.879982502241
"18003","Allen County, Indiana",2018,1,0.346153846153846,4.63403505393653,157.977971785951
"18003","Allen County, Indiana",2019,1,0.346153846153846,4.63085729615804,156.863525751271
"18003","Allen County, Indiana",2020,1,0.346153846153846,4.62623531085012,158.073519519163
"18003","Allen County, Indiana",2021,1,0.346153846153846,4.61790074362342,160.906347513571
"18003","Allen County, Indiana",2022,1,0.346153846153846,4.61413565899865,164.491603476464
"18005","Bartholomew County, Indiana",2012,1,0.583333333333333,4.58275374144964,185.2721853998
"18005","Bartholomew County, Indiana",2013,1,0.583333333333333,4.61915607683662,167.374361730718
"18005","Bartholomew County, Indiana",2014,1,0.583333333333333,4.62318899819862,167.939891497135
"18005","Bartholomew County, Indiana",2015,1,0.583333333333333,4.61629274211562,169.962151815943
"18005","Bartholomew County, Indiana",2016,1,0.583333333333333,4.60592504931252,174.226674450947
"18005","Bartholomew County, Indiana",2017,1,0.583333333333333,4.4422268211897,183.892539892306
"18005","Bartholomew County, Indiana",2018,1,0.583333333333333,4.42122258948145,188.141072247514
"18005","Bartholomew County, Indiana",2019,1,0.583333333333333,4.42258989698657,189.909531080946
"18005","Bartholomew County, Indiana",2020,1,0.583333333333333,4.42259442033254,187.590594162957
"18005","Bartholomew County, Indiana",2021,1,0.583333333333333,4.41779006161506,185.323930909063
"18005","Bartholomew County, Indiana",2022,1,0.583333333333333,4.37864948159323,191.609364135054
"18011","Boone County, Indiana",2012,1,0.464285714285714,4.56517270114416,173.336015303651
"18011","Boone County, Indiana",2013,1,0.464285714285714,4.58211585948666,166.681379354621
"18011","Boone County, Indiana",2014,1,0.464285714285714,4.54767586858378,174.174480768184
"18011","Boone County, Indiana",2015,1,0.464285714285714,4.57226027182982,168.43919633549
"18011","Boone County, Indiana",2016,1,0.464285714285714,4.56567229586464,173.459851677404
"18011","Boone County, Indiana",2017,1,0.464285714285714,4.31401168178076,200.276188906935
"18011","Boone County, Indiana",2018,1,0.464285714285714,4.29082743335352,203.413047836126
"18011","Boone County, Indiana",2019,1,0.464285714285714,4.29437299051903,205.897045188278
"18011","Boone County, Indiana",2020,1,0.464285714285714,4.3394707937985,192.892111276437
"18011","Boone County, Indiana",2021,1,0.464285714285714,4.31581371655621,196.104145210298
"18011","Boone County, Indiana",2022,1,0.464285714285714,4.3410546164487,188.84546497577
"18057","Hamilton County, Indiana",2012,1,0.333333333333333,4.51070494640853,177.872020477705
"18057","Hamilton County, Indiana",2013,1,0.333333333333333,4.50339809304909,179.638504840873
"18057","Hamilton County, Indiana",2014,1,0.333333333333333,4.49266169201249,183.613562157427
"18057","Hamilton County, Indiana",2015,1,0.333333333333333,4.47294193340331,188.553143059534
"18057","Hamilton County, Indiana",2016,1,0.333333333333333,4.46672182537061,192.49208465238
"18057","Hamilton County, Indiana",2017,1,0.333333333333333,4.41519949488657,197.960010618118
"18057","Hamilton County, Indiana",2018,1,0.333333333333333,4.40310768471154,200.808967887596
"18057","Hamilton County, Indiana",2019,1,0.333333333333333,4.39921078658156,202.399238592473
"18057","Hamilton County, Indiana",2020,1,0.333333333333333,4.39131615127449,203.500278729394
"18057","Hamilton County, Indiana",2021,1,0.333333333333333,4.38906706180094,204.543627167875
"18057","Hamilton County, Indiana",2022,1,0.333333333333333,4.38670197445016,205.082110422156
"18063","Hendricks County, Indiana",2012,1,0.27027027027027,4.50880112754568,191.817957537642
"18063","Hendricks County, Indiana",2013,1,0.27027027027027,4.51731844636998,190.585404665611
"18063","Hendricks County, Indiana",2014,1,0.27027027027027,4.50592305176734,192.767373298349
"18063","Hendricks County, Indiana",2015,1,0.27027027027027,4.49914763247583,192.25913880117
"18063","Hendricks County, Indiana",2016,1,0.27027027027027,4.49784731208588,192.988763192937
"18063","Hendricks County, Indiana",2017,1,0.27027027027027,4.394996762209,203.06091749886
"18063","Hendricks County, Indiana",2018,1,0.27027027027027,4.39038373284051,207.010161899701
"18063","Hendricks County, Indiana",2019,1,0.27027027027027,4.38966276007322,205.780127030076
"18063","Hendricks County, Indiana",2020,1,0.27027027027027,4.37210345433313,210.249307479224
"18063","Hendricks County, Indiana",2021,1,0.27027027027027,4.36422445743715,210.945082889139
"18063","Hendricks County, Indiana",2022,1,0.27027027027027,4.37631594420308,208.60407356742
"18085","Kosciusko County, Indiana",2012,1,0.465116279069767,4.674563791762,161.78435783712
"18085","Kosciusko County, Indiana",2013,1,0.465116279069767,4.66620232644438,162.736128816748
"18085","Kosciusko County, Indiana",2014,1,0.465116279069767,4.6685975346094,165.108704104072
"18085","Kosciusko County, Indiana",2015,1,0.465116279069767,4.65197110181127,168.595568464789
"18085","Kosciusko County, Indiana",2016,1,0.465116279069767,4.6481474085063,172.103104478684
"18085","Kosciusko County, Indiana",2017,1,0.465116279069767,4.46333795479401,190.636501517254
"18085","Kosciusko County, Indiana",2018,1,0.465116279069767,4.47662422089027,187.37383772368
"18085","Kosciusko County, Indiana",2019,1,0.465116279069767,4.47464561761977,182.817224857371
"18085","Kosciusko County, Indiana",2020,1,0.465116279069767,4.49065928774661,179.381024578823
"18085","Kosciusko County, Indiana",2021,1,0.465116279069767,4.45802910717165,188.572548360908
"18085","Kosciusko County, Indiana",2022,1,0.465116279069767,4.45315360503812,190.373992555153
"18097","Marion County, Indiana",2012,1,0.188870151770658,4.70100357537822,151.881166892263
"18097","Marion County, Indiana",2013,1,0.188870151770658,4.69327220278882,154.568128793077
"18097","Marion County, Indiana",2014,1,0.188870151770658,4.68701099429175,156.320067728251
"18097","Marion County, Indiana",2015,1,0.188870151770658,4.67302728641111,159.609782180692
"18097","Marion County, Indiana",2016,1,0.188870151770658,4.6698305766384,160.484233686625
"18097","Marion County, Indiana",2017,1,0.188870151770658,4.64403044409142,165.133457212107
"18097","Marion County, Indiana",2018,1,0.188870151770658,4.63378575202917,165.506696207183
"18097","Marion County, Indiana",2019,1,0.188870151770658,4.62566304110471,166.335176951131
"18097","Marion County, Indiana",2020,1,0.188870151770658,4.63469676570046,162.882054189976
"18097","Marion County, Indiana",2021,1,0.188870151770658,4.62744113160037,164.531173156649
"18097","Marion County, Indiana",2022,1,0.188870151770658,4.61400969153515,167.155750925016
"18157","Tippecanoe County, Indiana",2012,1,0.380952380952381,4.56173563652567,192.197632649037
"18157","Tippecanoe County, Indiana",2013,1,0.380952380952381,4.56974463017577,189.89332286403
"18157","Tippecanoe County, Indiana",2014,1,0.380952380952381,4.58092529587509,189.383502083611
"18157","Tippecanoe County, Indiana",2015,1,0.380952380952381,4.56513177815095,193.907165859772
"18157","Tippecanoe County, Indiana",2016,1,0.380952380952381,4.55617359333627,197.40290601656
"18157","Tippecanoe County, Indiana",2017,1,0.380952380952381,4.43782741607856,208.522624736169
"18157","Tippecanoe County, Indiana",2018,1,0.380952380952381,4.41437245073831,218.095685152577
"18157","Tippecanoe County, Indiana",2019,1,0.380952380952381,4.4210885728512,221.266433279667
"18157","Tippecanoe County, Indiana",2020,1,0.380952380952381,4.43259440560418,210.666021659748
"18157","Tippecanoe County, Indiana",2021,1,0.380952380952381,4.43490701452664,207.776165610137
"18157","Tippecanoe County, Indiana",2022,1,0.380952380952381,4.41470642541632,214.289714148752
"19049","Dallas County, Iowa",2012,1,0.163461538461538,4.43103970867494,185.821835183897
"19049","Dallas County, Iowa",2013,1,0.163461538461538,4.42632069903889,187.259192200368
"19049","Dallas County, Iowa",2014,1,0.163461538461538,4.41477740697339,189.992252066116
"19049","Dallas County, Iowa",2015,1,0.163461538461538,4.38045636498347,196.084144280636
"19049","Dallas County, Iowa",2016,1,0.163461538461538,4.38763560767201,191.661852940308
"19049","Dallas County, Iowa",2017,1,0.163461538461538,4.21033813651272,208.918482773097
"19049","Dallas County, Iowa",2018,1,0.163461538461538,4.17420553553025,217.237135355635
"19049","Dallas County, Iowa",2019,1,0.163461538461538,4.16383181094759,221.998216426176
"19049","Dallas County, Iowa",2020,1,0.163461538461538,4.17621315489131,217.364370172987
"19049","Dallas County, Iowa",2021,1,0.163461538461538,4.17645014018333,219.098532297415
"19049","Dallas County, Iowa",2022,1,0.163461538461538,4.19353058721168,217.880442442069
"19113","Linn County, Iowa",2012,1,0.503759398496241,4.66130477391069,155.749859462656
"19113","Linn County, Iowa",2013,1,0.503759398496241,4.67700768575077,153.263163627946
"19113","Linn County, Iowa",2014,1,0.503759398496241,4.65886698095974,157.154937667459
"19113","Linn County, Iowa",2015,1,0.503759398496241,4.65437329222585,157.862804643828
"19113","Linn County, Iowa",2016,1,0.503759398496241,4.64605586097283,159.245610517513
"19113","Linn County, Iowa",2017,1,0.503759398496241,4.57992675351609,165.326145546924
"19113","Linn County, Iowa",2018,1,0.503759398496241,4.56997966935317,168.320561316722
"19113","Linn County, Iowa",2019,1,0.503759398496241,4.57633865185119,168.055710354754
"19113","Linn County, Iowa",2020,1,0.503759398496241,4.5727539551441,165.839143310179
"19113","Linn County, Iowa",2021,1,0.503759398496241,4.56771683503291,168.02854129391
"19113","Linn County, Iowa",2022,1,0.503759398496241,4.56175686433201,168.323477875598
"19153","Polk County, Iowa",2012,1,0.251633986928105,4.6369254641586,157.170837924921
"19153","Polk County, Iowa",2013,1,0.251633986928105,4.63158546473983,157.909975901986
"19153","Polk County, Iowa",2014,1,0.251633986928105,4.63358797115203,157.22718156896
"19153","Polk County, Iowa",2015,1,0.251633986928105,4.62411080628927,158.100932024147
"19153","Polk County, Iowa",2016,1,0.251633986928105,4.61301339850256,160.724415249309
"19153","Polk County, Iowa",2017,1,0.251633986928105,4.58188348039646,162.03131139412
"19153","Polk County, Iowa",2018,1,0.251633986928105,4.5788812558869,162.58694899841
"19153","Polk County, Iowa",2019,1,0.251633986928105,4.57347683892972,162.254083634893
"19153","Polk County, Iowa",2020,1,0.251633986928105,4.57395414704051,161.561700752197
"19153","Polk County, Iowa",2021,1,0.251633986928105,4.56561168594689,163.111660855721
"19153","Polk County, Iowa",2022,1,0.251633986928105,4.55704989034672,165.350965409324
"19169","Story County, Iowa",2012,1,0.043956043956044,4.56781515121135,174.09791196051
"19169","Story County, Iowa",2013,1,0.043956043956044,4.58439236030621,170.996367319375
"19169","Story County, Iowa",2014,1,0.043956043956044,4.57938001159439,172.239329534452
"19169","Story County, Iowa",2015,1,0.043956043956044,4.58188636363405,170.881723780077
"19169","Story County, Iowa",2016,1,0.043956043956044,4.57116867313224,173.369119319715
"19169","Story County, Iowa",2017,1,0.043956043956044,4.41185387484795,190.898093992849
"19169","Story County, Iowa",2018,1,0.043956043956044,4.38223594927637,191.977382675878
"19169","Story County, Iowa",2019,1,0.043956043956044,4.39291341866782,190.533037154535
"19169","Story County, Iowa",2020,1,0.043956043956044,4.39853641552519,187.738175836727
"19169","Story County, Iowa",2021,1,0.043956043956044,4.37741096867286,192.467773980911
"19169","Story County, Iowa",2022,1,0.043956043956044,4.34175824702632,206.859767772989
"20091","Johnson County, Kansas",2012,1,0.240601503759398,4.57311836400707,163.022386198157
"20091","Johnson County, Kansas",2013,1,0.240601503759398,4.56294510172716,165.693907726532
"20091","Johnson County, Kansas",2014,1,0.240601503759398,4.56227087149919,165.582889292147
"20091","Johnson County, Kansas",2015,1,0.240601503759398,4.55789361720571,166.102628138933
"20091","Johnson County, Kansas",2016,1,0.240601503759398,4.54965332083593,166.335064188025
"20091","Johnson County, Kansas",2017,1,0.240601503759398,4.50712376067809,172.611084634157
"20091","Johnson County, Kansas",2018,1,0.240601503759398,4.49694552282841,174.06364492227
"20091","Johnson County, Kansas",2019,1,0.240601503759398,4.49647705148265,174.338006297888
"20091","Johnson County, Kansas",2020,1,0.240601503759398,4.49208083397759,174.44477731291
"20091","Johnson County, Kansas",2021,1,0.240601503759398,4.484458754857,175.964267127792
"20091","Johnson County, Kansas",2022,1,0.240601503759398,4.46940116113792,180.579604584559
"20173","Sedgwick County, Kansas",2012,1,0.441176470588235,4.66148299056076,161.625492706588
"20173","Sedgwick County, Kansas",2013,1,0.441176470588235,4.65322695299871,164.149852494771
"20173","Sedgwick County, Kansas",2014,1,0.441176470588235,4.650595575524,163.956040593841
"20173","Sedgwick County, Kansas",2015,1,0.441176470588235,4.63967804968089,167.421343231821
"20173","Sedgwick County, Kansas",2016,1,0.441176470588235,4.63510496666456,168.843951256537
"20173","Sedgwick County, Kansas",2017,1,0.441176470588235,4.59639007836844,172.170096021948
"20173","Sedgwick County, Kansas",2018,1,0.441176470588235,4.58524400809317,174.36494629493
"20173","Sedgwick County, Kansas",2019,1,0.441176470588235,4.58768314157907,173.58236571961
"20173","Sedgwick County, Kansas",2020,1,0.441176470588235,4.57658339796952,176.897864924103
"20173","Sedgwick County, Kansas",2021,1,0.441176470588235,4.57389399018261,177.442013344232
"20173","Sedgwick County, Kansas",2022,1,0.441176470588235,4.56671235419007,181.043391943869
"20177","Shawnee County, Kansas",2012,1,0.4,4.5844616154163,163.761234012767
"20177","Shawnee County, Kansas",2013,1,0.4,4.5916220945402,163.479119106325
"20177","Shawnee County, Kansas",2014,1,0.4,4.59675687668394,161.416188967286
"20177","Shawnee County, Kansas",2015,1,0.4,4.59972686443618,160.903841330201
"20177","Shawnee County, Kansas",2016,1,0.4,4.60101774583195,165.36306163898
"20177","Shawnee County, Kansas",2017,1,0.4,4.52465914319556,167.205165263187
"20177","Shawnee County, Kansas",2018,1,0.4,4.51396355205289,169.664879069749
"20177","Shawnee County, Kansas",2019,1,0.4,4.51088571258523,171.650975099269
"20177","Shawnee County, Kansas",2020,1,0.4,4.5119263759913,170.165322733934
"20177","Shawnee County, Kansas",2021,1,0.4,4.49329896287299,172.503556162342
"20177","Shawnee County, Kansas",2022,1,0.4,4.43218406392817,192.423360170983
"21015","Boone County, Kentucky",2012,1,0.153846153846154,4.65905777233598,164.83205849768
"21015","Boone County, Kentucky",2013,1,0.153846153846154,4.65631449867501,167.653454317932
"21015","Boone County, Kentucky",2014,1,0.153846153846154,4.66422615057195,165.890300033156
"21015","Boone County, Kentucky",2015,1,0.153846153846154,4.66266896498829,167.332271911459
"21015","Boone County, Kentucky",2016,1,0.153846153846154,4.66565074763586,165.438585599613
"21015","Boone County, Kentucky",2017,1,0.153846153846154,4.52023739789724,177.779467519239
"21015","Boone County, Kentucky",2018,1,0.153846153846154,4.51418999381058,181.882820903621
"21015","Boone County, Kentucky",2019,1,0.153846153846154,4.49937879024481,181.750800403491
"21015","Boone County, Kentucky",2020,1,0.153846153846154,4.50587420298939,179.897223961604
"21015","Boone County, Kentucky",2021,1,0.153846153846154,4.51013614589075,181.544798860174
"21015","Boone County, Kentucky",2022,1,0.153846153846154,4.50773408178982,180.275116280713
"21029","Bullitt County, Kentucky",2012,1,0.263157894736842,4.35732951817354,204.842324775659
"21029","Bullitt County, Kentucky",2013,1,0.263157894736842,4.35289335225116,203.125617617886
"21029","Bullitt County, Kentucky",2014,1,0.263157894736842,4.35843237177229,201.306490151816
"21029","Bullitt County, Kentucky",2015,1,0.263157894736842,4.34993505008693,199.910777371058
"21029","Bullitt County, Kentucky",2016,1,0.263157894736842,4.36260313327117,197.388285024155
"21029","Bullitt County, Kentucky",2017,1,0.263157894736842,4.10752006312384,232.668036318313
"21029","Bullitt County, Kentucky",2018,1,0.263157894736842,4.07850523240103,235.857865128039
"21029","Bullitt County, Kentucky",2019,1,0.263157894736842,4.08042508113835,236.04197060964
"21029","Bullitt County, Kentucky",2020,1,0.263157894736842,4.09506237182317,237.975121687399
"21029","Bullitt County, Kentucky",2021,1,0.263157894736842,4.1238043096876,235.184661313584
"21029","Bullitt County, Kentucky",2022,1,0.263157894736842,4.14765054760862,221.777415084003
"21067","Fayette County, Kentucky",2012,1,0.40625,4.62277220390098,168.918490027408
"21067","Fayette County, Kentucky",2013,1,0.40625,4.61307377119484,170.749754473168
"21067","Fayette County, Kentucky",2014,1,0.40625,4.60546486335224,173.429552072681
"21067","Fayette County, Kentucky",2015,1,0.40625,4.60359187536407,172.427273718242
"21067","Fayette County, Kentucky",2016,1,0.40625,4.60498590274435,171.740168807714
"21067","Fayette County, Kentucky",2017,1,0.40625,4.55025878689794,177.554824990291
"21067","Fayette County, Kentucky",2018,1,0.40625,4.54664401557265,177.091471904334
"21067","Fayette County, Kentucky",2019,1,0.40625,4.55652864789459,174.386064637468
"21067","Fayette County, Kentucky",2020,1,0.40625,4.55735987516341,172.065955969868
"21067","Fayette County, Kentucky",2021,1,0.40625,4.55474391240768,172.950658736724
"21067","Fayette County, Kentucky",2022,1,0.40625,4.54790437219624,173.869802266853
"21111","Jefferson County, Kentucky",2012,1,0.233333333333333,4.66950002960048,159.402986970628
"21111","Jefferson County, Kentucky",2013,1,0.233333333333333,4.66526815857277,160.37290083276
"21111","Jefferson County, Kentucky",2014,1,0.233333333333333,4.65955587268819,160.452080777439
"21111","Jefferson County, Kentucky",2015,1,0.233333333333333,4.65343301675936,162.755105168872
"21111","Jefferson County, Kentucky",2016,1,0.233333333333333,4.65239903296437,163.359385554846
"21111","Jefferson County, Kentucky",2017,1,0.233333333333333,4.61793445561693,169.330138506126
"21111","Jefferson County, Kentucky",2018,1,0.233333333333333,4.60842485562424,169.597200621561
"21111","Jefferson County, Kentucky",2019,1,0.233333333333333,4.61262569950602,169.012987057276
"21111","Jefferson County, Kentucky",2020,1,0.233333333333333,4.60377111551691,169.07547816923
"21111","Jefferson County, Kentucky",2021,1,0.233333333333333,4.59680231209499,168.912165139038
"21111","Jefferson County, Kentucky",2022,1,0.233333333333333,4.60478572924275,167.453012353399
"21117","Kenton County, Kentucky",2012,1,0.27027027027027,4.56177555904979,173.267714780107
"21117","Kenton County, Kentucky",2013,1,0.27027027027027,4.54554299007172,178.691319802484
"21117","Kenton County, Kentucky",2014,1,0.27027027027027,4.53680712661854,179.713312608091
"21117","Kenton County, Kentucky",2015,1,0.27027027027027,4.55967655326797,173.689911894232
"21117","Kenton County, Kentucky",2016,1,0.27027027027027,4.55540906587521,175.194965246671
"21117","Kenton County, Kentucky",2017,1,0.27027027027027,4.45147262240809,181.873362666915
"21117","Kenton County, Kentucky",2018,1,0.27027027027027,4.42494427784217,187.930800155709
"21117","Kenton County, Kentucky",2019,1,0.27027027027027,4.43134217168899,187.932197672457
"21117","Kenton County, Kentucky",2020,1,0.27027027027027,4.40822908126859,195.119654839455
"21117","Kenton County, Kentucky",2021,1,0.27027027027027,4.4055195517627,193.624563983757
"21117","Kenton County, Kentucky",2022,1,0.27027027027027,4.39605774546182,197.590387523911
"22033","East Baton Rouge Parish, Louisiana",2012,1,0.276315789473684,4.62256327641653,160.661676022981
"22033","East Baton Rouge Parish, Louisiana",2013,1,0.276315789473684,4.61953343729115,162.968541165679
"22033","East Baton Rouge Parish, Louisiana",2014,1,0.276315789473684,4.61670673995359,163.933210170928
"22033","East Baton Rouge Parish, Louisiana",2015,1,0.276315789473684,4.60542410314393,166.274119555245
"22033","East Baton Rouge Parish, Louisiana",2016,1,0.276315789473684,4.60419206234167,166.317314259528
"22033","East Baton Rouge Parish, Louisiana",2017,1,0.276315789473684,4.56169697441582,169.624925942081
"22033","East Baton Rouge Parish, Louisiana",2018,1,0.276315789473684,4.55072852541074,173.396943545131
"22033","East Baton Rouge Parish, Louisiana",2019,1,0.276315789473684,4.54987106874489,174.97782886406
"22033","East Baton Rouge Parish, Louisiana",2020,1,0.276315789473684,4.54598714557993,175.379769289248
"22033","East Baton Rouge Parish, Louisiana",2021,1,0.276315789473684,4.54978116799126,172.628207127801
"22033","East Baton Rouge Parish, Louisiana",2022,1,0.276315789473684,4.54336325725804,176.148043565996
"22049","Jackson Parish, Louisiana",2012,1,0.0408163265306122,4.01951179906577,284.883336638244
"22049","Jackson Parish, Louisiana",2013,1,0.0408163265306122,4.01106599603529,287.893039505509
"22049","Jackson Parish, Louisiana",2014,1,0.0408163265306122,4.04153807076863,271.455576559546
"22049","Jackson Parish, Louisiana",2015,1,0.0408163265306122,4.03711973036831,278.655558747486
"22049","Jackson Parish, Louisiana",2016,1,0.0408163265306122,3.99492014575389,281.25
"22049","Jackson Parish, Louisiana",2017,1,0.0408163265306122,3.10237172683299,579.705302549367
"22049","Jackson Parish, Louisiana",2018,1,0.0408163265306122,2.98526658254192,640.955004591368
"22049","Jackson Parish, Louisiana",2019,1,0.0408163265306122,3.06139812493636,590.277777777778
"22049","Jackson Parish, Louisiana",2020,1,0.0408163265306122,2.91988375325447,666.666666666667
"22049","Jackson Parish, Louisiana",2021,1,0.0408163265306122,3.06224665750626,598.072562358277
"22049","Jackson Parish, Louisiana",2022,1,0.0408163265306122,3.05880901596664,591.989673347915
"22051","Jefferson Parish, Louisiana",2012,1,0.147058823529412,4.6225256985707,166.683965206666
"22051","Jefferson Parish, Louisiana",2013,1,0.147058823529412,4.61273507417989,169.541573670599
"22051","Jefferson Parish, Louisiana",2014,1,0.147058823529412,4.6064136008349,170.573200117696
"22051","Jefferson Parish, Louisiana",2015,1,0.147058823529412,4.60875436947676,170.504266280723
"22051","Jefferson Parish, Louisiana",2016,1,0.147058823529412,4.61032488088067,170.061332950302
"22051","Jefferson Parish, Louisiana",2017,1,0.147058823529412,4.56332789241416,176.099611993073
"22051","Jefferson Parish, Louisiana",2018,1,0.147058823529412,4.54792942823108,179.693985373209
"22051","Jefferson Parish, Louisiana",2019,1,0.147058823529412,4.55139950175342,179.897128631653
"22051","Jefferson Parish, Louisiana",2020,1,0.147058823529412,4.54430954119792,181.247180993559
"22051","Jefferson Parish, Louisiana",2021,1,0.147058823529412,4.54361007378617,181.288392970453
"22051","Jefferson Parish, Louisiana",2022,1,0.147058823529412,4.53755432241999,183.144758615198
"22061","Lincoln Parish, Louisiana",2012,1,0.0408163265306122,4.53297334954025,180.834294502115
"22061","Lincoln Parish, Louisiana",2013,1,0.0408163265306122,4.50770666960975,184.532505035308
"22061","Lincoln Parish, Louisiana",2014,1,0.0408163265306122,4.50558223793778,186.254379906456
"22061","Lincoln Parish, Louisiana",2015,1,0.0408163265306122,4.52550299325507,178.529805955364
"22061","Lincoln Parish, Louisiana",2016,1,0.0408163265306122,4.52256358341444,177.894071817538
"22061","Lincoln Parish, Louisiana",2017,1,0.0408163265306122,4.22252695479145,215.810066506881
"22061","Lincoln Parish, Louisiana",2018,1,0.0408163265306122,4.20849198419835,218.555935526724
"22061","Lincoln Parish, Louisiana",2019,1,0.0408163265306122,4.18686249123897,226.244067444539
"22061","Lincoln Parish, Louisiana",2020,1,0.0408163265306122,4.1961882609484,223.962270093222
"22061","Lincoln Parish, Louisiana",2021,1,0.0408163265306122,4.20661829562148,222.509794156857
"22061","Lincoln Parish, Louisiana",2022,1,0.0408163265306122,4.17982044087145,228.43137864533
"22071","Orleans Parish, Louisiana",2012,1,0.555555555555556,4.45942640857082,242.51916151509
"22071","Orleans Parish, Louisiana",2013,1,0.555555555555556,4.443361973241,250.46787287183
"22071","Orleans Parish, Louisiana",2014,1,0.555555555555556,4.44641821375628,248.413877079904
"22071","Orleans Parish, Louisiana",2015,1,0.555555555555556,4.44361639858636,249.738074161295
"22071","Orleans Parish, Louisiana",2016,1,0.555555555555556,4.44953977862526,244.637937475278
"22071","Orleans Parish, Louisiana",2017,1,0.555555555555556,4.40931402871414,256.793635563712
"22071","Orleans Parish, Louisiana",2018,1,0.555555555555556,4.38900725700448,264.895497933599
"22071","Orleans Parish, Louisiana",2019,1,0.555555555555556,4.38460419946929,266.449624573958
"22071","Orleans Parish, Louisiana",2020,1,0.555555555555556,4.37979962603414,269.00305003655
"22071","Orleans Parish, Louisiana",2021,1,0.555555555555556,4.39309558270166,256.060753999246
"22071","Orleans Parish, Louisiana",2022,1,0.555555555555556,4.37662699080507,261.655496923136
"22111","Union Parish, Louisiana",2012,1,0.0408163265306122,4.06870412662554,272.817139531231
"22111","Union Parish, Louisiana",2013,1,0.0408163265306122,4.08788872055092,258.760209266438
"22111","Union Parish, Louisiana",2014,1,0.0408163265306122,4.13575307991003,240.687836000036
"22111","Union Parish, Louisiana",2015,1,0.0408163265306122,4.15444440042978,243.285883323174
"22111","Union Parish, Louisiana",2016,1,0.0408163265306122,4.0968357253746,257.694058331291
"22111","Union Parish, Louisiana",2017,1,0.0408163265306122,3.48669197562089,393.057958477509
"22111","Union Parish, Louisiana",2018,1,0.0408163265306122,3.50192181520958,377.484149395279
"22111","Union Parish, Louisiana",2019,1,0.0408163265306122,3.48431288043036,389.157024793388
"22111","Union Parish, Louisiana",2020,1,0.0408163265306122,3.567515726387,355.830443558822
"22111","Union Parish, Louisiana",2021,1,0.0408163265306122,3.50809852858066,372.820835958832
"22111","Union Parish, Louisiana",2022,1,0.0408163265306122,3.51457737357348,364.269050815207
"23005","Cumberland County, Maine",2012,1,0.645161290322581,4.66473629517414,158.59287127866
"23005","Cumberland County, Maine",2013,1,0.645161290322581,4.65930411783488,161.740795294351
"23005","Cumberland County, Maine",2014,1,0.645161290322581,4.65679619809039,161.823509152697
"23005","Cumberland County, Maine",2015,1,0.645161290322581,4.64936611738803,163.348129031831
"23005","Cumberland County, Maine",2016,1,0.645161290322581,4.65296516103246,162.033940741966
"23005","Cumberland County, Maine",2017,1,0.645161290322581,4.59677113340778,167.818249951163
"23005","Cumberland County, Maine",2018,1,0.645161290322581,4.59598674849483,168.597758111756
"23005","Cumberland County, Maine",2019,1,0.645161290322581,4.59845136419123,168.803054689795
"23005","Cumberland County, Maine",2020,1,0.645161290322581,4.59414263870223,168.035888187026
"23005","Cumberland County, Maine",2021,1,0.645161290322581,4.58299508698506,170.304292807105
"23005","Cumberland County, Maine",2022,1,0.645161290322581,4.57815326474941,172.434619699594
"24003","Anne Arundel County, Maryland",2012,1,0.372413793103448,4.54533446025527,179.563244407558
"24003","Anne Arundel County, Maryland",2013,1,0.372413793103448,4.53160794463635,183.498142762891
"24003","Anne Arundel County, Maryland",2014,1,0.372413793103448,4.52408783070233,185.646087767093
"24003","Anne Arundel County, Maryland",2015,1,0.372413793103448,4.51232760661845,190.210875255409
"24003","Anne Arundel County, Maryland",2016,1,0.372413793103448,4.50347710795035,192.628128103264
"24003","Anne Arundel County, Maryland",2017,1,0.372413793103448,4.45742582942577,198.01522372722
"24003","Anne Arundel County, Maryland",2018,1,0.372413793103448,4.45867612912809,198.231608908082
"24003","Anne Arundel County, Maryland",2019,1,0.372413793103448,4.4673480106688,196.650501487154
"24003","Anne Arundel County, Maryland",2020,1,0.372413793103448,4.46348243823794,198.239181319412
"24003","Anne Arundel County, Maryland",2021,1,0.372413793103448,4.47414612007498,196.460326610498
"24003","Anne Arundel County, Maryland",2022,1,0.372413793103448,4.48099283559309,192.11052237024
"24005","Baltimore County, Maryland",2012,1,0.224852071005917,4.55435406894618,174.016823585303
"24005","Baltimore County, Maryland",2013,1,0.224852071005917,4.54274970782363,176.358688921906
"24005","Baltimore County, Maryland",2014,1,0.224852071005917,4.54169372637084,175.670408356252
"24005","Baltimore County, Maryland",2015,1,0.224852071005917,4.53843851562756,176.192631288905
"24005","Baltimore County, Maryland",2016,1,0.224852071005917,4.53035729446544,177.752527231903
"24005","Baltimore County, Maryland",2017,1,0.224852071005917,4.50698360501321,178.027184162756
"24005","Baltimore County, Maryland",2018,1,0.224852071005917,4.50863992958416,178.241725102763
"24005","Baltimore County, Maryland",2019,1,0.224852071005917,4.50321545053916,179.059153749498
"24005","Baltimore County, Maryland",2020,1,0.224852071005917,4.49809651986742,179.039398384512
"24005","Baltimore County, Maryland",2021,1,0.224852071005917,4.50185673801925,177.871666511982
"24005","Baltimore County, Maryland",2022,1,0.224852071005917,4.5102568139934,176.998691997286
"24021","Frederick County, Maryland",2012,1,0.354166666666667,4.49307023295382,186.523201638709
"24021","Frederick County, Maryland",2013,1,0.354166666666667,4.48285976073436,188.628148645957
"24021","Frederick County, Maryland",2014,1,0.354166666666667,4.48893356878811,185.616344010285
"24021","Frederick County, Maryland",2015,1,0.354166666666667,4.48186851111407,189.109623228125
"24021","Frederick County, Maryland",2016,1,0.354166666666667,4.49292886968063,187.045381725964
"24021","Frederick County, Maryland",2017,1,0.354166666666667,4.41533347164965,194.607868274819
"24021","Frederick County, Maryland",2018,1,0.354166666666667,4.41101125106769,195.421630562461
"24021","Frederick County, Maryland",2019,1,0.354166666666667,4.40959422374433,195.336638244431
"24021","Frederick County, Maryland",2020,1,0.354166666666667,4.40898191902731,193.006682896023
"24021","Frederick County, Maryland",2021,1,0.354166666666667,4.41674309567737,190.47377121217
"24021","Frederick County, Maryland",2022,1,0.354166666666667,4.42032234103822,193.579653125538
"24027","Howard County, Maryland",2012,1,0.255555555555556,4.46538400938624,207.796767346939
"24027","Howard County, Maryland",2013,1,0.255555555555556,4.45280307574938,213.200545216943
"24027","Howard County, Maryland",2014,1,0.255555555555556,4.43576466300368,221.239375694694
"24027","Howard County, Maryland",2015,1,0.255555555555556,4.42400183261851,224.88711014359
"24027","Howard County, Maryland",2016,1,0.255555555555556,4.41705370325062,228.089008423756
"24027","Howard County, Maryland",2017,1,0.255555555555556,4.35457124518177,241.147475241157
"24027","Howard County, Maryland",2018,1,0.255555555555556,4.33990796990167,242.840057510823
"24027","Howard County, Maryland",2019,1,0.255555555555556,4.33686179229224,245.270009207137
"24027","Howard County, Maryland",2020,1,0.255555555555556,4.33049984110699,246.59042495957
"24027","Howard County, Maryland",2021,1,0.255555555555556,4.32433493207069,247.691319055194
"24027","Howard County, Maryland",2022,1,0.255555555555556,4.32397336559582,252.565048909239
"24031","Montgomery County, Maryland",2012,1,0.30371307046787,4.38829018007472,208.49344431608
"24031","Montgomery County, Maryland",2013,1,0.30371307046787,4.38519013671944,209.856962866557
"24031","Montgomery County, Maryland",2014,1,0.30371307046787,4.38553995255804,209.137371980352
"24031","Montgomery County, Maryland",2015,1,0.30371307046787,4.38350876877239,209.672975174028
"24031","Montgomery County, Maryland",2016,1,0.30371307046787,4.37585661731014,211.387536281303
"24031","Montgomery County, Maryland",2017,1,0.30371307046787,4.34687456616057,214.937754920444
"24031","Montgomery County, Maryland",2018,1,0.30371307046787,4.34767525949528,214.193519960569
"24031","Montgomery County, Maryland",2019,1,0.30371307046787,4.33988418138438,216.213984499706
"24031","Montgomery County, Maryland",2020,1,0.30371307046787,4.3391701608891,216.513681567071
"24031","Montgomery County, Maryland",2021,1,0.30371307046787,4.3462375930336,212.65867528876
"24031","Montgomery County, Maryland",2022,1,0.30371307046787,4.34643003455001,212.930059104867
"24033","Prince George's County, Maryland",2012,1,0.351485148514851,4.49270067283534,192.258788344064
"24033","Prince George's County, Maryland",2013,1,0.351485148514851,4.47919105346407,197.022689320039
"24033","Prince George's County, Maryland",2014,1,0.351485148514851,4.4754428599858,197.108083055402
"24033","Prince George's County, Maryland",2015,1,0.351485148514851,4.48423012526721,193.590896371834
"24033","Prince George's County, Maryland",2016,1,0.351485148514851,4.4769495506846,195.383038992367
"24033","Prince George's County, Maryland",2017,1,0.351485148514851,4.42011097148221,203.834920729509
"24033","Prince George's County, Maryland",2018,1,0.351485148514851,4.42223370456221,203.112411164674
"24033","Prince George's County, Maryland",2019,1,0.351485148514851,4.41546806799589,206.891215980554
"24033","Prince George's County, Maryland",2020,1,0.351485148514851,4.41849517820112,202.945076484864
"24033","Prince George's County, Maryland",2021,1,0.351485148514851,4.42331599758851,199.150859804651
"24033","Prince George's County, Maryland",2022,1,0.351485148514851,4.43093417977848,198.90168549652
"24510","Baltimore city, Maryland",2012,1,0.273381294964029,4.5659451890945,206.752513550856
"24510","Baltimore city, Maryland",2013,1,0.273381294964029,4.56846880944383,204.973634786493
"24510","Baltimore city, Maryland",2014,1,0.273381294964029,4.56085748591062,204.339489039863
"24510","Baltimore city, Maryland",2015,1,0.273381294964029,4.54582054425429,209.737668994314
"24510","Baltimore city, Maryland",2016,1,0.273381294964029,4.54466125746826,208.337206100589
"24510","Baltimore city, Maryland",2017,1,0.273381294964029,4.5005983192738,217.727488779736
"24510","Baltimore city, Maryland",2018,1,0.273381294964029,4.50392774892856,215.647361243893
"24510","Baltimore city, Maryland",2019,1,0.273381294964029,4.50016158669481,218.02926053473
"24510","Baltimore city, Maryland",2020,1,0.273381294964029,4.50997782084284,210.210806759119
"24510","Baltimore city, Maryland",2021,1,0.273381294964029,4.52023020171413,204.997425698355
"24510","Baltimore city, Maryland",2022,1,0.273381294964029,4.52640881305784,207.271841797403
"25005","Bristol County, Massachusetts",2012,1,0.407894736842105,4.63487393325259,176.952312728059
"25005","Bristol County, Massachusetts",2013,1,0.407894736842105,4.62536614735089,180.755183367877
"25005","Bristol County, Massachusetts",2014,1,0.407894736842105,4.62197053889433,182.274415482113
"25005","Bristol County, Massachusetts",2015,1,0.407894736842105,4.6153707001094,181.8438225963
"25005","Bristol County, Massachusetts",2016,1,0.407894736842105,4.61195164538878,182.306572815177
"25005","Bristol County, Massachusetts",2017,1,0.407894736842105,4.56596202761586,189.780115136762
"25005","Bristol County, Massachusetts",2018,1,0.407894736842105,4.56099678397637,189.756067395836
"25005","Bristol County, Massachusetts",2019,1,0.407894736842105,4.56143659826691,189.848221644596
"25005","Bristol County, Massachusetts",2020,1,0.407894736842105,4.55598013039182,189.100582443329
"25005","Bristol County, Massachusetts",2021,1,0.407894736842105,4.54779657932989,192.384717449039
"25005","Bristol County, Massachusetts",2022,1,0.407894736842105,4.54465752613802,195.110605125232
"25009","Essex County, Massachusetts",2012,1,0.520958083832335,4.62307417786623,179.970866245527
"25009","Essex County, Massachusetts",2013,1,0.520958083832335,4.61736099224593,182.486888896812
"25009","Essex County, Massachusetts",2014,1,0.520958083832335,4.61581498216563,180.292310907451
"25009","Essex County, Massachusetts",2015,1,0.520958083832335,4.61268278454638,181.859931316689
"25009","Essex County, Massachusetts",2016,1,0.520958083832335,4.59944908175907,184.511341765093
"25009","Essex County, Massachusetts",2017,1,0.520958083832335,4.5749813639114,187.753330657529
"25009","Essex County, Massachusetts",2018,1,0.520958083832335,4.56567047945146,188.172545302594
"25009","Essex County, Massachusetts",2019,1,0.520958083832335,4.55513683700845,188.735293416109
"25009","Essex County, Massachusetts",2020,1,0.520958083832335,4.54281726019177,190.289633964261
"25009","Essex County, Massachusetts",2021,1,0.520958083832335,4.53307789326465,195.787485758021
"25009","Essex County, Massachusetts",2022,1,0.520958083832335,4.53263170273518,193.956307035056
"25013","Hampden County, Massachusetts",2012,1,1.63636363636364,4.64271715108006,168.913847314449
"25013","Hampden County, Massachusetts",2013,1,1.63636363636364,4.62968850118695,171.792082639542
"25013","Hampden County, Massachusetts",2014,1,1.63636363636364,4.62893263407029,171.006330315417
"25013","Hampden County, Massachusetts",2015,1,1.63636363636364,4.63084002272904,170.789730299104
"25013","Hampden County, Massachusetts",2016,1,1.63636363636364,4.63310501514679,169.502678000881
"25013","Hampden County, Massachusetts",2017,1,1.63636363636364,4.59898343677068,172.260284939305
"25013","Hampden County, Massachusetts",2018,1,1.63636363636364,4.58998126642549,173.478003792036
"25013","Hampden County, Massachusetts",2019,1,1.63636363636364,4.58746216540084,173.911498415573
"25013","Hampden County, Massachusetts",2020,1,1.63636363636364,4.58467130676894,173.283078181482
"25013","Hampden County, Massachusetts",2021,1,1.63636363636364,4.58153355034649,174.691901276248
"25013","Hampden County, Massachusetts",2022,1,1.63636363636364,4.57282765625173,178.20802228449
"25017","Middlesex County, Massachusetts",2012,1,0.38642972536349,4.60227344667227,170.762774892363
"25017","Middlesex County, Massachusetts",2013,1,0.38642972536349,4.59223468104018,173.272292798611
"25017","Middlesex County, Massachusetts",2014,1,0.38642972536349,4.58632967754,174.785712893918
"25017","Middlesex County, Massachusetts",2015,1,0.38642972536349,4.57854139404352,176.524615550001
"25017","Middlesex County, Massachusetts",2016,1,0.38642972536349,4.57080045587814,177.909280606909
"25017","Middlesex County, Massachusetts",2017,1,0.38642972536349,4.54391240880986,180.57546130799
"25017","Middlesex County, Massachusetts",2018,1,0.38642972536349,4.53923431044709,181.370825230598
"25017","Middlesex County, Massachusetts",2019,1,0.38642972536349,4.53321709355432,182.712925099312
"25017","Middlesex County, Massachusetts",2020,1,0.38642972536349,4.52964997322786,181.904203757354
"25017","Middlesex County, Massachusetts",2021,1,0.38642972536349,4.52331919253821,183.78425890925
"25017","Middlesex County, Massachusetts",2022,1,0.38642972536349,4.52281323361781,184.001301727209
"25021","Norfolk County, Massachusetts",2012,1,0.119932432432432,4.58329692139986,171.156798744176
"25021","Norfolk County, Massachusetts",2013,1,0.119932432432432,4.5778101775866,172.61103824817
"25021","Norfolk County, Massachusetts",2014,1,0.119932432432432,4.57448787904063,173.371371262969
"25021","Norfolk County, Massachusetts",2015,1,0.119932432432432,4.56808466767609,174.613394003333
"25021","Norfolk County, Massachusetts",2016,1,0.119932432432432,4.56560658399114,173.559342957401
"25021","Norfolk County, Massachusetts",2017,1,0.119932432432432,4.53467948035796,178.092812537187
"25021","Norfolk County, Massachusetts",2018,1,0.119932432432432,4.52122278492392,182.621124244431
"25021","Norfolk County, Massachusetts",2019,1,0.119932432432432,4.52280540011226,180.947348337033
"25021","Norfolk County, Massachusetts",2020,1,0.119932432432432,4.52248334174429,178.484706113602
"25021","Norfolk County, Massachusetts",2021,1,0.119932432432432,4.52207281545977,179.823448796051
"25021","Norfolk County, Massachusetts",2022,1,0.119932432432432,4.52037909601075,181.617549520716
"25023","Plymouth County, Massachusetts",2012,1,0.445378151260504,4.6042485803717,177.769430159408
"25023","Plymouth County, Massachusetts",2013,1,0.445378151260504,4.59048959678358,180.984165979976
"25023","Plymouth County, Massachusetts",2014,1,0.445378151260504,4.58183784921397,183.784364134219
"25023","Plymouth County, Massachusetts",2015,1,0.445378151260504,4.56917505290744,185.482613145677
"25023","Plymouth County, Massachusetts",2016,1,0.445378151260504,4.55900252885414,187.30063080913
"25023","Plymouth County, Massachusetts",2017,1,0.445378151260504,4.51605026574138,192.785004166894
"25023","Plymouth County, Massachusetts",2018,1,0.445378151260504,4.49957576044905,196.422554104629
"25023","Plymouth County, Massachusetts",2019,1,0.445378151260504,4.49869002172876,196.196536031224
"25023","Plymouth County, Massachusetts",2020,1,0.445378151260504,4.49547874767704,195.478362274083
"25023","Plymouth County, Massachusetts",2021,1,0.445378151260504,4.48244685504727,197.203011062422
"25023","Plymouth County, Massachusetts",2022,1,0.445378151260504,4.47608146298653,201.755929599372
"25025","Suffolk County, Massachusetts",2012,1,0.499484713156991,4.48679869337523,212.993508937998
"25025","Suffolk County, Massachusetts",2013,1,0.499484713156991,4.48688006840523,213.859448613903
"25025","Suffolk County, Massachusetts",2014,1,0.499484713156991,4.48134252553002,217.213546626319
"25025","Suffolk County, Massachusetts",2015,1,0.499484713156991,4.47647623022088,217.465209096016
"25025","Suffolk County, Massachusetts",2016,1,0.499484713156991,4.47379107025812,217.164502519828
"25025","Suffolk County, Massachusetts",2017,1,0.499484713156991,4.43368309068055,223.547160327324
"25025","Suffolk County, Massachusetts",2018,1,0.499484713156991,4.43052923034407,223.118355624143
"25025","Suffolk County, Massachusetts",2019,1,0.499484713156991,4.42983248406079,219.733597793653
"25025","Suffolk County, Massachusetts",2020,1,0.499484713156991,4.42755149202296,216.197893020236
"25025","Suffolk County, Massachusetts",2021,1,0.499484713156991,4.42991793322595,214.308764865256
"25025","Suffolk County, Massachusetts",2022,1,0.499484713156991,4.4262199155603,217.046342154571
"25027","Worcester County, Massachusetts",2012,1,0.319688109161793,4.65285736857108,171.616585941199
"25027","Worcester County, Massachusetts",2013,1,0.319688109161793,4.64903596075604,172.768597846514
"25027","Worcester County, Massachusetts",2014,1,0.319688109161793,4.64392949963484,173.102418763818
"25027","Worcester County, Massachusetts",2015,1,0.319688109161793,4.63636998662294,175.732551141149
"25027","Worcester County, Massachusetts",2016,1,0.319688109161793,4.62733823959308,177.126063081528
"25027","Worcester County, Massachusetts",2017,1,0.319688109161793,4.590113728096,180.69167510679
"25027","Worcester County, Massachusetts",2018,1,0.319688109161793,4.57743376055194,182.72194484392
"25027","Worcester County, Massachusetts",2019,1,0.319688109161793,4.57546043958945,181.342963146638
"25027","Worcester County, Massachusetts",2020,1,0.319688109161793,4.57122431615435,180.255204758021
"25027","Worcester County, Massachusetts",2021,1,0.319688109161793,4.56457740424152,181.750881786761
"25027","Worcester County, Massachusetts",2022,1,0.319688109161793,4.55211884799935,185.261919195789
"26021","Berrien County, Michigan",2012,1,1.13636363636364,4.63069736712777,170.709083079195
"26021","Berrien County, Michigan",2013,1,1.13636363636364,4.63566992599824,170.46353425091
"26021","Berrien County, Michigan",2014,1,1.13636363636364,4.63833660643101,168.69716189528
"26021","Berrien County, Michigan",2015,1,1.13636363636364,4.64134562098615,172.786607495566
"26021","Berrien County, Michigan",2016,1,1.13636363636364,4.62948800081032,175.605307334711
"26021","Berrien County, Michigan",2017,1,1.13636363636364,4.52878078103667,181.723728905532
"26021","Berrien County, Michigan",2018,1,1.13636363636364,4.53162521929324,181.364539959209
"26021","Berrien County, Michigan",2019,1,1.13636363636364,4.5287247276225,184.81847190072
"26021","Berrien County, Michigan",2020,1,1.13636363636364,4.54132512347454,182.48987254642
"26021","Berrien County, Michigan",2021,1,1.13636363636364,4.52690745548458,183.714848953061
"26021","Berrien County, Michigan",2022,1,1.13636363636364,4.52635511241317,186.119189628004
"26045","Eaton County, Michigan",2012,1,0.333333333333333,4.57207992304705,181.325401546698
"26045","Eaton County, Michigan",2013,1,0.333333333333333,4.57323992326902,181.202982850923
"26045","Eaton County, Michigan",2014,1,0.333333333333333,4.56934982700129,183.353457281715
"26045","Eaton County, Michigan",2015,1,0.333333333333333,4.57962882611188,178.014152814114
"26045","Eaton County, Michigan",2016,1,0.333333333333333,4.57787490475764,176.770467245003
"26045","Eaton County, Michigan",2017,1,0.333333333333333,4.41676276966792,196.431267780706
"26045","Eaton County, Michigan",2018,1,0.333333333333333,4.42363579731768,202.410682992185
"26045","Eaton County, Michigan",2019,1,0.333333333333333,4.43234720337674,199.522646859119
"26045","Eaton County, Michigan",2020,1,0.333333333333333,4.40930249662644,199.33287605678
"26045","Eaton County, Michigan",2021,1,0.333333333333333,4.41474153480478,200.676559046486
"26045","Eaton County, Michigan",2022,1,0.333333333333333,4.42614933703572,197.804236369577
"26065","Ingham County, Michigan",2012,1,0.380952380952381,4.56204442515051,191.388015815186
"26065","Ingham County, Michigan",2013,1,0.380952380952381,4.57386355859302,189.848610880142
"26065","Ingham County, Michigan",2014,1,0.380952380952381,4.57143051900281,187.790926269839
"26065","Ingham County, Michigan",2015,1,0.380952380952381,4.57681921942206,187.468497560633
"26065","Ingham County, Michigan",2016,1,0.380952380952381,4.58683708740407,188.69821278389
"26065","Ingham County, Michigan",2017,1,0.380952380952381,4.51260202842216,197.834070009653
"26065","Ingham County, Michigan",2018,1,0.380952380952381,4.51137004788084,194.689278945513
"26065","Ingham County, Michigan",2019,1,0.380952380952381,4.49852753252114,197.106236890308
"26065","Ingham County, Michigan",2020,1,0.380952380952381,4.50159082922194,193.157777777778
"26065","Ingham County, Michigan",2021,1,0.380952380952381,4.49631906730252,192.792102866127
"26065","Ingham County, Michigan",2022,1,0.380952380952381,4.48672275091671,193.224287672734
"26075","Jackson County, Michigan",2012,1,0.315789473684211,4.64109727465953,162.602550187811
"26075","Jackson County, Michigan",2013,1,0.315789473684211,4.65899182362977,158.066544836261
"26075","Jackson County, Michigan",2014,1,0.315789473684211,4.66185078316519,157.019035064743
"26075","Jackson County, Michigan",2015,1,0.315789473684211,4.65579753684376,160.195617506122
"26075","Jackson County, Michigan",2016,1,0.315789473684211,4.66170465986827,158.979785969084
"26075","Jackson County, Michigan",2017,1,0.315789473684211,4.54374663659581,170.038901294074
"26075","Jackson County, Michigan",2018,1,0.315789473684211,4.52719029114364,170.383627737085
"26075","Jackson County, Michigan",2019,1,0.315789473684211,4.5392257590199,167.744502314815
"26075","Jackson County, Michigan",2020,1,0.315789473684211,4.54201950890466,167.984808921395
"26075","Jackson County, Michigan",2021,1,0.315789473684211,4.53540836318468,166.75508802694
"26075","Jackson County, Michigan",2022,1,0.315789473684211,4.53279630578969,167.851784238801
"26077","Kalamazoo County, Michigan",2012,1,0.615384615384615,4.65019475374086,169.766673779758
"26077","Kalamazoo County, Michigan",2013,1,0.615384615384615,4.66304129925684,166.795045294553
"26077","Kalamazoo County, Michigan",2014,1,0.615384615384615,4.66204018010087,169.227477424526
"26077","Kalamazoo County, Michigan",2015,1,0.615384615384615,4.65134791301462,173.031057196813
"26077","Kalamazoo County, Michigan",2016,1,0.615384615384615,4.64652836288047,176.182651001501
"26077","Kalamazoo County, Michigan",2017,1,0.615384615384615,4.58605021733553,181.396099383437
"26077","Kalamazoo County, Michigan",2018,1,0.615384615384615,4.57630137033373,182.316966685148
"26077","Kalamazoo County, Michigan",2019,1,0.615384615384615,4.57125789788068,181.633082519731
"26077","Kalamazoo County, Michigan",2020,1,0.615384615384615,4.58054786194139,178.09488690407
"26077","Kalamazoo County, Michigan",2021,1,0.615384615384615,4.56706127573866,181.014442772193
"26077","Kalamazoo County, Michigan",2022,1,0.615384615384615,4.56727468912466,182.443087509031
"26081","Kent County, Michigan",2012,1,0.353333333333333,4.73973835021691,142.942119517299
"26081","Kent County, Michigan",2013,1,0.353333333333333,4.74326250533395,142.033614640722
"26081","Kent County, Michigan",2014,1,0.353333333333333,4.74448527165937,140.836213089322
"26081","Kent County, Michigan",2015,1,0.353333333333333,4.74946667540439,141.13582178867
"26081","Kent County, Michigan",2016,1,0.353333333333333,4.74229498201047,142.429391620434
"26081","Kent County, Michigan",2017,1,0.353333333333333,4.7053558003095,146.992937300787
"26081","Kent County, Michigan",2018,1,0.353333333333333,4.69164273337584,149.292307391359
"26081","Kent County, Michigan",2019,1,0.353333333333333,4.69093765165141,149.370619484757
"26081","Kent County, Michigan",2020,1,0.353333333333333,4.68995317117226,148.849627157828
"26081","Kent County, Michigan",2021,1,0.353333333333333,4.67806330682108,151.983914197755
"26081","Kent County, Michigan",2022,1,0.353333333333333,4.67230272816674,152.912760110934
"26099","Macomb County, Michigan",2012,1,0.404858299595142,4.58914133389907,172.095846506332
"26099","Macomb County, Michigan",2013,1,0.404858299595142,4.59383267112514,171.015642672257
"26099","Macomb County, Michigan",2014,1,0.404858299595142,4.59005522980122,172.622709614706
"26099","Macomb County, Michigan",2015,1,0.404858299595142,4.58816765720052,173.206166902414
"26099","Macomb County, Michigan",2016,1,0.404858299595142,4.59058086647438,171.682612004656
"26099","Macomb County, Michigan",2017,1,0.404858299595142,4.55569850939323,177.119280040208
"26099","Macomb County, Michigan",2018,1,0.404858299595142,4.53947407600656,180.734191210632
"26099","Macomb County, Michigan",2019,1,0.404858299595142,4.53472346120122,184.117315324059
"26099","Macomb County, Michigan",2020,1,0.404858299595142,4.53277382859554,185.15160575147
"26099","Macomb County, Michigan",2021,1,0.404858299595142,4.53110727167628,185.91236394768
"26099","Macomb County, Michigan",2022,1,0.404858299595142,4.5189078579605,191.804794495321
"26111","Midland County, Michigan",2012,1,0.710526315789474,4.56359271204867,162.741478148712
"26111","Midland County, Michigan",2013,1,0.710526315789474,4.57070706999852,163.844846814241
"26111","Midland County, Michigan",2014,1,0.710526315789474,4.47968469346747,201.150860691227
"26111","Midland County, Michigan",2015,1,0.710526315789474,4.52031928501498,181.759492155116
"26111","Midland County, Michigan",2016,1,0.710526315789474,4.45151052390191,207.183614885069
"26111","Midland County, Michigan",2017,1,0.710526315789474,4.2340054228534,244.015310338878
"26111","Midland County, Michigan",2018,1,0.710526315789474,4.25703240165449,228.204267269009
"26111","Midland County, Michigan",2019,1,0.710526315789474,4.29090383808623,213.128428058849
"26111","Midland County, Michigan",2020,1,0.710526315789474,4.29982228550532,209.941794044037
"26111","Midland County, Michigan",2021,1,0.710526315789474,4.27729668882076,215.04107635006
"26111","Midland County, Michigan",2022,1,0.710526315789474,4.27635547860161,217.127726852219
"26125","Oakland County, Michigan",2012,1,0.351885098743268,4.58877693326218,168.078626620252
"26125","Oakland County, Michigan",2013,1,0.351885098743268,4.5969859914852,167.211728197327
"26125","Oakland County, Michigan",2014,1,0.351885098743268,4.5994490452044,167.122329940822
"26125","Oakland County, Michigan",2015,1,0.351885098743268,4.60332521985891,167.065337516862
"26125","Oakland County, Michigan",2016,1,0.351885098743268,4.60637681113006,166.790910076112
"26125","Oakland County, Michigan",2017,1,0.351885098743268,4.58766151464245,168.711914856709
"26125","Oakland County, Michigan",2018,1,0.351885098743268,4.58207662154869,169.058684032421
"26125","Oakland County, Michigan",2019,1,0.351885098743268,4.58100775346737,169.61940641664
"26125","Oakland County, Michigan",2020,1,0.351885098743268,4.57895268387941,170.069539540253
"26125","Oakland County, Michigan",2021,1,0.351885098743268,4.57723196993424,170.404708428176
"26125","Oakland County, Michigan",2022,1,0.351885098743268,4.57200821666094,172.971258843514
"26139","Ottawa County, Michigan",2012,1,0.521739130434783,4.68418982966551,154.072197461593
"26139","Ottawa County, Michigan",2013,1,0.521739130434783,4.6893177807279,153.171399112248
"26139","Ottawa County, Michigan",2014,1,0.521739130434783,4.69186035193377,152.83575974096
"26139","Ottawa County, Michigan",2015,1,0.521739130434783,4.68906325737658,154.508279922276
"26139","Ottawa County, Michigan",2016,1,0.521739130434783,4.69839247439179,153.605511554621
"26139","Ottawa County, Michigan",2017,1,0.521739130434783,4.6306223004374,159.043931729105
"26139","Ottawa County, Michigan",2018,1,0.521739130434783,4.62409404098941,159.362983912365
"26139","Ottawa County, Michigan",2019,1,0.521739130434783,4.61753403809081,160.410624
"26139","Ottawa County, Michigan",2020,1,0.521739130434783,4.6034117778208,162.107630839297
"26139","Ottawa County, Michigan",2021,1,0.521739130434783,4.60679701742164,161.403180954297
"26139","Ottawa County, Michigan",2022,1,0.521739130434783,4.5983816136201,163.82665376287
"26159","Van Buren County, Michigan",2012,1,1.18181818181818,4.46192691377643,199.11625972232
"26159","Van Buren County, Michigan",2013,1,1.18181818181818,4.45733432055293,203.670407340815
"26159","Van Buren County, Michigan",2014,1,1.18181818181818,4.4647406724408,199.555415518115
"26159","Van Buren County, Michigan",2015,1,1.18181818181818,4.46581328909833,202.494968519481
"26159","Van Buren County, Michigan",2016,1,1.18181818181818,4.5008768082915,188.899971020522
"26159","Van Buren County, Michigan",2017,1,1.18181818181818,4.22065564416588,231.931268401026
"26159","Van Buren County, Michigan",2018,1,1.18181818181818,4.23662869649932,230.445900861996
"26159","Van Buren County, Michigan",2019,1,1.18181818181818,4.20265300145548,240.67854627689
"26159","Van Buren County, Michigan",2020,1,1.18181818181818,4.18954965956863,239.565992865636
"26159","Van Buren County, Michigan",2021,1,1.18181818181818,4.21274449490537,238.405341690151
"26159","Van Buren County, Michigan",2022,1,1.18181818181818,4.26754900201156,228.350099771508
"26161","Washtenaw County, Michigan",2012,1,0.279545454545455,4.59755944200265,177.042062267828
"26161","Washtenaw County, Michigan",2013,1,0.279545454545455,4.60311440442248,175.942002389388
"26161","Washtenaw County, Michigan",2014,1,0.279545454545455,4.59906311804971,177.310230466871
"26161","Washtenaw County, Michigan",2015,1,0.279545454545455,4.60995221816905,177.80768531116
"26161","Washtenaw County, Michigan",2016,1,0.279545454545455,4.59964493552789,179.359241347483
"26161","Washtenaw County, Michigan",2017,1,0.279545454545455,4.54183177281205,186.597016202398
"26161","Washtenaw County, Michigan",2018,1,0.279545454545455,4.54446360690292,182.945922317731
"26161","Washtenaw County, Michigan",2019,1,0.279545454545455,4.54150193930947,182.947272191463
"26161","Washtenaw County, Michigan",2020,1,0.279545454545455,4.53656935180078,183.819259593902
"26161","Washtenaw County, Michigan",2021,1,0.279545454545455,4.52560249951287,186.144523574462
"26161","Washtenaw County, Michigan",2022,1,0.279545454545455,4.50120978098951,191.264027946168
"26163","Wayne County, Michigan",2012,1,0.281964025279533,4.61942939528707,175.858040371861
"26163","Wayne County, Michigan",2013,1,0.281964025279533,4.62726273556075,175.347880721914
"26163","Wayne County, Michigan",2014,1,0.281964025279533,4.62684250959737,177.235236220569
"26163","Wayne County, Michigan",2015,1,0.281964025279533,4.62571844376447,178.03507993006
"26163","Wayne County, Michigan",2016,1,0.281964025279533,4.62835752255864,177.913585792466
"26163","Wayne County, Michigan",2017,1,0.281964025279533,4.60757854714765,182.436766772956
"26163","Wayne County, Michigan",2018,1,0.281964025279533,4.59254701870484,186.632962684731
"26163","Wayne County, Michigan",2019,1,0.281964025279533,4.58541578114196,188.430613231714
"26163","Wayne County, Michigan",2020,1,0.281964025279533,4.58779484867617,187.131035419675
"26163","Wayne County, Michigan",2021,1,0.281964025279533,4.57617430580078,187.411025972564
"26163","Wayne County, Michigan",2022,1,0.281964025279533,4.56509268060931,194.924928292395
"27003","Anoka County, Minnesota",2012,1,0.428571428571429,4.60250124621865,163.72451671387
"27003","Anoka County, Minnesota",2013,1,0.428571428571429,4.60079366890623,162.994148289752
"27003","Anoka County, Minnesota",2014,1,0.428571428571429,4.59721336047484,165.399667908868
"27003","Anoka County, Minnesota",2015,1,0.428571428571429,4.58408512234791,168.022852768227
"27003","Anoka County, Minnesota",2016,1,0.428571428571429,4.57980102800577,169.270632959529
"27003","Anoka County, Minnesota",2017,1,0.428571428571429,4.51680131413346,175.417278194313
"27003","Anoka County, Minnesota",2018,1,0.428571428571429,4.5039624341477,177.227201198207
"27003","Anoka County, Minnesota",2019,1,0.428571428571429,4.51202328528826,175.644439162898
"27003","Anoka County, Minnesota",2020,1,0.428571428571429,4.50960663337002,176.142444370588
"27003","Anoka County, Minnesota",2021,1,0.428571428571429,4.50410031961338,178.248697048562
"27003","Anoka County, Minnesota",2022,1,0.428571428571429,4.50211215808365,178.954270783944
"27037","Dakota County, Minnesota",2012,1,0.211111111111111,4.63686243745129,157.618892980364
"27037","Dakota County, Minnesota",2013,1,0.211111111111111,4.63158512589835,158.740253562238
"27037","Dakota County, Minnesota",2014,1,0.211111111111111,4.63040546784185,158.29685426136
"27037","Dakota County, Minnesota",2015,1,0.211111111111111,4.63605305495516,156.69652746123
"27037","Dakota County, Minnesota",2016,1,0.211111111111111,4.63602985211093,156.894172341614
"27037","Dakota County, Minnesota",2017,1,0.211111111111111,4.59515070906637,158.984001350447
"27037","Dakota County, Minnesota",2018,1,0.211111111111111,4.57965601215303,161.001807228453
"27037","Dakota County, Minnesota",2019,1,0.211111111111111,4.57647042584803,162.042498511021
"27037","Dakota County, Minnesota",2020,1,0.211111111111111,4.57201358097745,162.494682381616
"27037","Dakota County, Minnesota",2021,1,0.211111111111111,4.56890466694246,162.864375500639
"27037","Dakota County, Minnesota",2022,1,0.211111111111111,4.56695028992799,163.608997005743
"27053","Hennepin County, Minnesota",2012,1,0.502941176470588,4.66000714129676,152.181820584061
"27053","Hennepin County, Minnesota",2013,1,0.502941176470588,4.65540010396285,153.120822053311
"27053","Hennepin County, Minnesota",2014,1,0.502941176470588,4.65536811126267,153.405692093153
"27053","Hennepin County, Minnesota",2015,1,0.502941176470588,4.65071429589694,155.252130278305
"27053","Hennepin County, Minnesota",2016,1,0.502941176470588,4.64887247968356,155.258476752424
"27053","Hennepin County, Minnesota",2017,1,0.502941176470588,4.62413627825257,158.021586194188
"27053","Hennepin County, Minnesota",2018,1,0.502941176470588,4.61491974037557,158.878942367423
"27053","Hennepin County, Minnesota",2019,1,0.502941176470588,4.61351512775099,158.5516356181
"27053","Hennepin County, Minnesota",2020,1,0.502941176470588,4.6088800580485,158.320471739118
"27053","Hennepin County, Minnesota",2021,1,0.502941176470588,4.61044504244582,157.408528483346
"27053","Hennepin County, Minnesota",2022,1,0.502941176470588,4.59784370832431,160.446304669352
"27109","Olmsted County, Minnesota",2012,1,4.28571428571429,4.5963916904062,161.875577126759
"27109","Olmsted County, Minnesota",2013,1,4.28571428571429,4.60470005765442,159.600013378026
"27109","Olmsted County, Minnesota",2014,1,4.28571428571429,4.59581568338592,159.178827212117
"27109","Olmsted County, Minnesota",2015,1,4.28571428571429,4.58977613184169,163.437405553403
"27109","Olmsted County, Minnesota",2016,1,4.28571428571429,4.58784548551779,162.628747954296
"27109","Olmsted County, Minnesota",2017,1,4.28571428571429,4.46431211444895,175.378600410487
"27109","Olmsted County, Minnesota",2018,1,4.28571428571429,4.45993225074393,177.467715359453
"27109","Olmsted County, Minnesota",2019,1,4.28571428571429,4.46159318800387,181.359201467464
"27109","Olmsted County, Minnesota",2020,1,4.28571428571429,4.46140492560869,181.438888848931
"27109","Olmsted County, Minnesota",2021,1,4.28571428571429,4.45236684034474,182.515603963962
"27109","Olmsted County, Minnesota",2022,1,4.28571428571429,4.44483440525859,185.55367076095
"27123","Ramsey County, Minnesota",2012,1,0.41304347826087,4.70293699069353,146.269403171356
"27123","Ramsey County, Minnesota",2013,1,0.41304347826087,4.69443518636034,147.843894091091
"27123","Ramsey County, Minnesota",2014,1,0.41304347826087,4.68205792926434,150.808299086487
"27123","Ramsey County, Minnesota",2015,1,0.41304347826087,4.68285641942697,150.904697353687
"27123","Ramsey County, Minnesota",2016,1,0.41304347826087,4.6823231399279,151.505406823377
"27123","Ramsey County, Minnesota",2017,1,0.41304347826087,4.64205757542483,155.766966016573
"27123","Ramsey County, Minnesota",2018,1,0.41304347826087,4.63563264431261,156.532214545881
"27123","Ramsey County, Minnesota",2019,1,0.41304347826087,4.62432004476361,161.116435588317
"27123","Ramsey County, Minnesota",2020,1,0.41304347826087,4.62742676240146,158.975999102246
"27123","Ramsey County, Minnesota",2021,1,0.41304347826087,4.62551530197191,158.879181681289
"27123","Ramsey County, Minnesota",2022,1,0.41304347826087,4.61588472978322,162.737336906469
"27139","Scott County, Minnesota",2012,1,0.102564102564103,4.55063137781575,178.915054156991
"27139","Scott County, Minnesota",2013,1,0.102564102564103,4.55395091718119,177.818538251764
"27139","Scott County, Minnesota",2014,1,0.102564102564103,4.56317158896764,175.354322300866
"27139","Scott County, Minnesota",2015,1,0.102564102564103,4.55644667563987,177.360840375057
"27139","Scott County, Minnesota",2016,1,0.102564102564103,4.53938842457144,180.084349786358
"27139","Scott County, Minnesota",2017,1,0.102564102564103,4.42576463174669,192.155973290753
"27139","Scott County, Minnesota",2018,1,0.102564102564103,4.41181405840923,194.885637900684
"27139","Scott County, Minnesota",2019,1,0.102564102564103,4.40023940942587,198.118744577419
"27139","Scott County, Minnesota",2020,1,0.102564102564103,4.36002841268278,203.458276371573
"27139","Scott County, Minnesota",2021,1,0.102564102564103,4.37557921999883,200.092501471381
"27139","Scott County, Minnesota",2022,1,0.102564102564103,4.37789172816039,202.793059106404
"27163","Washington County, Minnesota",2012,1,0.270833333333333,4.56752160579098,168.71028396092
"27163","Washington County, Minnesota",2013,1,0.270833333333333,4.55832925232728,169.678098319035
"27163","Washington County, Minnesota",2014,1,0.270833333333333,4.56461220178825,167.984613464499
"27163","Washington County, Minnesota",2015,1,0.270833333333333,4.55616132135978,169.088690749685
"27163","Washington County, Minnesota",2016,1,0.270833333333333,4.54787109848142,170.928218335226
"27163","Washington County, Minnesota",2017,1,0.270833333333333,4.47352267872422,176.375714741947
"27163","Washington County, Minnesota",2018,1,0.270833333333333,4.46666702981892,179.463262653777
"27163","Washington County, Minnesota",2019,1,0.270833333333333,4.45266530766416,181.008793832012
"27163","Washington County, Minnesota",2020,1,0.270833333333333,4.43647790580736,183.246932451475
"27163","Washington County, Minnesota",2021,1,0.270833333333333,4.42900334623299,184.836441983665
"27163","Washington County, Minnesota",2022,1,0.270833333333333,4.44412839652617,181.919146063277
"29051","Cole County, Missouri",2012,1,0.2,4.52263811983472,171.798255170146
"29051","Cole County, Missouri",2013,1,0.2,4.5133017919596,175.777232998572
"29051","Cole County, Missouri",2014,1,0.2,4.49548927875284,180.505287258223
"29051","Cole County, Missouri",2015,1,0.2,4.49539373945223,180.060078367363
"29051","Cole County, Missouri",2016,1,0.2,4.52022507731609,175.865995792345
"29051","Cole County, Missouri",2017,1,0.2,4.40804507885505,176.913478158133
"29051","Cole County, Missouri",2018,1,0.2,4.39474502495682,179.769366248066
"29051","Cole County, Missouri",2019,1,0.2,4.39085991355149,181.532277408177
"29051","Cole County, Missouri",2020,1,0.2,4.40237669760361,178.586832709672
"29051","Cole County, Missouri",2021,1,0.2,4.39990876088023,180.894553112104
"29051","Cole County, Missouri",2022,1,0.2,4.41212990149221,181.218980022591
"29071","Franklin County, Missouri",2012,1,0.225806451612903,4.61594426029872,162.928564717088
"29071","Franklin County, Missouri",2013,1,0.225806451612903,4.62796305684673,161.027632887861
"29071","Franklin County, Missouri",2014,1,0.225806451612903,4.6277855638245,160.257477134465
"29071","Franklin County, Missouri",2015,1,0.225806451612903,4.62006928005121,164.999309589126
"29071","Franklin County, Missouri",2016,1,0.225806451612903,4.61123203440561,166.741293775409
"29071","Franklin County, Missouri",2017,1,0.225806451612903,4.47146709318364,179.15417331365
"29071","Franklin County, Missouri",2018,1,0.225806451612903,4.47991187113861,179.084965739426
"29071","Franklin County, Missouri",2019,1,0.225806451612903,4.47233255463918,181.985922783997
"29071","Franklin County, Missouri",2020,1,0.225806451612903,4.4547650167093,181.291574608018
"29071","Franklin County, Missouri",2021,1,0.225806451612903,4.44985119563853,184.449553815334
"29071","Franklin County, Missouri",2022,1,0.225806451612903,4.44236426215433,188.518041427739
"29095","Jackson County, Missouri",2012,1,0.330578512396694,4.64858816089573,160.974847038722
"29095","Jackson County, Missouri",2013,1,0.330578512396694,4.61831638944855,170.524205296596
"29095","Jackson County, Missouri",2014,1,0.330578512396694,4.56007340748619,195.320682875066
"29095","Jackson County, Missouri",2015,1,0.330578512396694,4.50964241392567,226.585497210962
"29095","Jackson County, Missouri",2016,1,0.330578512396694,4.49320251044194,235.53095069392
"29095","Jackson County, Missouri",2017,1,0.330578512396694,4.5795848381042,171.28510714862
"29095","Jackson County, Missouri",2018,1,0.330578512396694,4.54280862453268,184.215095820794
"29095","Jackson County, Missouri",2019,1,0.330578512396694,4.55591394553388,178.375105489945
"29095","Jackson County, Missouri",2020,1,0.330578512396694,4.55650998203324,177.121290333773
"29095","Jackson County, Missouri",2021,1,0.330578512396694,4.55359855723653,177.582834591276
"29095","Jackson County, Missouri",2022,1,0.330578512396694,4.54572269214397,179.849714958287
"29101","Johnson County, Missouri",2012,1,0.0476190476190476,4.43303041225224,192.308419019979
"29101","Johnson County, Missouri",2013,1,0.0476190476190476,4.43499502727437,190.66208076356
"29101","Johnson County, Missouri",2014,1,0.0476190476190476,4.44970483416403,184.707576133178
"29101","Johnson County, Missouri",2015,1,0.0476190476190476,4.43405983249382,192.498653211066
"29101","Johnson County, Missouri",2016,1,0.0476190476190476,4.45108396735993,195.0350544961
"29101","Johnson County, Missouri",2017,1,0.0476190476190476,4.09490246523778,244.601413304597
"29101","Johnson County, Missouri",2018,1,0.0476190476190476,4.06184623454884,247.031367430086
"29101","Johnson County, Missouri",2019,1,0.0476190476190476,4.08851188487079,243.54739892115
"29101","Johnson County, Missouri",2020,1,0.0476190476190476,4.02525771962003,256.851529164024
"29101","Johnson County, Missouri",2021,1,0.0476190476190476,4.03239701078897,259.140763406844
"29101","Johnson County, Missouri",2022,1,0.0476190476190476,4.05554418449717,245.667160007026
"29129","Mercer County, Missouri",2012,0,NA,3.66228978928619,318.222222222222
"29129","Mercer County, Missouri",2013,0,NA,3.62348588737205,327.932098765432
"29129","Mercer County, Missouri",2014,0,NA,3.57580526867815,343.316289262235
"29129","Mercer County, Missouri",2015,0,NA,3.59259154316654,330.612244897959
"29129","Mercer County, Missouri",2016,0,NA,3.61088581964837,304.557865994539
"29129","Mercer County, Missouri",2017,0,NA,2.06000767331262,1303.15500685871
"29129","Mercer County, Missouri",2018,0,NA,2.05559466575157,1311.11111111111
"29129","Mercer County, Missouri",2019,0,NA,1.76023669934203,1776.85950413223
"29129","Mercer County, Missouri",2020,0,NA,1.92507252465329,1493.05555555556
"29129","Mercer County, Missouri",2021,0,NA,1.92507252465329,1493.05555555556
"29129","Mercer County, Missouri",2022,0,NA,1.92279076928903,1495.19890260631
"29183","St. Charles County, Missouri",2012,1,0.0533333333333333,4.54521400817393,181.013098361074
"29183","St. Charles County, Missouri",2013,1,0.0533333333333333,4.54079612923354,181.59940212558
"29183","St. Charles County, Missouri",2014,1,0.0533333333333333,4.54573537817291,181.303276663818
"29183","St. Charles County, Missouri",2015,1,0.0533333333333333,4.53721928212981,182.724206121778
"29183","St. Charles County, Missouri",2016,1,0.0533333333333333,4.52745071089733,184.602296637358
"29183","St. Charles County, Missouri",2017,1,0.0533333333333333,4.49915442410121,184.686936964267
"29183","St. Charles County, Missouri",2018,1,0.0533333333333333,4.48305325478142,186.536437538935
"29183","St. Charles County, Missouri",2019,1,0.0533333333333333,4.4690331400357,190.484065767597
"29183","St. Charles County, Missouri",2020,1,0.0533333333333333,4.46464654088067,191.156978775439
"29183","St. Charles County, Missouri",2021,1,0.0533333333333333,4.44318468062152,196.923182374799
"29183","St. Charles County, Missouri",2022,1,0.0533333333333333,4.43829415097104,199.169923653609
"29189","St. Louis County, Missouri",2012,1,0.317919075144509,4.61866046754191,157.80721718409
"29189","St. Louis County, Missouri",2013,1,0.317919075144509,4.57275050726239,174.119196160023
"29189","St. Louis County, Missouri",2014,1,0.317919075144509,4.51247380507261,206.135106874947
"29189","St. Louis County, Missouri",2015,1,0.317919075144509,4.45725846759787,242.846700642529
"29189","St. Louis County, Missouri",2016,1,0.317919075144509,4.42137669196917,264.053518635861
"29189","St. Louis County, Missouri",2017,1,0.317919075144509,4.5649306370472,167.882601081513
"29189","St. Louis County, Missouri",2018,1,0.317919075144509,4.50360108278956,193.386752293336
"29189","St. Louis County, Missouri",2019,1,0.317919075144509,4.50120056214903,192.211788033822
"29189","St. Louis County, Missouri",2020,1,0.317919075144509,4.48718022158886,196.584709653242
"29189","St. Louis County, Missouri",2021,1,0.317919075144509,4.48191341792018,199.432720920477
"29189","St. Louis County, Missouri",2022,1,0.317919075144509,4.46945753503635,204.06268943265
"29510","St. Louis city, Missouri",2012,1,0.488372093023256,4.62696519230143,192.637283949336
"29510","St. Louis city, Missouri",2013,1,0.488372093023256,4.3607738897533,388.4641211044
"29510","St. Louis city, Missouri",2014,1,0.488372093023256,4.07766986275546,716.00476309379
"29510","St. Louis city, Missouri",2015,1,0.488372093023256,3.80823082642773,1093.0137612758
"29510","St. Louis city, Missouri",2016,1,0.488372093023256,3.68955639966227,1272.7960516208
"29510","St. Louis city, Missouri",2017,1,0.488372093023256,4.48087373151839,244.731743539617
"29510","St. Louis city, Missouri",2018,1,0.488372093023256,4.27450473160816,420.363406815207
"29510","St. Louis city, Missouri",2019,1,0.488372093023256,4.28500113292406,403.916038329059
"29510","St. Louis city, Missouri",2020,1,0.488372093023256,4.33758586128721,349.628868652615
"29510","St. Louis city, Missouri",2021,1,0.488372093023256,4.37024699179857,324.703198690109
"29510","St. Louis city, Missouri",2022,1,0.488372093023256,4.348238175636,333.90825360449
"31055","Douglas County, Nebraska",2012,1,0.678030303030303,4.61879554653195,157.565543650125
"31055","Douglas County, Nebraska",2013,1,0.678030303030303,4.61111496564034,159.281505581755
"31055","Douglas County, Nebraska",2014,1,0.678030303030303,4.60384390949065,160.232196548637
"31055","Douglas County, Nebraska",2015,1,0.678030303030303,4.59219747421956,162.919352512532
"31055","Douglas County, Nebraska",2016,1,0.678030303030303,4.58133120153772,164.443489005056
"31055","Douglas County, Nebraska",2017,1,0.678030303030303,4.53751080774937,170.65511916555
"31055","Douglas County, Nebraska",2018,1,0.678030303030303,4.51878691524823,173.708785695807
"31055","Douglas County, Nebraska",2019,1,0.678030303030303,4.51787123612451,174.907827222262
"31055","Douglas County, Nebraska",2020,1,0.678030303030303,4.51367815843435,175.937579229764
"31055","Douglas County, Nebraska",2021,1,0.678030303030303,4.50727364113044,178.025280868319
"31055","Douglas County, Nebraska",2022,1,0.678030303030303,4.49852000200623,181.952289567283
"31109","Lancaster County, Nebraska",2012,1,0.815789473684211,4.57066270750701,167.72497699434
"31109","Lancaster County, Nebraska",2013,1,0.815789473684211,4.57103971729545,167.887124625936
"31109","Lancaster County, Nebraska",2014,1,0.815789473684211,4.55913924644448,172.463215059205
"31109","Lancaster County, Nebraska",2015,1,0.815789473684211,4.54858544559465,174.899298065134
"31109","Lancaster County, Nebraska",2016,1,0.815789473684211,4.53838109532611,177.132260674975
"31109","Lancaster County, Nebraska",2017,1,0.815789473684211,4.49155245884231,179.989035583577
"31109","Lancaster County, Nebraska",2018,1,0.815789473684211,4.49946929867615,177.996122453054
"31109","Lancaster County, Nebraska",2019,1,0.815789473684211,4.49506279333072,178.527986576601
"31109","Lancaster County, Nebraska",2020,1,0.815789473684211,4.49672950985636,178.369097148857
"31109","Lancaster County, Nebraska",2021,1,0.815789473684211,4.48733472671032,181.27022221644
"31109","Lancaster County, Nebraska",2022,1,0.815789473684211,4.48411907288089,182.952621314932
"32003","Clark County, Nevada",2012,1,0.463276836158192,4.54320735558784,190.250551677812
"32003","Clark County, Nevada",2013,1,0.463276836158192,4.539174943032,190.784430460735
"32003","Clark County, Nevada",2014,1,0.463276836158192,4.5383212341254,191.606150464912
"32003","Clark County, Nevada",2015,1,0.463276836158192,4.53463522644624,193.515555724652
"32003","Clark County, Nevada",2016,1,0.463276836158192,4.5250795050278,197.711415741293
"32003","Clark County, Nevada",2017,1,0.463276836158192,4.51038436917504,199.656465782867
"32003","Clark County, Nevada",2018,1,0.463276836158192,4.51049117449389,199.128366599798
"32003","Clark County, Nevada",2019,1,0.463276836158192,4.50737598647279,201.544850416898
"32003","Clark County, Nevada",2020,1,0.463276836158192,4.49741632609571,203.230380857167
"32003","Clark County, Nevada",2021,1,0.463276836158192,4.4947551382691,203.035104329739
"32003","Clark County, Nevada",2022,1,0.463276836158192,4.48926244673366,205.797150689899
"32031","Washoe County, Nevada",2012,1,0.317073170731707,4.68042609895893,155.009495204176
"32031","Washoe County, Nevada",2013,1,0.317073170731707,4.67513488480645,155.620248873335
"32031","Washoe County, Nevada",2014,1,0.317073170731707,4.66680045348537,157.956661662639
"32031","Washoe County, Nevada",2015,1,0.317073170731707,4.66405533860504,157.587245920229
"32031","Washoe County, Nevada",2016,1,0.317073170731707,4.65605692751742,161.202672536169
"32031","Washoe County, Nevada",2017,1,0.317073170731707,4.60320373188379,167.741123142785
"32031","Washoe County, Nevada",2018,1,0.317073170731707,4.5922567689622,168.632598090616
"32031","Washoe County, Nevada",2019,1,0.317073170731707,4.5981591088923,167.247129720606
"32031","Washoe County, Nevada",2020,1,0.317073170731707,4.59973028012588,165.750407315713
"32031","Washoe County, Nevada",2021,1,0.317073170731707,4.6060608732846,164.138558045453
"32031","Washoe County, Nevada",2022,1,0.317073170731707,4.59710522977781,166.827446414487
"33011","Hillsborough County, New Hampshire",2012,1,0.380952380952381,4.6408696912164,165.0116276735
"33011","Hillsborough County, New Hampshire",2013,1,0.380952380952381,4.63795398884245,166.174226534436
"33011","Hillsborough County, New Hampshire",2014,1,0.380952380952381,4.63337538461428,166.515307512052
"33011","Hillsborough County, New Hampshire",2015,1,0.380952380952381,4.63845543401407,165.32278779401
"33011","Hillsborough County, New Hampshire",2016,1,0.380952380952381,4.64194737038435,163.82223825053
"33011","Hillsborough County, New Hampshire",2017,1,0.380952380952381,4.59178627874226,169.403635813572
"33011","Hillsborough County, New Hampshire",2018,1,0.380952380952381,4.57990600523538,172.686860709086
"33011","Hillsborough County, New Hampshire",2019,1,0.380952380952381,4.58516564732253,171.390874351217
"33011","Hillsborough County, New Hampshire",2020,1,0.380952380952381,4.579880740249,172.842300624278
"33011","Hillsborough County, New Hampshire",2021,1,0.380952380952381,4.571030106262,175.13244159811
"33011","Hillsborough County, New Hampshire",2022,1,0.380952380952381,4.5583629166003,178.603494085417
"33015","Rockingham County, New Hampshire",2012,1,0.316666666666667,4.65260371060144,165.139103346739
"33015","Rockingham County, New Hampshire",2013,1,0.316666666666667,4.65061396163347,168.136270571101
"33015","Rockingham County, New Hampshire",2014,1,0.316666666666667,4.65100652989034,167.129229325061
"33015","Rockingham County, New Hampshire",2015,1,0.316666666666667,4.63190644561931,174.55948829782
"33015","Rockingham County, New Hampshire",2016,1,0.316666666666667,4.63004969302112,174.50874336844
"33015","Rockingham County, New Hampshire",2017,1,0.316666666666667,4.58685653659973,177.205311474875
"33015","Rockingham County, New Hampshire",2018,1,0.316666666666667,4.58083740854303,180.506933427523
"33015","Rockingham County, New Hampshire",2019,1,0.316666666666667,4.57439132770703,179.938073447659
"33015","Rockingham County, New Hampshire",2020,1,0.316666666666667,4.55954956216483,183.270563338492
"33015","Rockingham County, New Hampshire",2021,1,0.316666666666667,4.55596639071723,184.621616251787
"33015","Rockingham County, New Hampshire",2022,1,0.316666666666667,4.55462181212773,185.701059231649
"34003","Bergen County, New Jersey",2012,1,0.208720514653324,4.58510716039659,168.685736611064
"34003","Bergen County, New Jersey",2013,1,0.208720514653324,4.57527499787263,171.797087427564
"34003","Bergen County, New Jersey",2014,1,0.208720514653324,4.57165241220711,172.924743921161
"34003","Bergen County, New Jersey",2015,1,0.208720514653324,4.57037108000172,174.390799484325
"34003","Bergen County, New Jersey",2016,1,0.208720514653324,4.56247165967428,175.747485353654
"34003","Bergen County, New Jersey",2017,1,0.208720514653324,4.53858173014576,179.914482704752
"34003","Bergen County, New Jersey",2018,1,0.208720514653324,4.53241486952835,181.203132308157
"34003","Bergen County, New Jersey",2019,1,0.208720514653324,4.52914735153323,183.167272741062
"34003","Bergen County, New Jersey",2020,1,0.208720514653324,4.53109365453909,181.712690077185
"34003","Bergen County, New Jersey",2021,1,0.208720514653324,4.53238639321651,181.672189226107
"34003","Bergen County, New Jersey",2022,1,0.208720514653324,4.52626820969877,185.08452518647
"34005","Burlington County, New Jersey",2012,1,0.253205128205128,4.61100144490073,166.793067936179
"34005","Burlington County, New Jersey",2013,1,0.253205128205128,4.6076675112626,167.58834796832
"34005","Burlington County, New Jersey",2014,1,0.253205128205128,4.59890659277307,168.257454437253
"34005","Burlington County, New Jersey",2015,1,0.253205128205128,4.59425776519018,169.055235799933
"34005","Burlington County, New Jersey",2016,1,0.253205128205128,4.59736906578673,167.543179631345
"34005","Burlington County, New Jersey",2017,1,0.253205128205128,4.54940595824689,173.955970735369
"34005","Burlington County, New Jersey",2018,1,0.253205128205128,4.54396692156355,173.913328691421
"34005","Burlington County, New Jersey",2019,1,0.253205128205128,4.5372853919231,175.052820809903
"34005","Burlington County, New Jersey",2020,1,0.253205128205128,4.53938300758122,173.506220776532
"34005","Burlington County, New Jersey",2021,1,0.253205128205128,4.53807129150653,172.870575505479
"34005","Burlington County, New Jersey",2022,1,0.253205128205128,4.53239271315755,175.873470085109
"34007","Camden County, New Jersey",2012,1,0.328358208955224,4.56341184248796,180.618558976162
"34007","Camden County, New Jersey",2013,1,0.328358208955224,4.55955477656553,180.831874823909
"34007","Camden County, New Jersey",2014,1,0.328358208955224,4.56146456989705,179.440456810316
"34007","Camden County, New Jersey",2015,1,0.328358208955224,4.54462938008643,184.754694273926
"34007","Camden County, New Jersey",2016,1,0.328358208955224,4.54211349182766,186.945805409503
"34007","Camden County, New Jersey",2017,1,0.328358208955224,4.50169712940261,188.795373345445
"34007","Camden County, New Jersey",2018,1,0.328358208955224,4.49974102718487,189.070403937711
"34007","Camden County, New Jersey",2019,1,0.328358208955224,4.50139620764101,186.179969230682
"34007","Camden County, New Jersey",2020,1,0.328358208955224,4.50548852193188,183.170112792948
"34007","Camden County, New Jersey",2021,1,0.328358208955224,4.50816449927671,183.589471624316
"34007","Camden County, New Jersey",2022,1,0.328358208955224,4.50086102435689,186.007663558444
"34013","Essex County, New Jersey",2012,1,0.668213457076566,4.58783218597544,175.959372613423
"34013","Essex County, New Jersey",2013,1,0.668213457076566,4.57535334782356,179.486942152404
"34013","Essex County, New Jersey",2014,1,0.668213457076566,4.56609672823215,181.555842477785
"34013","Essex County, New Jersey",2015,1,0.668213457076566,4.56750630232645,182.462435724071
"34013","Essex County, New Jersey",2016,1,0.668213457076566,4.56458055477656,182.426892579976
"34013","Essex County, New Jersey",2017,1,0.668213457076566,4.53127670795036,185.787685308022
"34013","Essex County, New Jersey",2018,1,0.668213457076566,4.52080363093529,187.632486893811
"34013","Essex County, New Jersey",2019,1,0.668213457076566,4.5216732156771,187.748367915551
"34013","Essex County, New Jersey",2020,1,0.668213457076566,4.52159255602156,187.089153997411
"34013","Essex County, New Jersey",2021,1,0.668213457076566,4.51593054116979,187.669638530025
"34013","Essex County, New Jersey",2022,1,0.668213457076566,4.52156260412739,187.566663471773
"34017","Hudson County, New Jersey",2012,1,0.41675656238763,4.53162523285727,193.191807666927
"34017","Hudson County, New Jersey",2013,1,0.41675656238763,4.52006852048906,198.393132101549
"34017","Hudson County, New Jersey",2014,1,0.41675656238763,4.51067332109306,200.876001830659
"34017","Hudson County, New Jersey",2015,1,0.41675656238763,4.50065913842393,206.997565277151
"34017","Hudson County, New Jersey",2016,1,0.41675656238763,4.50421521945316,207.15522661157
"34017","Hudson County, New Jersey",2017,1,0.41675656238763,4.46303015986457,214.381698153926
"34017","Hudson County, New Jersey",2018,1,0.41675656238763,4.45606286407294,214.910322340862
"34017","Hudson County, New Jersey",2019,1,0.41675656238763,4.44896169293433,217.490464892104
"34017","Hudson County, New Jersey",2020,1,0.41675656238763,4.45084553520533,215.548340781438
"34017","Hudson County, New Jersey",2021,1,0.41675656238763,4.43903939912921,220.821097417235
"34017","Hudson County, New Jersey",2022,1,0.41675656238763,4.42515334579455,229.624620529917
"34019","Hunterdon County, New Jersey",2012,1,0.168539325842697,4.522789736326,189.583036252555
"34019","Hunterdon County, New Jersey",2013,1,0.168539325842697,4.49937402052692,195.482691887913
"34019","Hunterdon County, New Jersey",2014,1,0.168539325842697,4.49899086261441,196.459846809497
"34019","Hunterdon County, New Jersey",2015,1,0.168539325842697,4.48596317529519,202.413896656894
"34019","Hunterdon County, New Jersey",2016,1,0.168539325842697,4.48343160741519,201.615402472942
"34019","Hunterdon County, New Jersey",2017,1,0.168539325842697,4.38692853950031,209.576226895303
"34019","Hunterdon County, New Jersey",2018,1,0.168539325842697,4.37249130030088,214.43303836689
"34019","Hunterdon County, New Jersey",2019,1,0.168539325842697,4.37671198003865,210.907632315351
"34019","Hunterdon County, New Jersey",2020,1,0.168539325842697,4.38726223753646,207.901162968163
"34019","Hunterdon County, New Jersey",2021,1,0.168539325842697,4.36312035415431,213.8207635064
"34019","Hunterdon County, New Jersey",2022,1,0.168539325842697,4.39392669969847,207.027090430163
"34021","Mercer County, New Jersey",2012,1,0.154641443026837,4.5288499684198,183.893750592145
"34021","Mercer County, New Jersey",2013,1,0.154641443026837,4.51839851475955,186.086902741596
"34021","Mercer County, New Jersey",2014,1,0.154641443026837,4.5061888217444,189.203993927663
"34021","Mercer County, New Jersey",2015,1,0.154641443026837,4.50319600508553,189.956225419172
"34021","Mercer County, New Jersey",2016,1,0.154641443026837,4.50726800525846,191.568982891488
"34021","Mercer County, New Jersey",2017,1,0.154641443026837,4.45014238009298,199.490270143977
"34021","Mercer County, New Jersey",2018,1,0.154641443026837,4.44593718192685,198.168173384158
"34021","Mercer County, New Jersey",2019,1,0.154641443026837,4.45423211672538,195.046595526978
"34021","Mercer County, New Jersey",2020,1,0.154641443026837,4.46893236692072,192.935811438966
"34021","Mercer County, New Jersey",2021,1,0.154641443026837,4.46553332402355,192.383707133475
"34021","Mercer County, New Jersey",2022,1,0.154641443026837,4.4618093897018,196.235224668454
"34023","Middlesex County, New Jersey",2012,1,0.254699214724798,4.50802944260097,225.40244141356
"34023","Middlesex County, New Jersey",2013,1,0.254699214724798,4.49243110110741,230.382755979224
"34023","Middlesex County, New Jersey",2014,1,0.254699214724798,4.48726967862477,230.232096593452
"34023","Middlesex County, New Jersey",2015,1,0.254699214724798,4.47985670567001,233.328527214476
"34023","Middlesex County, New Jersey",2016,1,0.254699214724798,4.47945138387552,234.57467296156
"34023","Middlesex County, New Jersey",2017,1,0.254699214724798,4.45973108275113,229.502354748448
"34023","Middlesex County, New Jersey",2018,1,0.254699214724798,4.45736406252709,227.140536599803
"34023","Middlesex County, New Jersey",2019,1,0.254699214724798,4.4628218725992,223.615667695788
"34023","Middlesex County, New Jersey",2020,1,0.254699214724798,4.46244759256062,222.109702068734
"34023","Middlesex County, New Jersey",2021,1,0.254699214724798,4.45492479432666,224.479243371123
"34023","Middlesex County, New Jersey",2022,1,0.254699214724798,4.44146916949551,231.614969253123
"34025","Monmouth County, New Jersey",2012,1,0.225373134328358,4.50250344576085,194.208521849006
"34025","Monmouth County, New Jersey",2013,1,0.225373134328358,4.49505488686302,195.870076936189
"34025","Monmouth County, New Jersey",2014,1,0.225373134328358,4.48847135651773,198.046925107661
"34025","Monmouth County, New Jersey",2015,1,0.225373134328358,4.48133480048985,199.711737288427
"34025","Monmouth County, New Jersey",2016,1,0.225373134328358,4.47144954337098,203.267676227849
"34025","Monmouth County, New Jersey",2017,1,0.225373134328358,4.44482480028611,207.223663880213
"34025","Monmouth County, New Jersey",2018,1,0.225373134328358,4.43701692051147,209.177020057448
"34025","Monmouth County, New Jersey",2019,1,0.225373134328358,4.43786253106084,209.758613291199
"34025","Monmouth County, New Jersey",2020,1,0.225373134328358,4.43252388855228,211.769386043103
"34025","Monmouth County, New Jersey",2021,1,0.225373134328358,4.43244305332351,212.827274343236
"34025","Monmouth County, New Jersey",2022,1,0.225373134328358,4.43302094711085,212.984655450186
"34027","Morris County, New Jersey",2012,1,0.287331917905166,4.56621324802055,173.556772553548
"34027","Morris County, New Jersey",2013,1,0.287331917905166,4.56211745247768,174.341669820631
"34027","Morris County, New Jersey",2014,1,0.287331917905166,4.55594252339582,175.870909593059
"34027","Morris County, New Jersey",2015,1,0.287331917905166,4.54971052694514,177.101786471156
"34027","Morris County, New Jersey",2016,1,0.287331917905166,4.55307270345841,175.959801194749
"34027","Morris County, New Jersey",2017,1,0.287331917905166,4.52713616986652,177.16885230118
"34027","Morris County, New Jersey",2018,1,0.287331917905166,4.51840273768475,179.682424158763
"34027","Morris County, New Jersey",2019,1,0.287331917905166,4.51795692824129,180.868260735797
"34027","Morris County, New Jersey",2020,1,0.287331917905166,4.51329855069091,181.94133409261
"34027","Morris County, New Jersey",2021,1,0.287331917905166,4.50832862951484,184.231751559125
"34027","Morris County, New Jersey",2022,1,0.287331917905166,4.51018118803078,184.99364853537
"34029","Ocean County, New Jersey",2012,1,0.488372093023256,4.46861660166931,207.46965186761
"34029","Ocean County, New Jersey",2013,1,0.488372093023256,4.45022215113948,211.148813972188
"34029","Ocean County, New Jersey",2014,1,0.488372093023256,4.45179706757649,210.041903121557
"34029","Ocean County, New Jersey",2015,1,0.488372093023256,4.46208353039114,205.877825282937
"34029","Ocean County, New Jersey",2016,1,0.488372093023256,4.46006881445014,206.266302051158
"34029","Ocean County, New Jersey",2017,1,0.488372093023256,4.42227057318503,210.709256606591
"34029","Ocean County, New Jersey",2018,1,0.488372093023256,4.41251008637442,212.240687874763
"34029","Ocean County, New Jersey",2019,1,0.488372093023256,4.4226104261381,209.128927718123
"34029","Ocean County, New Jersey",2020,1,0.488372093023256,4.40638827701801,210.667316899687
"34029","Ocean County, New Jersey",2021,1,0.488372093023256,4.4179194425127,207.419811180889
"34029","Ocean County, New Jersey",2022,1,0.488372093023256,4.42486030284656,207.834734181574
"34031","Passaic County, New Jersey",2012,1,0.242718446601942,4.58913712446178,178.850734067896
"34031","Passaic County, New Jersey",2013,1,0.242718446601942,4.58402900894056,180.377824766579
"34031","Passaic County, New Jersey",2014,1,0.242718446601942,4.58034322115456,180.656379985478
"34031","Passaic County, New Jersey",2015,1,0.242718446601942,4.57711883389438,180.902133817139
"34031","Passaic County, New Jersey",2016,1,0.242718446601942,4.56613942272085,182.752563082701
"34031","Passaic County, New Jersey",2017,1,0.242718446601942,4.53110461272761,185.943170971568
"34031","Passaic County, New Jersey",2018,1,0.242718446601942,4.5245691140111,187.075678761306
"34031","Passaic County, New Jersey",2019,1,0.242718446601942,4.51934518458422,187.818821608134
"34031","Passaic County, New Jersey",2020,1,0.242718446601942,4.51171983028099,188.326057184672
"34031","Passaic County, New Jersey",2021,1,0.242718446601942,4.50846356623625,191.677128294929
"34031","Passaic County, New Jersey",2022,1,0.242718446601942,4.50804273678581,191.111029236544
"34035","Somerset County, New Jersey",2012,1,0.157591107358942,4.46952833732197,205.02438488599
"34035","Somerset County, New Jersey",2013,1,0.157591107358942,4.45912962744673,205.673558382685
"34035","Somerset County, New Jersey",2014,1,0.157591107358942,4.46868706058377,203.010479427784
"34035","Somerset County, New Jersey",2015,1,0.157591107358942,4.46026319630248,204.416910111205
"34035","Somerset County, New Jersey",2016,1,0.157591107358942,4.46713646009789,202.052466770069
"34035","Somerset County, New Jersey",2017,1,0.157591107358942,4.41130253589922,206.02187019866
"34035","Somerset County, New Jersey",2018,1,0.157591107358942,4.40516108022099,207.100123254347
"34035","Somerset County, New Jersey",2019,1,0.157591107358942,4.41098434635551,206.095038877697
"34035","Somerset County, New Jersey",2020,1,0.157591107358942,4.41198252322668,204.284214969352
"34035","Somerset County, New Jersey",2021,1,0.157591107358942,4.41372719293018,202.711523573399
"34035","Somerset County, New Jersey",2022,1,0.157591107358942,4.4097532043653,206.027872927058
"34039","Union County, New Jersey",2012,1,0.513991637182374,4.60850211649788,167.93018038791
"34039","Union County, New Jersey",2013,1,0.513991637182374,4.60213335559648,169.839958225023
"34039","Union County, New Jersey",2014,1,0.513991637182374,4.59774369437452,170.361038630717
"34039","Union County, New Jersey",2015,1,0.513991637182374,4.58244699288031,174.182332830816
"34039","Union County, New Jersey",2016,1,0.513991637182374,4.58158286661654,175.791152754002
"34039","Union County, New Jersey",2017,1,0.513991637182374,4.5462863212793,180.762437038119
"34039","Union County, New Jersey",2018,1,0.513991637182374,4.52629656695472,185.834675940738
"34039","Union County, New Jersey",2019,1,0.513991637182374,4.52687923032942,186.25829012859
"34039","Union County, New Jersey",2020,1,0.513991637182374,4.51204507000715,189.192002731205
"34039","Union County, New Jersey",2021,1,0.513991637182374,4.50539734113591,191.729654265498
"34039","Union County, New Jersey",2022,1,0.513991637182374,4.50116142383775,195.22565244348
"35001","Bernalillo County, New Mexico",2012,1,0.346491228070175,4.64776757067579,164.74436418407
"35001","Bernalillo County, New Mexico",2013,1,0.346491228070175,4.64067411224702,167.096844597394
"35001","Bernalillo County, New Mexico",2014,1,0.346491228070175,4.6384081769448,167.068939449117
"35001","Bernalillo County, New Mexico",2015,1,0.346491228070175,4.6315457413919,169.345315572339
"35001","Bernalillo County, New Mexico",2016,1,0.346491228070175,4.62822265360105,170.542389847141
"35001","Bernalillo County, New Mexico",2017,1,0.346491228070175,4.58655194633705,178.297526608342
"35001","Bernalillo County, New Mexico",2018,1,0.346491228070175,4.57664581140953,180.160060765376
"35001","Bernalillo County, New Mexico",2019,1,0.346491228070175,4.57723129246642,179.671948634324
"35001","Bernalillo County, New Mexico",2020,1,0.346491228070175,4.56740421162686,181.088438212301
"35001","Bernalillo County, New Mexico",2021,1,0.346491228070175,4.56591061418003,179.377685333281
"35001","Bernalillo County, New Mexico",2022,1,0.346491228070175,4.56072003246131,181.88608354013
"36001","Albany County, New York",2012,1,0.267489711934156,4.59289054038036,178.915576646606
"36001","Albany County, New York",2013,1,0.267489711934156,4.5827341983511,183.020320934465
"36001","Albany County, New York",2014,1,0.267489711934156,4.58256136467393,181.735995320055
"36001","Albany County, New York",2015,1,0.267489711934156,4.57504382395268,183.217506187102
"36001","Albany County, New York",2016,1,0.267489711934156,4.57231809218332,183.607552992884
"36001","Albany County, New York",2017,1,0.267489711934156,4.51150147541777,193.371742112483
"36001","Albany County, New York",2018,1,0.267489711934156,4.51400671121957,194.236087231251
"36001","Albany County, New York",2019,1,0.267489711934156,4.5202857832541,189.144536827077
"36001","Albany County, New York",2020,1,0.267489711934156,4.53065699918251,184.443785829938
"36001","Albany County, New York",2021,1,0.267489711934156,4.53060376412768,183.072815907223
"36001","Albany County, New York",2022,1,0.267489711934156,4.52145277133597,185.573441783617
"36005","Bronx County, New York",2012,1,0.444444444444444,4.15703577266075,328.662324733287
"36005","Bronx County, New York",2013,1,0.444444444444444,4.14781364277615,328.416273284837
"36005","Bronx County, New York",2014,1,0.444444444444444,4.14000966570219,328.604905733124
"36005","Bronx County, New York",2015,1,0.444444444444444,4.14410814172106,326.566183287509
"36005","Bronx County, New York",2016,1,0.444444444444444,4.15246568868914,323.896236358178
"36005","Bronx County, New York",2017,1,0.444444444444444,4.11060689416689,327.168008012961
"36005","Bronx County, New York",2018,1,0.444444444444444,4.09345511856851,332.014504105893
"36005","Bronx County, New York",2019,1,0.444444444444444,4.09938348545784,328.817453425061
"36005","Bronx County, New York",2020,1,0.444444444444444,4.10869437330576,323.207047836426
"36005","Bronx County, New York",2021,1,0.444444444444444,4.09760055911898,327.86121478463
"36005","Bronx County, New York",2022,1,0.444444444444444,4.09387287952492,325.408294094933
"36011","Cayuga County, New York",2012,1,0.384615384615385,4.54667174808574,188.032268034157
"36011","Cayuga County, New York",2013,1,0.384615384615385,4.52942332421196,193.330851444284
"36011","Cayuga County, New York",2014,1,0.384615384615385,4.52946735888924,194.335575615411
"36011","Cayuga County, New York",2015,1,0.384615384615385,4.52686560346529,196.911944925029
"36011","Cayuga County, New York",2016,1,0.384615384615385,4.52853841348926,191.976543245717
"36011","Cayuga County, New York",2017,1,0.384615384615385,4.27350000885288,216.800081530894
"36011","Cayuga County, New York",2018,1,0.384615384615385,4.26545628075235,218.415864248582
"36011","Cayuga County, New York",2019,1,0.384615384615385,4.27559666778695,217.863780116457
"36011","Cayuga County, New York",2020,1,0.384615384615385,4.28383001690109,216.90048568447
"36011","Cayuga County, New York",2021,1,0.384615384615385,4.28959942039649,214.351589050443
"36011","Cayuga County, New York",2022,1,0.384615384615385,4.27180700913125,218.060199307694
"36023","Cortland County, New York",2012,1,0.333333333333333,4.51306204600923,196.157849461189
"36023","Cortland County, New York",2013,1,0.333333333333333,4.49747751971898,204.808366005277
"36023","Cortland County, New York",2014,1,0.333333333333333,4.50017572006566,198.303152612111
"36023","Cortland County, New York",2015,1,0.333333333333333,4.49361213224443,201.985003275983
"36023","Cortland County, New York",2016,1,0.333333333333333,4.48090774351689,206.929397768459
"36023","Cortland County, New York",2017,1,0.333333333333333,4.09260930496508,278.231327727613
"36023","Cortland County, New York",2018,1,0.333333333333333,4.13300424327168,252.445640666099
"36023","Cortland County, New York",2019,1,0.333333333333333,4.15875910965451,239.945521551033
"36023","Cortland County, New York",2020,1,0.333333333333333,4.14710106813645,238.352916924345
"36023","Cortland County, New York",2021,1,0.333333333333333,4.16136280578228,228.873307177605
"36023","Cortland County, New York",2022,1,0.333333333333333,4.11303561738808,247.284728553417
"36027","Dutchess County, New York",2012,1,0.290697674418605,4.49910795885723,204.169689537095
"36027","Dutchess County, New York",2013,1,0.290697674418605,4.48087206549772,208.758140499751
"36027","Dutchess County, New York",2014,1,0.290697674418605,4.48643694661071,209.199759773763
"36027","Dutchess County, New York",2015,1,0.290697674418605,4.48381669119632,208.219687888728
"36027","Dutchess County, New York",2016,1,0.290697674418605,4.47650002350486,210.418496465818
"36027","Dutchess County, New York",2017,1,0.290697674418605,4.43106545421169,215.741902800342
"36027","Dutchess County, New York",2018,1,0.290697674418605,4.43788870755982,210.092483333694
"36027","Dutchess County, New York",2019,1,0.290697674418605,4.43198337768313,212.32982369813
"36027","Dutchess County, New York",2020,1,0.290697674418605,4.41874436688135,213.788482971786
"36027","Dutchess County, New York",2021,1,0.290697674418605,4.42721758119166,211.405989566613
"36027","Dutchess County, New York",2022,1,0.290697674418605,4.43236210201393,214.811212652784
"36029","Erie County, New York",2012,1,0.661157024793388,4.64316119846023,168.427926515792
"36029","Erie County, New York",2013,1,0.661157024793388,4.63650618130853,170.532279446862
"36029","Erie County, New York",2014,1,0.661157024793388,4.63415558790503,173.161999239702
"36029","Erie County, New York",2015,1,0.661157024793388,4.63263240744065,173.145478548585
"36029","Erie County, New York",2016,1,0.661157024793388,4.64044316201487,170.976803238123
"36029","Erie County, New York",2017,1,0.661157024793388,4.60445745334524,177.395964047896
"36029","Erie County, New York",2018,1,0.661157024793388,4.60459989031316,177.170380454897
"36029","Erie County, New York",2019,1,0.661157024793388,4.60455560870608,177.584627166633
"36029","Erie County, New York",2020,1,0.661157024793388,4.60657768029816,174.555334923595
"36029","Erie County, New York",2021,1,0.661157024793388,4.60478801145059,174.081790674016
"36029","Erie County, New York",2022,1,0.661157024793388,4.59746482480625,177.241962257359
"36047","Kings County, New York",2012,1,0.364010989010989,4.43952307259453,215.46950699059
"36047","Kings County, New York",2013,1,0.364010989010989,4.42942057879147,218.289609859505
"36047","Kings County, New York",2014,1,0.364010989010989,4.42862627897949,217.237704219462
"36047","Kings County, New York",2015,1,0.364010989010989,4.42163261482116,221.122924552869
"36047","Kings County, New York",2016,1,0.364010989010989,4.41951681846743,221.801863661811
"36047","Kings County, New York",2017,1,0.364010989010989,4.40195492516088,225.213431902459
"36047","Kings County, New York",2018,1,0.364010989010989,4.40058200343829,223.42469021527
"36047","Kings County, New York",2019,1,0.364010989010989,4.40410004157145,220.844636680359
"36047","Kings County, New York",2020,1,0.364010989010989,4.40520873382722,217.844060835306
"36047","Kings County, New York",2021,1,0.364010989010989,4.40674511055283,217.602290857322
"36047","Kings County, New York",2022,1,0.364010989010989,4.40802329488305,219.105636886421
"36055","Monroe County, New York",2012,1,0.164179104477612,4.63989189398113,168.25343921671
"36055","Monroe County, New York",2013,1,0.164179104477612,4.63041024301186,171.00351165317
"36055","Monroe County, New York",2014,1,0.164179104477612,4.62608382497408,170.811189666169
"36055","Monroe County, New York",2015,1,0.164179104477612,4.62342954836595,172.342437090974
"36055","Monroe County, New York",2016,1,0.164179104477612,4.62365163375638,171.993042953169
"36055","Monroe County, New York",2017,1,0.164179104477612,4.59677590055451,174.669418802784
"36055","Monroe County, New York",2018,1,0.164179104477612,4.5998607100571,173.405842575421
"36055","Monroe County, New York",2019,1,0.164179104477612,4.59613605453429,173.754586534005
"36055","Monroe County, New York",2020,1,0.164179104477612,4.59646607690754,172.102182556785
"36055","Monroe County, New York",2021,1,0.164179104477612,4.59597999300526,173.140738100922
"36055","Monroe County, New York",2022,1,0.164179104477612,4.58544553245968,176.574624850347
"36059","Nassau County, New York",2012,1,0.324532453245325,4.47059836559258,191.265231916662
"36059","Nassau County, New York",2013,1,0.324532453245325,4.45791256295077,193.575645951816
"36059","Nassau County, New York",2014,1,0.324532453245325,4.46109617400278,193.255646001105
"36059","Nassau County, New York",2015,1,0.324532453245325,4.45614092972119,193.912731185037
"36059","Nassau County, New York",2016,1,0.324532453245325,4.45303670865018,194.258813583794
"36059","Nassau County, New York",2017,1,0.324532453245325,4.4333364362108,198.74371056809
"36059","Nassau County, New York",2018,1,0.324532453245325,4.42712313352544,199.097758602863
"36059","Nassau County, New York",2019,1,0.324532453245325,4.41658158332918,200.660920474287
"36059","Nassau County, New York",2020,1,0.324532453245325,4.41284553826183,200.30101189277
"36059","Nassau County, New York",2021,1,0.324532453245325,4.40987642003189,202.143257721581
"36059","Nassau County, New York",2022,1,0.324532453245325,4.41007181774854,202.944141883996
"36061","New York County, New York",2012,1,0.17766184686165,4.35378727391478,212.619132015264
"36061","New York County, New York",2013,1,0.17766184686165,4.35026070983815,213.524748629799
"36061","New York County, New York",2014,1,0.17766184686165,4.34967879432785,213.922683847028
"36061","New York County, New York",2015,1,0.17766184686165,4.34797156267007,215.221746496301
"36061","New York County, New York",2016,1,0.17766184686165,4.34730688182538,216.641274392395
"36061","New York County, New York",2017,1,0.17766184686165,4.33050654329709,221.438023708826
"36061","New York County, New York",2018,1,0.17766184686165,4.32246216018554,223.832560225703
"36061","New York County, New York",2019,1,0.17766184686165,4.32692225130918,223.209898096032
"36061","New York County, New York",2020,1,0.17766184686165,4.32481350800564,222.938423774038
"36061","New York County, New York",2021,1,0.17766184686165,4.3262522146598,222.449501185777
"36061","New York County, New York",2022,1,0.17766184686165,4.31548125790152,228.011504048529
"36067","Onondaga County, New York",2012,1,0.755555555555556,4.6454652899751,162.539981337985
"36067","Onondaga County, New York",2013,1,0.755555555555556,4.63825764553274,166.00226171886
"36067","Onondaga County, New York",2014,1,0.755555555555556,4.64228674829913,166.442861636861
"36067","Onondaga County, New York",2015,1,0.755555555555556,4.63784264390726,166.47764465159
"36067","Onondaga County, New York",2016,1,0.755555555555556,4.63529458936899,167.052701703814
"36067","Onondaga County, New York",2017,1,0.755555555555556,4.59042511758472,171.477958455852
"36067","Onondaga County, New York",2018,1,0.755555555555556,4.58452713171739,173.241646707855
"36067","Onondaga County, New York",2019,1,0.755555555555556,4.58833234435841,171.214232446962
"36067","Onondaga County, New York",2020,1,0.755555555555556,4.59200969178939,168.675235796932
"36067","Onondaga County, New York",2021,1,0.755555555555556,4.59794519993275,167.232541719033
"36067","Onondaga County, New York",2022,1,0.755555555555556,4.58691571733667,174.284548785142
"36069","Ontario County, New York",2012,1,0.048951048951049,4.60488197941686,180.052702173952
"36069","Ontario County, New York",2013,1,0.048951048951049,4.59542034518224,182.099385731183
"36069","Ontario County, New York",2014,1,0.048951048951049,4.59275208955335,184.929327357383
"36069","Ontario County, New York",2015,1,0.048951048951049,4.59073523574014,186.028071529959
"36069","Ontario County, New York",2016,1,0.048951048951049,4.59601189713629,186.76101624415
"36069","Ontario County, New York",2017,1,0.048951048951049,4.5023915868133,200.837686157265
"36069","Ontario County, New York",2018,1,0.048951048951049,4.50169655979018,196.867662992206
"36069","Ontario County, New York",2019,1,0.048951048951049,4.48420178962788,203.079982490549
"36069","Ontario County, New York",2020,1,0.048951048951049,4.47859965959015,198.703621929482
"36069","Ontario County, New York",2021,1,0.048951048951049,4.45985868521589,206.35430092223
"36069","Ontario County, New York",2022,1,0.048951048951049,4.45914089365232,204.35184513312
"36071","Orange County, New York",2012,1,0.5,4.59775661925394,177.018197302144
"36071","Orange County, New York",2013,1,0.5,4.59233327616799,179.29267278501
"36071","Orange County, New York",2014,1,0.5,4.58890724568895,179.866406643337
"36071","Orange County, New York",2015,1,0.5,4.58083727025029,185.525660129321
"36071","Orange County, New York",2016,1,0.5,4.5745383526225,185.817212716981
"36071","Orange County, New York",2017,1,0.5,4.52404105778314,190.837007777039
"36071","Orange County, New York",2018,1,0.5,4.51661381342237,194.791104758183
"36071","Orange County, New York",2019,1,0.5,4.51802273431118,192.082557846006
"36071","Orange County, New York",2020,1,0.5,4.51893261416645,189.324760599581
"36071","Orange County, New York",2021,1,0.5,4.49940729912994,195.886601223421
"36071","Orange County, New York",2022,1,0.5,4.4907096581554,196.635044617547
"36079","Putnam County, New York",2012,1,0.189655172413793,4.37223819429579,225.464908528932
"36079","Putnam County, New York",2013,1,0.189655172413793,4.35248256728866,233.842773965035
"36079","Putnam County, New York",2014,1,0.189655172413793,4.35762332350861,233.778327907102
"36079","Putnam County, New York",2015,1,0.189655172413793,4.36155564004051,233.137655758634
"36079","Putnam County, New York",2016,1,0.189655172413793,4.36146026652419,230.310187786016
"36079","Putnam County, New York",2017,1,0.189655172413793,4.22114159299676,248.816835711785
"36079","Putnam County, New York",2018,1,0.189655172413793,4.19654090694634,256.664460787374
"36079","Putnam County, New York",2019,1,0.189655172413793,4.20807431574471,258.033500063721
"36079","Putnam County, New York",2020,1,0.189655172413793,4.19252430031577,261.598219374578
"36079","Putnam County, New York",2021,1,0.189655172413793,4.18216600012241,265.468777545918
"36079","Putnam County, New York",2022,1,0.189655172413793,4.2078448560762,263.161738816822
"36081","Queens County, New York",2012,1,0.24950495049505,4.42178052489708,219.331918601317
"36081","Queens County, New York",2013,1,0.24950495049505,4.40951240360952,223.714502745574
"36081","Queens County, New York",2014,1,0.24950495049505,4.3966152727137,228.263669780168
"36081","Queens County, New York",2015,1,0.24950495049505,4.39272037525093,228.598743739213
"36081","Queens County, New York",2016,1,0.24950495049505,4.38723429294313,231.269998120894
"36081","Queens County, New York",2017,1,0.24950495049505,4.37182800500141,235.55773957728
"36081","Queens County, New York",2018,1,0.24950495049505,4.36301145813073,237.60267963941
"36081","Queens County, New York",2019,1,0.24950495049505,4.35172509543625,241.351435716746
"36081","Queens County, New York",2020,1,0.24950495049505,4.35456262034898,236.972761115224
"36081","Queens County, New York",2021,1,0.24950495049505,4.3495677977157,239.115375402351
"36081","Queens County, New York",2022,1,0.24950495049505,4.3380791860853,245.458137645434
"36087","Rockland County, New York",2012,1,0.175438596491228,4.52491845573952,180.863454578511
"36087","Rockland County, New York",2013,1,0.175438596491228,4.52025182391034,182.220058928424
"36087","Rockland County, New York",2014,1,0.175438596491228,4.51541790280586,180.924461614292
"36087","Rockland County, New York",2015,1,0.175438596491228,4.50191224368308,184.555205445461
"36087","Rockland County, New York",2016,1,0.175438596491228,4.50870342166375,182.630777320136
"36087","Rockland County, New York",2017,1,0.175438596491228,4.45665787993384,186.827720121309
"36087","Rockland County, New York",2018,1,0.175438596491228,4.4508293805863,186.4357274358
"36087","Rockland County, New York",2019,1,0.175438596491228,4.43776633012871,189.230607647753
"36087","Rockland County, New York",2020,1,0.175438596491228,4.43598413817565,188.395560259177
"36087","Rockland County, New York",2021,1,0.175438596491228,4.42138163874308,194.076038341877
"36087","Rockland County, New York",2022,1,0.175438596491228,4.40510310347673,196.904710142523
"36091","Saratoga County, New York",2012,1,0.295454545454545,4.54484096892671,188.255095667375
"36091","Saratoga County, New York",2013,1,0.295454545454545,4.53309130516265,189.681760856633
"36091","Saratoga County, New York",2014,1,0.295454545454545,4.52139434111422,193.168148610204
"36091","Saratoga County, New York",2015,1,0.295454545454545,4.51270588594678,196.21480826273
"36091","Saratoga County, New York",2016,1,0.295454545454545,4.4984638222796,199.16917351406
"36091","Saratoga County, New York",2017,1,0.295454545454545,4.42139588207133,203.002605551696
"36091","Saratoga County, New York",2018,1,0.295454545454545,4.42176821874164,204.612572543646
"36091","Saratoga County, New York",2019,1,0.295454545454545,4.42294659397037,200.901261295181
"36091","Saratoga County, New York",2020,1,0.295454545454545,4.4252932601929,199.682065200613
"36091","Saratoga County, New York",2021,1,0.295454545454545,4.42833610089364,200.290556962953
"36091","Saratoga County, New York",2022,1,0.295454545454545,4.42612602054984,199.258042626606
"36099","Seneca County, New York",2012,1,0.136363636363636,4.41705915323568,209.319007356308
"36099","Seneca County, New York",2013,1,0.136363636363636,4.35832743755032,233.781550422483
"36099","Seneca County, New York",2014,1,0.136363636363636,4.3695850038759,227.755063824475
"36099","Seneca County, New York",2015,1,0.136363636363636,4.35357993037316,230.470144812537
"36099","Seneca County, New York",2016,1,0.136363636363636,4.3718389829341,224.204924939921
"36099","Seneca County, New York",2017,1,0.136363636363636,4.00729601229502,272.323420828431
"36099","Seneca County, New York",2018,1,0.136363636363636,3.96485181897707,276.411221392574
"36099","Seneca County, New York",2019,1,0.136363636363636,3.97617056119652,275.202287289923
"36099","Seneca County, New York",2020,1,0.136363636363636,3.96805825832018,275.918769179208
"36099","Seneca County, New York",2021,1,0.136363636363636,3.96514057837759,269.385598075933
"36099","Seneca County, New York",2022,1,0.136363636363636,3.8997982989531,287.261835052475
"36101","Steuben County, New York",2012,1,0.533333333333333,4.49963668217326,197.610835595696
"36101","Steuben County, New York",2013,1,0.533333333333333,4.4868834110977,203.055177891808
"36101","Steuben County, New York",2014,1,0.533333333333333,4.50095030286921,198.205644387968
"36101","Steuben County, New York",2015,1,0.533333333333333,4.502750189333,197.128628540297
"36101","Steuben County, New York",2016,1,0.533333333333333,4.49216327548579,199.346884273363
"36101","Steuben County, New York",2017,1,0.533333333333333,4.26872546639063,233.04248955849
"36101","Steuben County, New York",2018,1,0.533333333333333,4.28838508002818,227.157010048543
"36101","Steuben County, New York",2019,1,0.533333333333333,4.2939833522362,224.459883410466
"36101","Steuben County, New York",2020,1,0.533333333333333,4.29885904475857,218.643495404387
"36101","Steuben County, New York",2021,1,0.533333333333333,4.28454901556917,220.785589728738
"36101","Steuben County, New York",2022,1,0.533333333333333,4.27781669995725,229.092469035514
"36103","Suffolk County, New York",2012,1,0.349576271186441,4.57807478870624,178.601277014707
"36103","Suffolk County, New York",2013,1,0.349576271186441,4.56185880281751,182.408049618425
"36103","Suffolk County, New York",2014,1,0.349576271186441,4.55161873405999,184.914170784305
"36103","Suffolk County, New York",2015,1,0.349576271186441,4.54248524945254,187.725725090705
"36103","Suffolk County, New York",2016,1,0.349576271186441,4.5353296200738,189.6844243933
"36103","Suffolk County, New York",2017,1,0.349576271186441,4.5162811606195,193.066566196065
"36103","Suffolk County, New York",2018,1,0.349576271186441,4.50225148054283,196.54344869232
"36103","Suffolk County, New York",2019,1,0.349576271186441,4.49230607173784,199.177200019243
"36103","Suffolk County, New York",2020,1,0.349576271186441,4.485176365726,200.72438165101
"36103","Suffolk County, New York",2021,1,0.349576271186441,4.47117978480029,205.311424393229
"36103","Suffolk County, New York",2022,1,0.349576271186441,4.46826653330403,205.615133872713
"36109","Tompkins County, New York",2012,1,0.358974358974359,4.55191065858531,195.18889633579
"36109","Tompkins County, New York",2013,1,0.358974358974359,4.56738170961794,185.943460745431
"36109","Tompkins County, New York",2014,1,0.358974358974359,4.55963635979303,188.979782316998
"36109","Tompkins County, New York",2015,1,0.358974358974359,4.56521882704628,190.564477559905
"36109","Tompkins County, New York",2016,1,0.358974358974359,4.55575845869323,191.874201059167
"36109","Tompkins County, New York",2017,1,0.358974358974359,4.37342655258429,213.230106214603
"36109","Tompkins County, New York",2018,1,0.358974358974359,4.35471724199651,224.561481531464
"36109","Tompkins County, New York",2019,1,0.358974358974359,4.36784953688493,221.025707216458
"36109","Tompkins County, New York",2020,1,0.358974358974359,4.35052985162046,214.864218633945
"36109","Tompkins County, New York",2021,1,0.358974358974359,4.35281491388765,211.240628014303
"36109","Tompkins County, New York",2022,1,0.358974358974359,4.36110583559811,212.931137518125
"36119","Westchester County, New York",2012,1,0.417827298050139,4.4960792385511,183.543717123565
"36119","Westchester County, New York",2013,1,0.417827298050139,4.48897422628301,185.057838652708
"36119","Westchester County, New York",2014,1,0.417827298050139,4.48328332931927,188.237426324543
"36119","Westchester County, New York",2015,1,0.417827298050139,4.47754800295812,190.110665607782
"36119","Westchester County, New York",2016,1,0.417827298050139,4.47386481121641,190.418952936068
"36119","Westchester County, New York",2017,1,0.417827298050139,4.44531195872713,194.428799389472
"36119","Westchester County, New York",2018,1,0.417827298050139,4.42984378075955,198.719362312247
"36119","Westchester County, New York",2019,1,0.417827298050139,4.42849462035789,199.428548646893
"36119","Westchester County, New York",2020,1,0.417827298050139,4.42792061373674,198.097010382929
"36119","Westchester County, New York",2021,1,0.417827298050139,4.41633983893194,200.657908777499
"36119","Westchester County, New York",2022,1,0.417827298050139,4.40976226776472,202.572887743607
"37019","Brunswick County, North Carolina",2012,1,0.575757575757576,4.38185980114787,248.134434245588
"37019","Brunswick County, North Carolina",2013,1,0.575757575757576,4.36875245760795,254.877126654064
"37019","Brunswick County, North Carolina",2014,1,0.575757575757576,4.36446439902721,253.1950497033
"37019","Brunswick County, North Carolina",2015,1,0.575757575757576,4.36891590586707,252.286189413441
"37019","Brunswick County, North Carolina",2016,1,0.575757575757576,4.36713018441463,251.187985674527
"37019","Brunswick County, North Carolina",2017,1,0.575757575757576,4.18686445873602,274.677425703469
"37019","Brunswick County, North Carolina",2018,1,0.575757575757576,4.14627458507857,286.865555110351
"37019","Brunswick County, North Carolina",2019,1,0.575757575757576,4.1497477731311,285.558000711289
"37019","Brunswick County, North Carolina",2020,1,0.575757575757576,4.15601420313511,286.685482975326
"37019","Brunswick County, North Carolina",2021,1,0.575757575757576,4.16004986233184,292.31458188332
"37019","Brunswick County, North Carolina",2022,1,0.575757575757576,4.20745037549164,273.468846450617
"37025","Cabarrus County, North Carolina",2012,1,0.401129943502825,4.56637618548507,181.748691527391
"37025","Cabarrus County, North Carolina",2013,1,0.401129943502825,4.56276460085146,182.16222383836
"37025","Cabarrus County, North Carolina",2014,1,0.401129943502825,4.56320814771395,183.321243879353
"37025","Cabarrus County, North Carolina",2015,1,0.401129943502825,4.54616396488905,185.805769061603
"37025","Cabarrus County, North Carolina",2016,1,0.401129943502825,4.52515522650026,192.221877780597
"37025","Cabarrus County, North Carolina",2017,1,0.401129943502825,4.43024714804274,202.059731145698
"37025","Cabarrus County, North Carolina",2018,1,0.401129943502825,4.41096071511069,205.945526059967
"37025","Cabarrus County, North Carolina",2019,1,0.401129943502825,4.40860920691928,207.605775230605
"37025","Cabarrus County, North Carolina",2020,1,0.401129943502825,4.40199174946532,208.948126450539
"37025","Cabarrus County, North Carolina",2021,1,0.401129943502825,4.39416024927695,209.741027355883
"37025","Cabarrus County, North Carolina",2022,1,0.401129943502825,4.40428474600182,208.670486754446
"37037","Chatham County, North Carolina",2012,1,0.23943661971831,4.52063121256293,175.599108850153
"37037","Chatham County, North Carolina",2013,1,0.23943661971831,4.53202809196984,174.565653689204
"37037","Chatham County, North Carolina",2014,1,0.23943661971831,4.53303124014365,175.493212913783
"37037","Chatham County, North Carolina",2015,1,0.23943661971831,4.5382061609824,174.142508952765
"37037","Chatham County, North Carolina",2016,1,0.23943661971831,4.52303278556428,176.438775510204
"37037","Chatham County, North Carolina",2017,1,0.23943661971831,4.2736001709141,204.929210239806
"37037","Chatham County, North Carolina",2018,1,0.23943661971831,4.24229863572206,209.504757785467
"37037","Chatham County, North Carolina",2019,1,0.23943661971831,4.23759322935956,213.867988084512
"37037","Chatham County, North Carolina",2020,1,0.23943661971831,4.23168840962749,216.503203509658
"37037","Chatham County, North Carolina",2021,1,0.23943661971831,4.27703711779904,211.080581955768
"37037","Chatham County, North Carolina",2022,1,0.23943661971831,4.29888759262339,208.213736524985
"37063","Durham County, North Carolina",2012,1,0.96090973702914,4.56737518883094,181.237258468804
"37063","Durham County, North Carolina",2013,1,0.96090973702914,4.56844173191861,180.892075400927
"37063","Durham County, North Carolina",2014,1,0.96090973702914,4.57786958834584,177.507837088394
"37063","Durham County, North Carolina",2015,1,0.96090973702914,4.56168176621078,179.795340719346
"37063","Durham County, North Carolina",2016,1,0.96090973702914,4.55623120855545,181.090419106264
"37063","Durham County, North Carolina",2017,1,0.96090973702914,4.49488932409265,184.030013988323
"37063","Durham County, North Carolina",2018,1,0.96090973702914,4.47600067904441,189.017105548589
"37063","Durham County, North Carolina",2019,1,0.96090973702914,4.47903643673078,189.449127332057
"37063","Durham County, North Carolina",2020,1,0.96090973702914,4.47957428202685,187.33198328869
"37063","Durham County, North Carolina",2021,1,0.96090973702914,4.4766233277041,184.1331903421
"37063","Durham County, North Carolina",2022,1,0.96090973702914,4.47671334209444,184.11211929736
"37067","Forsyth County, North Carolina",2012,1,0.575,4.62137067501784,169.55366061854
"37067","Forsyth County, North Carolina",2013,1,0.575,4.62864326960425,169.61220728826
"37067","Forsyth County, North Carolina",2014,1,0.575,4.6262385825007,168.091921107567
"37067","Forsyth County, North Carolina",2015,1,0.575,4.62287377519156,172.026700840667
"37067","Forsyth County, North Carolina",2016,1,0.575,4.61860424458731,171.89403546109
"37067","Forsyth County, North Carolina",2017,1,0.575,4.56799717352628,175.395963671472
"37067","Forsyth County, North Carolina",2018,1,0.575,4.55696609018038,178.164777504124
"37067","Forsyth County, North Carolina",2019,1,0.575,4.55646787446527,179.197258125175
"37067","Forsyth County, North Carolina",2020,1,0.575,4.55382938736166,179.055317680263
"37067","Forsyth County, North Carolina",2021,1,0.575,4.55145420577494,178.637531143281
"37067","Forsyth County, North Carolina",2022,1,0.575,4.54449613859442,180.420129778856
"37071","Gaston County, North Carolina",2012,1,0.0845070422535211,4.54641841396901,196.091833272326
"37071","Gaston County, North Carolina",2013,1,0.0845070422535211,4.52601447774822,208.29069399519
"37071","Gaston County, North Carolina",2014,1,0.0845070422535211,4.52607770635031,208.348295129993
"37071","Gaston County, North Carolina",2015,1,0.0845070422535211,4.54133153685724,201.171331918403
"37071","Gaston County, North Carolina",2016,1,0.0845070422535211,4.54021299227764,203.690338483852
"37071","Gaston County, North Carolina",2017,1,0.0845070422535211,4.44248358592065,212.476352256701
"37071","Gaston County, North Carolina",2018,1,0.0845070422535211,4.43841057771824,213.859133235315
"37071","Gaston County, North Carolina",2019,1,0.0845070422535211,4.43818844407469,212.677318772513
"37071","Gaston County, North Carolina",2020,1,0.0845070422535211,4.42288935580549,216.102367495213
"37071","Gaston County, North Carolina",2021,1,0.0845070422535211,4.43889817385099,210.138093940972
"37071","Gaston County, North Carolina",2022,1,0.0845070422535211,4.44533494092136,207.921298322034
"37081","Guilford County, North Carolina",2012,1,1.03448275862069,4.70942112581143,151.742772321314
"37081","Guilford County, North Carolina",2013,1,1.03448275862069,4.70492574393934,152.330511490852
"37081","Guilford County, North Carolina",2014,1,1.03448275862069,4.70139838970161,152.752815669328
"37081","Guilford County, North Carolina",2015,1,1.03448275862069,4.69890748740484,153.582165218607
"37081","Guilford County, North Carolina",2016,1,1.03448275862069,4.69385388192916,154.546244497661
"37081","Guilford County, North Carolina",2017,1,1.03448275862069,4.65845160498615,157.604908527553
"37081","Guilford County, North Carolina",2018,1,1.03448275862069,4.6451980523514,157.955916774969
"37081","Guilford County, North Carolina",2019,1,1.03448275862069,4.63562141379232,160.923079213464
"37081","Guilford County, North Carolina",2020,1,1.03448275862069,4.63212925512267,159.910613520792
"37081","Guilford County, North Carolina",2021,1,1.03448275862069,4.6385925369949,159.90748327991
"37081","Guilford County, North Carolina",2022,1,1.03448275862069,4.62878073273777,162.419853470131
"37097","Iredell County, North Carolina",2012,1,0.65,4.65224077039902,163.268456125428
"37097","Iredell County, North Carolina",2013,1,0.65,4.64021492706051,166.689799013951
"37097","Iredell County, North Carolina",2014,1,0.65,4.64135353613359,164.690812312859
"37097","Iredell County, North Carolina",2015,1,0.65,4.62474402984829,167.18819326347
"37097","Iredell County, North Carolina",2016,1,0.65,4.61482060634941,169.293669069863
"37097","Iredell County, North Carolina",2017,1,0.65,4.55835064222789,169.883658368568
"37097","Iredell County, North Carolina",2018,1,0.65,4.56250103643202,168.605379361554
"37097","Iredell County, North Carolina",2019,1,0.65,4.54602615114808,171.135111858733
"37097","Iredell County, North Carolina",2020,1,0.65,4.53725860091123,173.609846514048
"37097","Iredell County, North Carolina",2021,1,0.65,4.51839848316417,174.517867867354
"37097","Iredell County, North Carolina",2022,1,0.65,4.52801080688268,175.289163150291
"37101","Johnston County, North Carolina",2012,1,0.347826086956522,4.46197524673837,196.857581909235
"37101","Johnston County, North Carolina",2013,1,0.347826086956522,4.44278199295816,204.701567924144
"37101","Johnston County, North Carolina",2014,1,0.347826086956522,4.44923104582371,202.054041950662
"37101","Johnston County, North Carolina",2015,1,0.347826086956522,4.44231419067112,201.732159924979
"37101","Johnston County, North Carolina",2016,1,0.347826086956522,4.43284990901363,203.581034793582
"37101","Johnston County, North Carolina",2017,1,0.347826086956522,4.30388307506051,218.141239657425
"37101","Johnston County, North Carolina",2018,1,0.347826086956522,4.27774731641447,226.393420412623
"37101","Johnston County, North Carolina",2019,1,0.347826086956522,4.28155139047487,227.28306112011
"37101","Johnston County, North Carolina",2020,1,0.347826086956522,4.27188785356762,231.43093956532
"37101","Johnston County, North Carolina",2021,1,0.347826086956522,4.28188258066551,232.376295407138
"37101","Johnston County, North Carolina",2022,1,0.347826086956522,4.27240266601581,233.98072998696
"37119","Mecklenburg County, North Carolina",2012,1,0.41025641025641,4.64090492244929,156.169934775631
"37119","Mecklenburg County, North Carolina",2013,1,0.41025641025641,4.63443843091578,157.146907884761
"37119","Mecklenburg County, North Carolina",2014,1,0.41025641025641,4.62385967006034,158.967871672509
"37119","Mecklenburg County, North Carolina",2015,1,0.41025641025641,4.61451990738918,159.914697430644
"37119","Mecklenburg County, North Carolina",2016,1,0.41025641025641,4.60451721240286,162.017201070818
"37119","Mecklenburg County, North Carolina",2017,1,0.41025641025641,4.57627720337546,167.012228004632
"37119","Mecklenburg County, North Carolina",2018,1,0.41025641025641,4.56061972679425,169.958263411328
"37119","Mecklenburg County, North Carolina",2019,1,0.41025641025641,4.54755431014058,172.62173614797
"37119","Mecklenburg County, North Carolina",2020,1,0.41025641025641,4.53875824367724,174.199019762438
"37119","Mecklenburg County, North Carolina",2021,1,0.41025641025641,4.52599831284527,176.27782730375
"37119","Mecklenburg County, North Carolina",2022,1,0.41025641025641,4.52085498270008,178.217748952915
"37129","New Hanover County, North Carolina",2012,1,0.58974358974359,4.56943140978855,175.472382332517
"37129","New Hanover County, North Carolina",2013,1,0.58974358974359,4.56791698707049,177.914766899554
"37129","New Hanover County, North Carolina",2014,1,0.58974358974359,4.56188660495248,180.766473590521
"37129","New Hanover County, North Carolina",2015,1,0.58974358974359,4.555462138668,183.408452265926
"37129","New Hanover County, North Carolina",2016,1,0.58974358974359,4.54098849061841,186.508078819312
"37129","New Hanover County, North Carolina",2017,1,0.58974358974359,4.48085679231,192.712771766658
"37129","New Hanover County, North Carolina",2018,1,0.58974358974359,4.46610944156087,197.647702522672
"37129","New Hanover County, North Carolina",2019,1,0.58974358974359,4.46911029998781,196.057175364531
"37129","New Hanover County, North Carolina",2020,1,0.58974358974359,4.45642410132068,196.987463994483
"37129","New Hanover County, North Carolina",2021,1,0.58974358974359,4.45036317392185,196.96374048053
"37129","New Hanover County, North Carolina",2022,1,0.58974358974359,4.44933398954696,198.096315049383
"37141","Pender County, North Carolina",2012,1,0.72,4.33097928533738,226.61579373338
"37141","Pender County, North Carolina",2013,1,0.72,4.32707261698737,225.257704427709
"37141","Pender County, North Carolina",2014,1,0.72,4.28967061484262,236.783887655204
"37141","Pender County, North Carolina",2015,1,0.72,4.27419399314425,255.224353063807
"37141","Pender County, North Carolina",2016,1,0.72,4.27748293494116,253.10349388638
"37141","Pender County, North Carolina",2017,1,0.72,3.99796306056936,289.16237176927
"37141","Pender County, North Carolina",2018,1,0.72,3.97640124994934,298.071192936428
"37141","Pender County, North Carolina",2019,1,0.72,3.93719255963113,301.138620661491
"37141","Pender County, North Carolina",2020,1,0.72,3.9530575992093,298.290907777239
"37141","Pender County, North Carolina",2021,1,0.72,3.94020283205498,312.449758447548
"37141","Pender County, North Carolina",2022,1,0.72,3.98374624198253,301.771357262612
"37179","Union County, North Carolina",2012,1,0.181818181818182,4.55689295332166,182.296303331782
"37179","Union County, North Carolina",2013,1,0.181818181818182,4.54479918932842,182.191552647234
"37179","Union County, North Carolina",2014,1,0.181818181818182,4.54507101781323,180.455989302701
"37179","Union County, North Carolina",2015,1,0.181818181818182,4.52737269109424,184.736826786636
"37179","Union County, North Carolina",2016,1,0.181818181818182,4.50818791187889,188.815829160886
"37179","Union County, North Carolina",2017,1,0.181818181818182,4.40754585981333,199.950771129297
"37179","Union County, North Carolina",2018,1,0.181818181818182,4.39220090077577,203.823070518176
"37179","Union County, North Carolina",2019,1,0.181818181818182,4.37447840826956,206.493545311655
"37179","Union County, North Carolina",2020,1,0.181818181818182,4.38804014201515,203.337823412917
"37179","Union County, North Carolina",2021,1,0.181818181818182,4.37438793094916,208.908658699664
"37179","Union County, North Carolina",2022,1,0.181818181818182,4.37081762392664,207.928680217816
"37183","Wake County, North Carolina",2012,1,0.707542804257288,4.54869043164926,179.671713180507
"37183","Wake County, North Carolina",2013,1,0.707542804257288,4.5400618279019,181.621113339833
"37183","Wake County, North Carolina",2014,1,0.707542804257288,4.54003141654631,180.942763008392
"37183","Wake County, North Carolina",2015,1,0.707542804257288,4.53279547475272,182.426547533764
"37183","Wake County, North Carolina",2016,1,0.707542804257288,4.52432772931538,182.919526028725
"37183","Wake County, North Carolina",2017,1,0.707542804257288,4.49919648104693,184.825494417924
"37183","Wake County, North Carolina",2018,1,0.707542804257288,4.48511082449918,187.708562545594
"37183","Wake County, North Carolina",2019,1,0.707542804257288,4.48837021527083,186.6521028646
"37183","Wake County, North Carolina",2020,1,0.707542804257288,4.48528306985546,186.457223461236
"37183","Wake County, North Carolina",2021,1,0.707542804257288,4.47411901519144,187.07295574945
"37183","Wake County, North Carolina",2022,1,0.707542804257288,4.46915519110546,190.402394821445
"38017","Cass County, North Dakota",2012,1,0.407407407407407,4.65654071787822,145.916534675436
"38017","Cass County, North Dakota",2013,1,0.407407407407407,4.66491790284367,143.482200693492
"38017","Cass County, North Dakota",2014,1,0.407407407407407,4.66267402550777,144.024686459918
"38017","Cass County, North Dakota",2015,1,0.407407407407407,4.65383261760361,146.769546018603
"38017","Cass County, North Dakota",2016,1,0.407407407407407,4.64405916493599,148.551204459844
"38017","Cass County, North Dakota",2017,1,0.407407407407407,4.57142902432887,156.041377940779
"38017","Cass County, North Dakota",2018,1,0.407407407407407,4.56241286597257,158.093884297521
"38017","Cass County, North Dakota",2019,1,0.407407407407407,4.55409544829868,160.960720315344
"38017","Cass County, North Dakota",2020,1,0.407407407407407,4.56294677265404,157.785080664927
"38017","Cass County, North Dakota",2021,1,0.407407407407407,4.55162793825599,159.782460288705
"38017","Cass County, North Dakota",2022,1,0.407407407407407,4.55275253794909,160.73545867187
"39017","Butler County, Ohio",2012,1,0.271428571428571,4.67318298198738,162.594423653725
"39017","Butler County, Ohio",2013,1,0.271428571428571,4.66142927280222,165.598863266043
"39017","Butler County, Ohio",2014,1,0.271428571428571,4.66061690647492,167.226529841792
"39017","Butler County, Ohio",2015,1,0.271428571428571,4.66688812466913,165.371784889785
"39017","Butler County, Ohio",2016,1,0.271428571428571,4.66344463309457,166.325922742135
"39017","Butler County, Ohio",2017,1,0.271428571428571,4.60773085179656,172.438295646782
"39017","Butler County, Ohio",2018,1,0.271428571428571,4.60053230756036,174.140109832583
"39017","Butler County, Ohio",2019,1,0.271428571428571,4.60133693977579,176.393632942342
"39017","Butler County, Ohio",2020,1,0.271428571428571,4.59771667514811,177.134471191574
"39017","Butler County, Ohio",2021,1,0.271428571428571,4.58883651224619,178.784787906427
"39017","Butler County, Ohio",2022,1,0.271428571428571,4.57730979274042,180.906633979206
"39025","Clermont County, Ohio",2012,1,1.28571428571429,4.55431512199948,176.493292690229
"39025","Clermont County, Ohio",2013,1,1.28571428571429,4.55251361752982,181.969912190083
"39025","Clermont County, Ohio",2014,1,1.28571428571429,4.54454352586006,183.752541689263
"39025","Clermont County, Ohio",2015,1,1.28571428571429,4.55933184942759,179.940049291076
"39025","Clermont County, Ohio",2016,1,1.28571428571429,4.57389747956358,175.069297339566
"39025","Clermont County, Ohio",2017,1,1.28571428571429,4.48117438149128,187.516841105418
"39025","Clermont County, Ohio",2018,1,1.28571428571429,4.45778307535392,193.024407269422
"39025","Clermont County, Ohio",2019,1,1.28571428571429,4.45564728121211,192.773690368366
"39025","Clermont County, Ohio",2020,1,1.28571428571429,4.44504161372808,196.534433480919
"39025","Clermont County, Ohio",2021,1,1.28571428571429,4.42479759752611,203.112285804396
"39025","Clermont County, Ohio",2022,1,1.28571428571429,4.41047150306743,210.389855373541
"39027","Clinton County, Ohio",2012,1,0.391304347826087,4.4810677817411,185.86275917205
"39027","Clinton County, Ohio",2013,1,0.391304347826087,4.49654451599219,183.989197530864
"39027","Clinton County, Ohio",2014,1,0.391304347826087,4.48630054553397,186.693296143891
"39027","Clinton County, Ohio",2015,1,0.391304347826087,4.4877443520223,182.435729029837
"39027","Clinton County, Ohio",2016,1,0.391304347826087,4.46823969190821,192.644023268906
"39027","Clinton County, Ohio",2017,1,0.391304347826087,4.02434115296025,250.092455621302
"39027","Clinton County, Ohio",2018,1,0.391304347826087,4.0261879085577,246.527814618723
"39027","Clinton County, Ohio",2019,1,0.391304347826087,4.06396901799048,241.883454734651
"39027","Clinton County, Ohio",2020,1,0.391304347826087,4.04774403995013,239.434724476854
"39027","Clinton County, Ohio",2021,1,0.391304347826087,4.03377137626499,244.780480677917
"39027","Clinton County, Ohio",2022,1,0.391304347826087,4.04165431133214,250.945903337687
"39035","Cuyahoga County, Ohio",2012,1,0.342261904761905,4.69766525049673,153.400882027782
"39035","Cuyahoga County, Ohio",2013,1,0.342261904761905,4.69202480761402,154.583002692479
"39035","Cuyahoga County, Ohio",2014,1,0.342261904761905,4.68601460499263,156.334218349373
"39035","Cuyahoga County, Ohio",2015,1,0.342261904761905,4.68528373116903,157.109579703601
"39035","Cuyahoga County, Ohio",2016,1,0.342261904761905,4.68261924812282,158.093197283908
"39035","Cuyahoga County, Ohio",2017,1,0.342261904761905,4.66366317059633,159.632863562092
"39035","Cuyahoga County, Ohio",2018,1,0.342261904761905,4.66054620941439,160.262958054462
"39035","Cuyahoga County, Ohio",2019,1,0.342261904761905,4.65704038294251,163.187843981624
"39035","Cuyahoga County, Ohio",2020,1,0.342261904761905,4.6565705263441,162.975910634115
"39035","Cuyahoga County, Ohio",2021,1,0.342261904761905,4.64999015992219,164.057032436401
"39035","Cuyahoga County, Ohio",2022,1,0.342261904761905,4.64693360725034,166.433755827889
"39041","Delaware County, Ohio",2012,1,0.129260450160772,4.5449778726907,187.623812017956
"39041","Delaware County, Ohio",2013,1,0.129260450160772,4.53987505785534,189.59827956027
"39041","Delaware County, Ohio",2014,1,0.129260450160772,4.53408909076684,190.58772451945
"39041","Delaware County, Ohio",2015,1,0.129260450160772,4.53032293692755,191.221037661237
"39041","Delaware County, Ohio",2016,1,0.129260450160772,4.52490270728271,189.527677149045
"39041","Delaware County, Ohio",2017,1,0.129260450160772,4.44122073206898,199.185041762746
"39041","Delaware County, Ohio",2018,1,0.129260450160772,4.43751751229369,203.101475171618
"39041","Delaware County, Ohio",2019,1,0.129260450160772,4.41457983247422,209.504220931127
"39041","Delaware County, Ohio",2020,1,0.129260450160772,4.41144518318003,208.404666826179
"39041","Delaware County, Ohio",2021,1,0.129260450160772,4.42516074719599,206.599286563615
"39041","Delaware County, Ohio",2022,1,0.129260450160772,4.39489052959684,210.894357264352
"39049","Franklin County, Ohio",2012,1,0.129929431299294,4.63065849799123,170.141121335222
"39049","Franklin County, Ohio",2013,1,0.129929431299294,4.62260885018673,171.56553707445
"39049","Franklin County, Ohio",2014,1,0.129929431299294,4.62574030527807,170.022101010415
"39049","Franklin County, Ohio",2015,1,0.129929431299294,4.62128001650854,171.167317958824
"39049","Franklin County, Ohio",2016,1,0.129929431299294,4.61645701823116,172.022297263963
"39049","Franklin County, Ohio",2017,1,0.129929431299294,4.59566442007578,173.695845196362
"39049","Franklin County, Ohio",2018,1,0.129929431299294,4.57964116498019,175.732554657164
"39049","Franklin County, Ohio",2019,1,0.129929431299294,4.58146186041296,176.29087586804
"39049","Franklin County, Ohio",2020,1,0.129929431299294,4.57995258833236,174.900947411032
"39049","Franklin County, Ohio",2021,1,0.129929431299294,4.57343063112262,175.901205623656
"39049","Franklin County, Ohio",2022,1,0.129929431299294,4.56570426943707,177.848000233434
"39055","Geauga County, Ohio",2012,1,0.256880733944954,4.5315260576118,179.283291825685
"39055","Geauga County, Ohio",2013,1,0.256880733944954,4.5405274337526,175.335588069628
"39055","Geauga County, Ohio",2014,1,0.256880733944954,4.52931742171521,178.201582110626
"39055","Geauga County, Ohio",2015,1,0.256880733944954,4.52210310629065,179.483147036672
"39055","Geauga County, Ohio",2016,1,0.256880733944954,4.52387666422551,179.685335206806
"39055","Geauga County, Ohio",2017,1,0.256880733944954,4.40565943913303,185.446482563999
"39055","Geauga County, Ohio",2018,1,0.256880733944954,4.41380176290991,185.808777992759
"39055","Geauga County, Ohio",2019,1,0.256880733944954,4.39075306509399,192.370498119681
"39055","Geauga County, Ohio",2020,1,0.256880733944954,4.3696952733505,197.43866281089
"39055","Geauga County, Ohio",2021,1,0.256880733944954,4.37094472576051,198.920950385612
"39055","Geauga County, Ohio",2022,1,0.256880733944954,4.39713169682618,193.643993454646
"39057","Greene County, Ohio",2012,1,0.117021276595745,4.47502115697013,208.41530668965
"39057","Greene County, Ohio",2013,1,0.117021276595745,4.44772069523748,212.634521655216
"39057","Greene County, Ohio",2014,1,0.117021276595745,4.43039609612642,218.326623194286
"39057","Greene County, Ohio",2015,1,0.117021276595745,4.43106665256122,215.425701911937
"39057","Greene County, Ohio",2016,1,0.117021276595745,4.42284562376576,223.690207806596
"39057","Greene County, Ohio",2017,1,0.117021276595745,4.30192106034141,237.074040510757
"39057","Greene County, Ohio",2018,1,0.117021276595745,4.32478554717283,230.358652336674
"39057","Greene County, Ohio",2019,1,0.117021276595745,4.29168555814956,235.888632110934
"39057","Greene County, Ohio",2020,1,0.117021276595745,4.2885014329241,231.734127090226
"39057","Greene County, Ohio",2021,1,0.117021276595745,4.27002120566316,239.995812401902
"39057","Greene County, Ohio",2022,1,0.117021276595745,4.3067982286201,237.204027956799
"39061","Hamilton County, Ohio",2012,1,0.194087403598972,4.70301889283257,150.949602635
"39061","Hamilton County, Ohio",2013,1,0.194087403598972,4.69739008426033,152.950356718193
"39061","Hamilton County, Ohio",2014,1,0.194087403598972,4.68487464914042,157.304231158015
"39061","Hamilton County, Ohio",2015,1,0.194087403598972,4.68501428041401,157.41331999829
"39061","Hamilton County, Ohio",2016,1,0.194087403598972,4.68917583781272,158.229556124824
"39061","Hamilton County, Ohio",2017,1,0.194087403598972,4.6642987441653,160.684792188684
"39061","Hamilton County, Ohio",2018,1,0.194087403598972,4.66664473477938,161.336951316757
"39061","Hamilton County, Ohio",2019,1,0.194087403598972,4.66889463003137,160.451184515851
"39061","Hamilton County, Ohio",2020,1,0.194087403598972,4.66545139658416,159.947045459219
"39061","Hamilton County, Ohio",2021,1,0.194087403598972,4.65623105248237,161.544285869099
"39061","Hamilton County, Ohio",2022,1,0.194087403598972,4.64961762733962,164.410829641967
"39085","Lake County, Ohio",2012,1,0.254901960784314,4.61140726748867,170.309636244146
"39085","Lake County, Ohio",2013,1,0.254901960784314,4.61874143991355,166.437803535102
"39085","Lake County, Ohio",2014,1,0.254901960784314,4.60073188778485,170.102271502972
"39085","Lake County, Ohio",2015,1,0.254901960784314,4.58866982796123,176.396973398181
"39085","Lake County, Ohio",2016,1,0.254901960784314,4.59198892896789,177.327264974178
"39085","Lake County, Ohio",2017,1,0.254901960784314,4.5313385848386,187.252067887795
"39085","Lake County, Ohio",2018,1,0.254901960784314,4.51491956350158,189.903365935136
"39085","Lake County, Ohio",2019,1,0.254901960784314,4.54848647632908,181.3679293096
"39085","Lake County, Ohio",2020,1,0.254901960784314,4.54681819483573,181.277944834369
"39085","Lake County, Ohio",2021,1,0.254901960784314,4.54487482034456,184.354863988811
"39085","Lake County, Ohio",2022,1,0.254901960784314,4.52941456199731,189.795069196553
"39089","Licking County, Ohio",2012,1,0.479166666666667,4.60645855136598,182.136433192837
"39089","Licking County, Ohio",2013,1,0.479166666666667,4.59056021098956,189.286016395783
"39089","Licking County, Ohio",2014,1,0.479166666666667,4.60227207798244,185.553676310475
"39089","Licking County, Ohio",2015,1,0.479166666666667,4.61109257345381,183.304980951926
"39089","Licking County, Ohio",2016,1,0.479166666666667,4.61241566720737,185.217902466322
"39089","Licking County, Ohio",2017,1,0.479166666666667,4.50021193785628,194.1019991608
"39089","Licking County, Ohio",2018,1,0.479166666666667,4.48735421429373,197.171999017937
"39089","Licking County, Ohio",2019,1,0.479166666666667,4.47937407470409,196.304327976625
"39089","Licking County, Ohio",2020,1,0.479166666666667,4.45778467390616,198.714335880477
"39089","Licking County, Ohio",2021,1,0.479166666666667,4.44021099936973,206.357061921662
"39089","Licking County, Ohio",2022,1,0.479166666666667,4.42294654174402,211.578671990874
"39095","Lucas County, Ohio",2012,1,0.390243902439024,4.6242486245564,181.363571946786
"39095","Lucas County, Ohio",2013,1,0.390243902439024,4.6249380709158,181.807012939389
"39095","Lucas County, Ohio",2014,1,0.390243902439024,4.62135448600479,182.167431803036
"39095","Lucas County, Ohio",2015,1,0.390243902439024,4.61673337084637,184.186516177048
"39095","Lucas County, Ohio",2016,1,0.390243902439024,4.61772897152159,184.573999027924
"39095","Lucas County, Ohio",2017,1,0.390243902439024,4.57570368131998,190.527946083093
"39095","Lucas County, Ohio",2018,1,0.390243902439024,4.57785186259675,185.45392405611
"39095","Lucas County, Ohio",2019,1,0.390243902439024,4.57013716613114,188.756156781131
"39095","Lucas County, Ohio",2020,1,0.390243902439024,4.563859268207,189.675454868797
"39095","Lucas County, Ohio",2021,1,0.390243902439024,4.54551667127931,194.905310371563
"39095","Lucas County, Ohio",2022,1,0.390243902439024,4.54012325797762,197.877155454688
"39097","Madison County, Ohio",2012,1,0.16,4.34362384880004,196.241406199378
"39097","Madison County, Ohio",2013,1,0.16,4.39126581602052,189.462903959945
"39097","Madison County, Ohio",2014,1,0.16,4.38514049412626,194.915764398311
"39097","Madison County, Ohio",2015,1,0.16,4.39290693181601,193.176521209079
"39097","Madison County, Ohio",2016,1,0.16,4.40667217617878,190.851231218743
"39097","Madison County, Ohio",2017,1,0.16,3.89258382178432,271.758034026465
"39097","Madison County, Ohio",2018,1,0.16,3.90377881573427,272.051022376543
"39097","Madison County, Ohio",2019,1,0.16,3.94176075608302,262.448516821695
"39097","Madison County, Ohio",2020,1,0.16,3.89211542784551,271.176766532603
"39097","Madison County, Ohio",2021,1,0.16,3.89640030618772,270.522701088355
"39097","Madison County, Ohio",2022,1,0.16,3.94012710733026,263.279121935587
"39103","Medina County, Ohio",2012,1,0.347826086956522,4.64867724310894,154.543726387756
"39103","Medina County, Ohio",2013,1,0.347826086956522,4.62950869885401,159.290273934643
"39103","Medina County, Ohio",2014,1,0.347826086956522,4.6363422501546,161.124648764403
"39103","Medina County, Ohio",2015,1,0.347826086956522,4.63432305627244,162.665129391634
"39103","Medina County, Ohio",2016,1,0.347826086956522,4.62704637315454,164.001020258845
"39103","Medina County, Ohio",2017,1,0.347826086956522,4.53967284519319,171.200544249673
"39103","Medina County, Ohio",2018,1,0.347826086956522,4.53683218409671,171.399290046019
"39103","Medina County, Ohio",2019,1,0.347826086956522,4.54194527368086,169.91139859561
"39103","Medina County, Ohio",2020,1,0.347826086956522,4.53370906098521,174.36098184766
"39103","Medina County, Ohio",2021,1,0.347826086956522,4.54178629584974,172.533261531628
"39103","Medina County, Ohio",2022,1,0.347826086956522,4.53054760240162,173.991314771308
"39109","Miami County, Ohio",2012,1,0.0909090909090909,4.63112296152767,168.558324232029
"39109","Miami County, Ohio",2013,1,0.0909090909090909,4.61448802204036,171.294663597819
"39109","Miami County, Ohio",2014,1,0.0909090909090909,4.60373683938516,173.93205004039
"39109","Miami County, Ohio",2015,1,0.0909090909090909,4.60594769268021,173.149553432896
"39109","Miami County, Ohio",2016,1,0.0909090909090909,4.60719316195237,174.730101744239
"39109","Miami County, Ohio",2017,1,0.0909090909090909,4.46461610357936,183.600409428986
"39109","Miami County, Ohio",2018,1,0.0909090909090909,4.44701257890486,189.250659060294
"39109","Miami County, Ohio",2019,1,0.0909090909090909,4.45577151913649,186.973136088781
"39109","Miami County, Ohio",2020,1,0.0909090909090909,4.45137679152863,189.158762368776
"39109","Miami County, Ohio",2021,1,0.0909090909090909,4.47009814022909,186.690578351859
"39109","Miami County, Ohio",2022,1,0.0909090909090909,4.43368214160174,198.770162693614
"39113","Montgomery County, Ohio",2012,1,0.234413965087282,4.66093477984279,169.135946769513
"39113","Montgomery County, Ohio",2013,1,0.234413965087282,4.6461341899178,172.872674972871
"39113","Montgomery County, Ohio",2014,1,0.234413965087282,4.63885959861798,175.192830074868
"39113","Montgomery County, Ohio",2015,1,0.234413965087282,4.63685447268045,175.077112827757
"39113","Montgomery County, Ohio",2016,1,0.234413965087282,4.64554492121715,174.062064053887
"39113","Montgomery County, Ohio",2017,1,0.234413965087282,4.61141038305593,175.650369708463
"39113","Montgomery County, Ohio",2018,1,0.234413965087282,4.61338485954417,175.653779308107
"39113","Montgomery County, Ohio",2019,1,0.234413965087282,4.60655810905807,176.549920456372
"39113","Montgomery County, Ohio",2020,1,0.234413965087282,4.60063559680245,179.759859736328
"39113","Montgomery County, Ohio",2021,1,0.234413965087282,4.60272464776753,178.080256759804
"39113","Montgomery County, Ohio",2022,1,0.234413965087282,4.60056649913357,179.799874512306
"39133","Portage County, Ohio",2012,1,0.363636363636364,4.65494333553146,166.645623427018
"39133","Portage County, Ohio",2013,1,0.363636363636364,4.64198930782336,170.154555027086
"39133","Portage County, Ohio",2014,1,0.363636363636364,4.65083495963837,169.528877273319
"39133","Portage County, Ohio",2015,1,0.363636363636364,4.64143647544347,173.272351235046
"39133","Portage County, Ohio",2016,1,0.363636363636364,4.63001727829243,181.069267036502
"39133","Portage County, Ohio",2017,1,0.363636363636364,4.52323695978836,186.606308765406
"39133","Portage County, Ohio",2018,1,0.363636363636364,4.51446978729355,185.741139254997
"39133","Portage County, Ohio",2019,1,0.363636363636364,4.50602394320976,184.114296085602
"39133","Portage County, Ohio",2020,1,0.363636363636364,4.4859740216716,188.38790616044
"39133","Portage County, Ohio",2021,1,0.363636363636364,4.47858949062722,189.842024948052
"39133","Portage County, Ohio",2022,1,0.363636363636364,4.50904388973214,185.667368484551
"39153","Summit County, Ohio",2012,1,0.212290502793296,4.6955985973019,152.945892890823
"39153","Summit County, Ohio",2013,1,0.212290502793296,4.7007068850042,152.464783188503
"39153","Summit County, Ohio",2014,1,0.212290502793296,4.69389886592619,155.024642358204
"39153","Summit County, Ohio",2015,1,0.212290502793296,4.69299069177931,155.723781145782
"39153","Summit County, Ohio",2016,1,0.212290502793296,4.70072628139692,153.978855044971
"39153","Summit County, Ohio",2017,1,0.212290502793296,4.66956917136145,159.008410758331
"39153","Summit County, Ohio",2018,1,0.212290502793296,4.66300812147468,160.018709825528
"39153","Summit County, Ohio",2019,1,0.212290502793296,4.65525171378671,159.696883425698
"39153","Summit County, Ohio",2020,1,0.212290502793296,4.66291962114718,157.455547856863
"39153","Summit County, Ohio",2021,1,0.212290502793296,4.65356173188863,158.777820020879
"39153","Summit County, Ohio",2022,1,0.212290502793296,4.64163146648536,163.543789488838
"39159","Union County, Ohio",2012,1,0.2,4.50038713096946,189.057725381104
"39159","Union County, Ohio",2013,1,0.2,4.51541558836929,182.243013786787
"39159","Union County, Ohio",2014,1,0.2,4.50743159365912,184.716637374511
"39159","Union County, Ohio",2015,1,0.2,4.50050885110234,189.996984174854
"39159","Union County, Ohio",2016,1,0.2,4.4888962384362,189.937241912077
"39159","Union County, Ohio",2017,1,0.2,4.16148896432762,223.96671489941
"39159","Union County, Ohio",2018,1,0.2,4.16126161939919,222.942897795914
"39159","Union County, Ohio",2019,1,0.2,4.22228024970946,207.059614155289
"39159","Union County, Ohio",2020,1,0.2,4.18502566236758,212.464472205698
"39159","Union County, Ohio",2021,1,0.2,4.1653034816556,214.959261869748
"39159","Union County, Ohio",2022,1,0.2,4.13265276577613,225.534294657926
"39165","Warren County, Ohio",2012,1,0.24384236453202,4.5766961904847,175.920584447948
"39165","Warren County, Ohio",2013,1,0.24384236453202,4.57424507554208,177.42913386158
"39165","Warren County, Ohio",2014,1,0.24384236453202,4.58269988039553,172.280416711819
"39165","Warren County, Ohio",2015,1,0.24384236453202,4.59001772721829,172.048729189135
"39165","Warren County, Ohio",2016,1,0.24384236453202,4.57821135952588,174.013522354186
"39165","Warren County, Ohio",2017,1,0.24384236453202,4.47763337816645,183.010571406528
"39165","Warren County, Ohio",2018,1,0.24384236453202,4.45621517933049,186.781978737997
"39165","Warren County, Ohio",2019,1,0.24384236453202,4.46290528081645,185.780550040594
"39165","Warren County, Ohio",2020,1,0.24384236453202,4.46099089722674,185.775668619
"39165","Warren County, Ohio",2021,1,0.24384236453202,4.46944212381593,184.482631261161
"39165","Warren County, Ohio",2022,1,0.24384236453202,4.45374229070374,188.41143959102
"40109","Oklahoma County, Oklahoma",2012,1,0.701754385964912,4.63122776087938,164.33557702067
"40109","Oklahoma County, Oklahoma",2013,1,0.701754385964912,4.62739109895837,164.114100530406
"40109","Oklahoma County, Oklahoma",2014,1,0.701754385964912,4.61559191264035,165.85136980455
"40109","Oklahoma County, Oklahoma",2015,1,0.701754385964912,4.61326813226486,166.575928141965
"40109","Oklahoma County, Oklahoma",2016,1,0.701754385964912,4.61044810188068,168.501852170283
"40109","Oklahoma County, Oklahoma",2017,1,0.701754385964912,4.5759117035314,173.903912429052
"40109","Oklahoma County, Oklahoma",2018,1,0.701754385964912,4.57104185633428,175.309120278695
"40109","Oklahoma County, Oklahoma",2019,1,0.701754385964912,4.56697170022788,176.477351855071
"40109","Oklahoma County, Oklahoma",2020,1,0.701754385964912,4.56091267694481,176.68008090549
"40109","Oklahoma County, Oklahoma",2021,1,0.701754385964912,4.56439678803356,174.406085200423
"40109","Oklahoma County, Oklahoma",2022,1,0.701754385964912,4.56281969355136,177.743721514805
"40139","Texas County, Oklahoma",2012,1,0.285714285714286,4.16976043130715,222.933128778204
"40139","Texas County, Oklahoma",2013,1,0.285714285714286,4.18258014217499,215.919779629132
"40139","Texas County, Oklahoma",2014,1,0.285714285714286,4.17958940813622,225.490694169249
"40139","Texas County, Oklahoma",2015,1,0.285714285714286,4.18831884702356,221.399208706797
"40139","Texas County, Oklahoma",2016,1,0.285714285714286,4.19891120417736,220.636056191467
"40139","Texas County, Oklahoma",2017,1,0.285714285714286,3.7255901444271,309.404054260021
"40139","Texas County, Oklahoma",2018,1,0.285714285714286,3.69185326806979,315.369644472465
"40139","Texas County, Oklahoma",2019,1,0.285714285714286,3.71659089937857,313.221329437546
"40139","Texas County, Oklahoma",2020,1,0.285714285714286,3.73059284060931,302.063212116122
"40139","Texas County, Oklahoma",2021,1,0.285714285714286,3.73277828846505,305.279136447968
"40139","Texas County, Oklahoma",2022,1,0.285714285714286,3.70093919377142,317.86703601108
"40143","Tulsa County, Oklahoma",2012,1,0.449275362318841,4.69029580676684,154.575300480427
"40143","Tulsa County, Oklahoma",2013,1,0.449275362318841,4.68177511922649,155.355928054236
"40143","Tulsa County, Oklahoma",2014,1,0.449275362318841,4.67941910607088,155.295908089553
"40143","Tulsa County, Oklahoma",2015,1,0.449275362318841,4.67133029814433,157.889085427717
"40143","Tulsa County, Oklahoma",2016,1,0.449275362318841,4.66929121040256,157.792064919312
"40143","Tulsa County, Oklahoma",2017,1,0.449275362318841,4.627241202534,165.866289086827
"40143","Tulsa County, Oklahoma",2018,1,0.449275362318841,4.62649519468183,165.567436773628
"40143","Tulsa County, Oklahoma",2019,1,0.449275362318841,4.6160640822156,169.25782546082
"40143","Tulsa County, Oklahoma",2020,1,0.449275362318841,4.61181065170741,168.005633119612
"40143","Tulsa County, Oklahoma",2021,1,0.449275362318841,4.60550298215582,168.42824499447
"40143","Tulsa County, Oklahoma",2022,1,0.449275362318841,4.59736347807115,171.208022546688
"41005","Clackamas County, Oregon",2012,1,0.368932038834951,4.63830084367032,162.378521649824
"41005","Clackamas County, Oregon",2013,1,0.368932038834951,4.63643361672147,163.480547064242
"41005","Clackamas County, Oregon",2014,1,0.368932038834951,4.63233466233762,163.245845058613
"41005","Clackamas County, Oregon",2015,1,0.368932038834951,4.61915582603425,167.152689246116
"41005","Clackamas County, Oregon",2016,1,0.368932038834951,4.61045550351019,168.174924512516
"41005","Clackamas County, Oregon",2017,1,0.368932038834951,4.56896869594959,174.847390280596
"41005","Clackamas County, Oregon",2018,1,0.368932038834951,4.56256613570382,176.297081620295
"41005","Clackamas County, Oregon",2019,1,0.368932038834951,4.55122152427846,179.020579947926
"41005","Clackamas County, Oregon",2020,1,0.368932038834951,4.55079707088971,178.750613751083
"41005","Clackamas County, Oregon",2021,1,0.368932038834951,4.54203949958849,182.434133121819
"41005","Clackamas County, Oregon",2022,1,0.368932038834951,4.53512981649118,183.75017128076
"41051","Multnomah County, Oregon",2012,1,0.40625,4.65616753129783,178.621945898198
"41051","Multnomah County, Oregon",2013,1,0.40625,4.64551824146768,180.805191596885
"41051","Multnomah County, Oregon",2014,1,0.40625,4.64719946323908,181.198890543319
"41051","Multnomah County, Oregon",2015,1,0.40625,4.64970493767091,179.368849564544
"41051","Multnomah County, Oregon",2016,1,0.40625,4.64073064552798,180.384842213937
"41051","Multnomah County, Oregon",2017,1,0.40625,4.61536154398612,186.375183356345
"41051","Multnomah County, Oregon",2018,1,0.40625,4.60048911796475,187.74644667866
"41051","Multnomah County, Oregon",2019,1,0.40625,4.59219767533702,189.9441001101
"41051","Multnomah County, Oregon",2020,1,0.40625,4.58285043585296,188.359779863267
"41051","Multnomah County, Oregon",2021,1,0.40625,4.58911829461078,184.59613798062
"41051","Multnomah County, Oregon",2022,1,0.40625,4.58044912047891,188.465576356119
"41067","Washington County, Oregon",2012,1,0.459016393442623,4.62952334619684,163.551177353205
"41067","Washington County, Oregon",2013,1,0.459016393442623,4.6220523222676,164.620074081655
"41067","Washington County, Oregon",2014,1,0.459016393442623,4.6205111302275,164.86118090214
"41067","Washington County, Oregon",2015,1,0.459016393442623,4.6043787982728,167.249769406001
"41067","Washington County, Oregon",2016,1,0.459016393442623,4.59598004167651,169.99202030432
"41067","Washington County, Oregon",2017,1,0.459016393442623,4.57357563302506,171.637183220247
"41067","Washington County, Oregon",2018,1,0.459016393442623,4.55886616179308,174.747237667197
"41067","Washington County, Oregon",2019,1,0.459016393442623,4.5506903838854,177.400575629804
"41067","Washington County, Oregon",2020,1,0.459016393442623,4.54529370249859,177.267773664581
"41067","Washington County, Oregon",2021,1,0.459016393442623,4.53986829921158,176.639574262167
"41067","Washington County, Oregon",2022,1,0.459016393442623,4.52760104115257,180.23596180446
"42003","Allegheny County, Pennsylvania",2012,1,0.174540682414698,4.64096339763201,163.165733475092
"42003","Allegheny County, Pennsylvania",2013,1,0.174540682414698,4.63489728298733,165.521134495465
"42003","Allegheny County, Pennsylvania",2014,1,0.174540682414698,4.62919743608941,167.02555027589
"42003","Allegheny County, Pennsylvania",2015,1,0.174540682414698,4.62218218111848,169.56213705358
"42003","Allegheny County, Pennsylvania",2016,1,0.174540682414698,4.61769798621734,171.569342035063
"42003","Allegheny County, Pennsylvania",2017,1,0.174540682414698,4.59611990932569,174.353818739479
"42003","Allegheny County, Pennsylvania",2018,1,0.174540682414698,4.58925064213425,175.130900784282
"42003","Allegheny County, Pennsylvania",2019,1,0.174540682414698,4.58712253474378,175.164486255618
"42003","Allegheny County, Pennsylvania",2020,1,0.174540682414698,4.58876347501201,173.119573569802
"42003","Allegheny County, Pennsylvania",2021,1,0.174540682414698,4.58390771900674,173.405856905204
"42003","Allegheny County, Pennsylvania",2022,1,0.174540682414698,4.58239678218081,173.786297801667
"42007","Beaver County, Pennsylvania",2012,1,0.0322349570200573,4.57335346922851,174.427484294908
"42007","Beaver County, Pennsylvania",2013,1,0.0322349570200573,4.56759380153906,175.147827670145
"42007","Beaver County, Pennsylvania",2014,1,0.0322349570200573,4.55313964654178,178.502315300588
"42007","Beaver County, Pennsylvania",2015,1,0.0322349570200573,4.55171755371593,180.979606436072
"42007","Beaver County, Pennsylvania",2016,1,0.0322349570200573,4.54176121474154,183.111205290628
"42007","Beaver County, Pennsylvania",2017,1,0.0322349570200573,4.42175106371096,193.515755015717
"42007","Beaver County, Pennsylvania",2018,1,0.0322349570200573,4.4036244651657,198.191972403981
"42007","Beaver County, Pennsylvania",2019,1,0.0322349570200573,4.4113711198428,195.421996318485
"42007","Beaver County, Pennsylvania",2020,1,0.0322349570200573,4.40993903655169,199.648267936707
"42007","Beaver County, Pennsylvania",2021,1,0.0322349570200573,4.41716843689076,198.012604564697
"42007","Beaver County, Pennsylvania",2022,1,0.0322349570200573,4.41715313793746,192.412837608289
"42011","Berks County, Pennsylvania",2012,1,0.543478260869565,4.65623093267181,171.678997434449
"42011","Berks County, Pennsylvania",2013,1,0.543478260869565,4.65243417842873,172.640757144576
"42011","Berks County, Pennsylvania",2014,1,0.543478260869565,4.65601937596924,170.534042458442
"42011","Berks County, Pennsylvania",2015,1,0.543478260869565,4.65726877067297,169.576413831885
"42011","Berks County, Pennsylvania",2016,1,0.543478260869565,4.64685064353566,170.480295074555
"42011","Berks County, Pennsylvania",2017,1,0.543478260869565,4.6041580831248,174.319946535977
"42011","Berks County, Pennsylvania",2018,1,0.543478260869565,4.59405271329312,176.170359062398
"42011","Berks County, Pennsylvania",2019,1,0.543478260869565,4.59454799330745,176.860810108826
"42011","Berks County, Pennsylvania",2020,1,0.543478260869565,4.58248197097316,177.255298912584
"42011","Berks County, Pennsylvania",2021,1,0.543478260869565,4.58728447398112,176.486653604823
"42011","Berks County, Pennsylvania",2022,1,0.543478260869565,4.5935864303738,174.842615173373
"42017","Bucks County, Pennsylvania",2012,1,0.21849593495935,4.64568135674229,161.169241198576
"42017","Bucks County, Pennsylvania",2013,1,0.21849593495935,4.63867122398483,162.644055933597
"42017","Bucks County, Pennsylvania",2014,1,0.21849593495935,4.63606234538673,163.301720898023
"42017","Bucks County, Pennsylvania",2015,1,0.21849593495935,4.63162964719682,164.303901183099
"42017","Bucks County, Pennsylvania",2016,1,0.21849593495935,4.62266062566493,165.47260593289
"42017","Bucks County, Pennsylvania",2017,1,0.21849593495935,4.58432737382516,170.510886604044
"42017","Bucks County, Pennsylvania",2018,1,0.21849593495935,4.57417252000353,172.405961996793
"42017","Bucks County, Pennsylvania",2019,1,0.21849593495935,4.56894294085763,172.738136686206
"42017","Bucks County, Pennsylvania",2020,1,0.21849593495935,4.56268271344766,173.591457799595
"42017","Bucks County, Pennsylvania",2021,1,0.21849593495935,4.55575256756765,175.24268253571
"42017","Bucks County, Pennsylvania",2022,1,0.21849593495935,4.55896406341348,175.571088113957
"42019","Butler County, Pennsylvania",2012,1,0.352941176470588,4.6481799542551,156.488583896741
"42019","Butler County, Pennsylvania",2013,1,0.352941176470588,4.6458864604486,158.748994633651
"42019","Butler County, Pennsylvania",2014,1,0.352941176470588,4.6557765552548,155.617451090127
"42019","Butler County, Pennsylvania",2015,1,0.352941176470588,4.65175779072,156.290144773944
"42019","Butler County, Pennsylvania",2016,1,0.352941176470588,4.65884796301043,156.434424649868
"42019","Butler County, Pennsylvania",2017,1,0.352941176470588,4.60446184945163,158.248155846734
"42019","Butler County, Pennsylvania",2018,1,0.352941176470588,4.58753217680855,163.790511531699
"42019","Butler County, Pennsylvania",2019,1,0.352941176470588,4.59194349472969,162.727711672854
"42019","Butler County, Pennsylvania",2020,1,0.352941176470588,4.60598647658327,158.809166223616
"42019","Butler County, Pennsylvania",2021,1,0.352941176470588,4.60697093857473,159.064469094863
"42019","Butler County, Pennsylvania",2022,1,0.352941176470588,4.61141725664441,157.620250521082
"42029","Chester County, Pennsylvania",2012,1,0.224565756823821,4.60409675300424,165.457277943053
"42029","Chester County, Pennsylvania",2013,1,0.224565756823821,4.60157789439162,166.105786927863
"42029","Chester County, Pennsylvania",2014,1,0.224565756823821,4.59848091723432,166.633788679378
"42029","Chester County, Pennsylvania",2015,1,0.224565756823821,4.59653798410258,167.291979014668
"42029","Chester County, Pennsylvania",2016,1,0.224565756823821,4.59031227748228,169.620597188202
"42029","Chester County, Pennsylvania",2017,1,0.224565756823821,4.55138669267201,174.38741277042
"42029","Chester County, Pennsylvania",2018,1,0.224565756823821,4.55100611329299,175.104725804695
"42029","Chester County, Pennsylvania",2019,1,0.224565756823821,4.55494635912315,171.414427507086
"42029","Chester County, Pennsylvania",2020,1,0.224565756823821,4.56011364591391,168.540124850749
"42029","Chester County, Pennsylvania",2021,1,0.224565756823821,4.54713525645611,171.111791313812
"42029","Chester County, Pennsylvania",2022,1,0.224565756823821,4.55192717934498,171.249149208702
"42041","Cumberland County, Pennsylvania",2012,1,0.528662420382166,4.5895435193957,167.367544790528
"42041","Cumberland County, Pennsylvania",2013,1,0.528662420382166,4.57957246229286,170.819643849587
"42041","Cumberland County, Pennsylvania",2014,1,0.528662420382166,4.58905639118608,168.40327958633
"42041","Cumberland County, Pennsylvania",2015,1,0.528662420382166,4.59675958795292,167.577395769895
"42041","Cumberland County, Pennsylvania",2016,1,0.528662420382166,4.5888369452434,168.309728746253
"42041","Cumberland County, Pennsylvania",2017,1,0.528662420382166,4.5218219800993,176.028663602999
"42041","Cumberland County, Pennsylvania",2018,1,0.528662420382166,4.51980044992722,176.323475453224
"42041","Cumberland County, Pennsylvania",2019,1,0.528662420382166,4.51342241483621,178.358707369276
"42041","Cumberland County, Pennsylvania",2020,1,0.528662420382166,4.51969969940423,177.154904888741
"42041","Cumberland County, Pennsylvania",2021,1,0.528662420382166,4.51508395101026,179.597552321285
"42041","Cumberland County, Pennsylvania",2022,1,0.528662420382166,4.50441364888005,180.655089137925
"42043","Dauphin County, Pennsylvania",2012,1,0.9,4.61991357823536,167.226328190512
"42043","Dauphin County, Pennsylvania",2013,1,0.9,4.6181714298516,169.444860071635
"42043","Dauphin County, Pennsylvania",2014,1,0.9,4.6216850562683,168.717103371027
"42043","Dauphin County, Pennsylvania",2015,1,0.9,4.62706566016733,167.014449896014
"42043","Dauphin County, Pennsylvania",2016,1,0.9,4.61262099190875,170.628676542108
"42043","Dauphin County, Pennsylvania",2017,1,0.9,4.56916732253701,171.334944744293
"42043","Dauphin County, Pennsylvania",2018,1,0.9,4.56477976229144,173.796659431774
"42043","Dauphin County, Pennsylvania",2019,1,0.9,4.56493626640597,172.959887689852
"42043","Dauphin County, Pennsylvania",2020,1,0.9,4.56909509316211,170.831879205543
"42043","Dauphin County, Pennsylvania",2021,1,0.9,4.56458771851465,170.018068173859
"42043","Dauphin County, Pennsylvania",2022,1,0.9,4.55188310797244,175.767789552108
"42045","Delaware County, Pennsylvania",2012,1,0.697368421052632,4.5672850631871,172.683602556196
"42045","Delaware County, Pennsylvania",2013,1,0.697368421052632,4.56773136956751,172.284855808945
"42045","Delaware County, Pennsylvania",2014,1,0.697368421052632,4.56029593020334,174.417430497349
"42045","Delaware County, Pennsylvania",2015,1,0.697368421052632,4.56168874842198,173.73843544136
"42045","Delaware County, Pennsylvania",2016,1,0.697368421052632,4.55356639214027,175.88497047202
"42045","Delaware County, Pennsylvania",2017,1,0.697368421052632,4.50629049120402,181.440960294487
"42045","Delaware County, Pennsylvania",2018,1,0.697368421052632,4.50489801065428,182.144219109759
"42045","Delaware County, Pennsylvania",2019,1,0.697368421052632,4.50222545523561,180.40430695837
"42045","Delaware County, Pennsylvania",2020,1,0.697368421052632,4.49649894449905,181.439008159024
"42045","Delaware County, Pennsylvania",2021,1,0.697368421052632,4.49214203643603,183.35985825169
"42045","Delaware County, Pennsylvania",2022,1,0.697368421052632,4.49122699464237,183.78485324254
"42069","Lackawanna County, Pennsylvania",2012,1,0.375,4.60110301775266,179.199863809563
"42069","Lackawanna County, Pennsylvania",2013,1,0.375,4.60565591911127,178.340875669619
"42069","Lackawanna County, Pennsylvania",2014,1,0.375,4.61088695366479,175.529585094389
"42069","Lackawanna County, Pennsylvania",2015,1,0.375,4.5988213094479,180.604195008648
"42069","Lackawanna County, Pennsylvania",2016,1,0.375,4.58500837932195,184.085736212559
"42069","Lackawanna County, Pennsylvania",2017,1,0.375,4.51211265983272,192.432309280046
"42069","Lackawanna County, Pennsylvania",2018,1,0.375,4.51061104125028,193.652069226716
"42069","Lackawanna County, Pennsylvania",2019,1,0.375,4.51596774600665,190.280089350822
"42069","Lackawanna County, Pennsylvania",2020,1,0.375,4.51140496227605,186.84402335927
"42069","Lackawanna County, Pennsylvania",2021,1,0.375,4.51235612588606,187.333117765865
"42069","Lackawanna County, Pennsylvania",2022,1,0.375,4.52137201950098,186.184526314858
"42071","Lancaster County, Pennsylvania",2012,1,1.72727272727273,4.66161749327304,160.996217021848
"42071","Lancaster County, Pennsylvania",2013,1,1.72727272727273,4.66200259044303,161.160614611209
"42071","Lancaster County, Pennsylvania",2014,1,1.72727272727273,4.6559113825539,163.271057082798
"42071","Lancaster County, Pennsylvania",2015,1,1.72727272727273,4.66416379559224,161.92446733921
"42071","Lancaster County, Pennsylvania",2016,1,1.72727272727273,4.65416402119676,163.022713557791
"42071","Lancaster County, Pennsylvania",2017,1,1.72727272727273,4.6262916477854,166.38202302226
"42071","Lancaster County, Pennsylvania",2018,1,1.72727272727273,4.61746884470725,168.072741044075
"42071","Lancaster County, Pennsylvania",2019,1,1.72727272727273,4.61803228936724,167.310084125526
"42071","Lancaster County, Pennsylvania",2020,1,1.72727272727273,4.62397798770856,165.270640104284
"42071","Lancaster County, Pennsylvania",2021,1,1.72727272727273,4.62400348773402,166.583290093808
"42071","Lancaster County, Pennsylvania",2022,1,1.72727272727273,4.62308286431873,167.687167354592
"42077","Lehigh County, Pennsylvania",2012,1,0.333333333333333,4.64657334508635,163.338289103394
"42077","Lehigh County, Pennsylvania",2013,1,0.333333333333333,4.63445203238764,166.670275772324
"42077","Lehigh County, Pennsylvania",2014,1,0.333333333333333,4.63980584763957,166.324998790723
"42077","Lehigh County, Pennsylvania",2015,1,0.333333333333333,4.63877819878633,166.002858964606
"42077","Lehigh County, Pennsylvania",2016,1,0.333333333333333,4.6333890354522,167.934279993284
"42077","Lehigh County, Pennsylvania",2017,1,0.333333333333333,4.57505144361867,174.724492063716
"42077","Lehigh County, Pennsylvania",2018,1,0.333333333333333,4.56623549943767,175.709761626543
"42077","Lehigh County, Pennsylvania",2019,1,0.333333333333333,4.56442066305322,175.747369431318
"42077","Lehigh County, Pennsylvania",2020,1,0.333333333333333,4.56922083734857,173.268288805499
"42077","Lehigh County, Pennsylvania",2021,1,0.333333333333333,4.5567535937441,175.048469293648
"42077","Lehigh County, Pennsylvania",2022,1,0.333333333333333,4.56618840578014,170.847389692374
"42091","Montgomery County, Pennsylvania",2012,1,0.192771084337349,4.62845499563737,158.622703803819
"42091","Montgomery County, Pennsylvania",2013,1,0.192771084337349,4.6220907564935,159.735017459875
"42091","Montgomery County, Pennsylvania",2014,1,0.192771084337349,4.61881155847515,160.974755838582
"42091","Montgomery County, Pennsylvania",2015,1,0.192771084337349,4.61365358038193,162.920567313895
"42091","Montgomery County, Pennsylvania",2016,1,0.192771084337349,4.61154105497569,162.741714993876
"42091","Montgomery County, Pennsylvania",2017,1,0.192771084337349,4.58565023889364,166.042781242842
"42091","Montgomery County, Pennsylvania",2018,1,0.192771084337349,4.58338085907339,166.246163285608
"42091","Montgomery County, Pennsylvania",2019,1,0.192771084337349,4.58054683230812,165.993080008284
"42091","Montgomery County, Pennsylvania",2020,1,0.192771084337349,4.5776552437052,164.830053511058
"42091","Montgomery County, Pennsylvania",2021,1,0.192771084337349,4.57529603296827,164.639649355788
"42091","Montgomery County, Pennsylvania",2022,1,0.192771084337349,4.57216727302993,167.262308535151
"42095","Northampton County, Pennsylvania",2012,1,0.270833333333333,4.59372724123267,184.41825182462
"42095","Northampton County, Pennsylvania",2013,1,0.270833333333333,4.59647998060869,185.943932541922
"42095","Northampton County, Pennsylvania",2014,1,0.270833333333333,4.60186763910332,184.446183224453
"42095","Northampton County, Pennsylvania",2015,1,0.270833333333333,4.5981812271972,186.542043651085
"42095","Northampton County, Pennsylvania",2016,1,0.270833333333333,4.59838039242603,185.625801153661
"42095","Northampton County, Pennsylvania",2017,1,0.270833333333333,4.5285019218514,193.452932148471
"42095","Northampton County, Pennsylvania",2018,1,0.270833333333333,4.52399078033768,198.248509563239
"42095","Northampton County, Pennsylvania",2019,1,0.270833333333333,4.51229613723522,200.387903298581
"42095","Northampton County, Pennsylvania",2020,1,0.270833333333333,4.52438598368731,198.1458777733
"42095","Northampton County, Pennsylvania",2021,1,0.270833333333333,4.50279076341405,201.658924566367
"42095","Northampton County, Pennsylvania",2022,1,0.270833333333333,4.5218722226259,195.618377641066
"42101","Philadelphia County, Pennsylvania",2012,1,0.0304968759297828,4.49425583154008,225.471524150325
"42101","Philadelphia County, Pennsylvania",2013,1,0.0304968759297828,4.47370663940902,229.333609798432
"42101","Philadelphia County, Pennsylvania",2014,1,0.0304968759297828,4.47870774146915,227.191748746151
"42101","Philadelphia County, Pennsylvania",2015,1,0.0304968759297828,4.48020305107116,230.526479595557
"42101","Philadelphia County, Pennsylvania",2016,1,0.0304968759297828,4.47593812053424,231.191678744033
"42101","Philadelphia County, Pennsylvania",2017,1,0.0304968759297828,4.44331135152628,237.184122789551
"42101","Philadelphia County, Pennsylvania",2018,1,0.0304968759297828,4.43446614591816,240.194273161395
"42101","Philadelphia County, Pennsylvania",2019,1,0.0304968759297828,4.43559755129274,238.549293204042
"42101","Philadelphia County, Pennsylvania",2020,1,0.0304968759297828,4.44259185964464,230.856034304061
"42101","Philadelphia County, Pennsylvania",2021,1,0.0304968759297828,4.44705228231981,227.312186120638
"42101","Philadelphia County, Pennsylvania",2022,1,0.0304968759297828,4.43514479129274,231.216767303804
"42125","Washington County, Pennsylvania",2012,1,0.213720316622691,4.6453093873096,156.804104844851
"42125","Washington County, Pennsylvania",2013,1,0.213720316622691,4.63298318913572,158.856922398589
"42125","Washington County, Pennsylvania",2014,1,0.213720316622691,4.6316249258622,159.217042373648
"42125","Washington County, Pennsylvania",2015,1,0.213720316622691,4.62779319525571,159.133800144284
"42125","Washington County, Pennsylvania",2016,1,0.213720316622691,4.6300877509959,159.821062946105
"42125","Washington County, Pennsylvania",2017,1,0.213720316622691,4.56557160675257,165.121271882327
"42125","Washington County, Pennsylvania",2018,1,0.213720316622691,4.55025854385168,167.37427509769
"42125","Washington County, Pennsylvania",2019,1,0.213720316622691,4.5468935180461,166.531414571975
"42125","Washington County, Pennsylvania",2020,1,0.213720316622691,4.55102285331611,165.029557981997
"42125","Washington County, Pennsylvania",2021,1,0.213720316622691,4.56299918664822,162.786384788579
"42125","Washington County, Pennsylvania",2022,1,0.213720316622691,4.56541041501273,163.75557532277
"42129","Westmoreland County, Pennsylvania",2012,1,0.127572016460905,4.64828072786388,162.150476971321
"42129","Westmoreland County, Pennsylvania",2013,1,0.127572016460905,4.65300224116382,161.978450388747
"42129","Westmoreland County, Pennsylvania",2014,1,0.127572016460905,4.6466925685185,163.886704838135
"42129","Westmoreland County, Pennsylvania",2015,1,0.127572016460905,4.63921885946021,165.757588546021
"42129","Westmoreland County, Pennsylvania",2016,1,0.127572016460905,4.62901255241828,167.834583815284
"42129","Westmoreland County, Pennsylvania",2017,1,0.127572016460905,4.5950735661631,169.390619431697
"42129","Westmoreland County, Pennsylvania",2018,1,0.127572016460905,4.57868754439441,172.100945067597
"42129","Westmoreland County, Pennsylvania",2019,1,0.127572016460905,4.57585463746865,173.56647201816
"42129","Westmoreland County, Pennsylvania",2020,1,0.127572016460905,4.5819766204772,171.688177181449
"42129","Westmoreland County, Pennsylvania",2021,1,0.127572016460905,4.56944508644165,176.556837699432
"42129","Westmoreland County, Pennsylvania",2022,1,0.127572016460905,4.56681943232307,176.415343321129
"42133","York County, Pennsylvania",2012,1,0.0948905109489051,4.63877756913865,174.950093928163
"42133","York County, Pennsylvania",2013,1,0.0948905109489051,4.63775602777821,174.389282523022
"42133","York County, Pennsylvania",2014,1,0.0948905109489051,4.63888203003749,174.110586137129
"42133","York County, Pennsylvania",2015,1,0.0948905109489051,4.63089318122981,174.615547828701
"42133","York County, Pennsylvania",2016,1,0.0948905109489051,4.62625873879237,175.312465087928
"42133","York County, Pennsylvania",2017,1,0.0948905109489051,4.58329129796944,178.411758454172
"42133","York County, Pennsylvania",2018,1,0.0948905109489051,4.57460463851984,181.568780543412
"42133","York County, Pennsylvania",2019,1,0.0948905109489051,4.57990400833381,180.581277360953
"42133","York County, Pennsylvania",2020,1,0.0948905109489051,4.58498266497316,177.946340031122
"42133","York County, Pennsylvania",2021,1,0.0948905109489051,4.58061468414404,178.799351037231
"42133","York County, Pennsylvania",2022,1,0.0948905109489051,4.57582350472051,179.987199204465
"44003","Kent County, Rhode Island",2012,1,1.06896551724138,4.57126589903914,185.134509305834
"44003","Kent County, Rhode Island",2013,1,1.06896551724138,4.56378873722475,187.120350110019
"44003","Kent County, Rhode Island",2014,1,1.06896551724138,4.5632981305853,186.609371248318
"44003","Kent County, Rhode Island",2015,1,1.06896551724138,4.55264849668733,191.271214012566
"44003","Kent County, Rhode Island",2016,1,1.06896551724138,4.56109300931959,185.392322089272
"44003","Kent County, Rhode Island",2017,1,1.06896551724138,4.47553050616561,194.432963721434
"44003","Kent County, Rhode Island",2018,1,1.06896551724138,4.46547804969043,195.116961575775
"44003","Kent County, Rhode Island",2019,1,1.06896551724138,4.45883892742822,193.79589342776
"44003","Kent County, Rhode Island",2020,1,1.06896551724138,4.45568535359477,194.543027842245
"44003","Kent County, Rhode Island",2021,1,1.06896551724138,4.44908961545999,198.511507354482
"44003","Kent County, Rhode Island",2022,1,1.06896551724138,4.47088078750628,192.371854059768
"44007","Providence County, Rhode Island",2012,1,0.546448087431694,4.62993039876794,176.646684164672
"44007","Providence County, Rhode Island",2013,1,0.546448087431694,4.62107015397423,179.348830006269
"44007","Providence County, Rhode Island",2014,1,0.546448087431694,4.61704563508496,180.144102382132
"44007","Providence County, Rhode Island",2015,1,0.546448087431694,4.61178226765989,181.479972936011
"44007","Providence County, Rhode Island",2016,1,0.546448087431694,4.60151728301321,183.683578029596
"44007","Providence County, Rhode Island",2017,1,0.546448087431694,4.57808338970618,188.04287168315
"44007","Providence County, Rhode Island",2018,1,0.546448087431694,4.56445887289673,190.664931838704
"44007","Providence County, Rhode Island",2019,1,0.546448087431694,4.55945367944877,193.686256831843
"44007","Providence County, Rhode Island",2020,1,0.546448087431694,4.55590017410927,192.957883187852
"44007","Providence County, Rhode Island",2021,1,0.546448087431694,4.54854166164463,194.881311337306
"44007","Providence County, Rhode Island",2022,1,0.546448087431694,4.53858192172729,197.47823043118
"45019","Charleston County, South Carolina",2012,1,0.325,4.58978354190711,179.929795952592
"45019","Charleston County, South Carolina",2013,1,0.325,4.59057037956676,179.878642408337
"45019","Charleston County, South Carolina",2014,1,0.325,4.58310576889834,181.871465250653
"45019","Charleston County, South Carolina",2015,1,0.325,4.5679235556754,183.598627072289
"45019","Charleston County, South Carolina",2016,1,0.325,4.56738506966908,183.744737557268
"45019","Charleston County, South Carolina",2017,1,0.325,4.52044551580192,187.168877794232
"45019","Charleston County, South Carolina",2018,1,0.325,4.50459377182747,192.076373399291
"45019","Charleston County, South Carolina",2019,1,0.325,4.50640215615275,191.228956894872
"45019","Charleston County, South Carolina",2020,1,0.325,4.4986845527859,189.040599634565
"45019","Charleston County, South Carolina",2021,1,0.325,4.50829536262229,186.719685527411
"45019","Charleston County, South Carolina",2022,1,0.325,4.51511854863764,186.281549763812
"45045","Greenville County, South Carolina",2012,1,0.482758620689655,4.62783456857852,173.095245916904
"45045","Greenville County, South Carolina",2013,1,0.482758620689655,4.63098500138043,171.288144068692
"45045","Greenville County, South Carolina",2014,1,0.482758620689655,4.61925134346116,173.706286340509
"45045","Greenville County, South Carolina",2015,1,0.482758620689655,4.60995280188651,175.579327272366
"45045","Greenville County, South Carolina",2016,1,0.482758620689655,4.61284765073896,173.726068385115
"45045","Greenville County, South Carolina",2017,1,0.482758620689655,4.57860471096039,176.946724944892
"45045","Greenville County, South Carolina",2018,1,0.482758620689655,4.55529663279526,179.37295947445
"45045","Greenville County, South Carolina",2019,1,0.482758620689655,4.55556340918618,178.563882457309
"45045","Greenville County, South Carolina",2020,1,0.482758620689655,4.55229230497985,178.84153460751
"45045","Greenville County, South Carolina",2021,1,0.482758620689655,4.55278109182169,177.279453872856
"45045","Greenville County, South Carolina",2022,1,0.482758620689655,4.54098084397649,179.85537358674
"45057","Lancaster County, South Carolina",2012,1,0.380952380952381,4.36595278681955,223.874241887968
"45057","Lancaster County, South Carolina",2013,1,0.380952380952381,4.37616997219059,224.338454795652
"45057","Lancaster County, South Carolina",2014,1,0.380952380952381,4.37701260761145,227.532896303233
"45057","Lancaster County, South Carolina",2015,1,0.380952380952381,4.38084107231936,226.897422029926
"45057","Lancaster County, South Carolina",2016,1,0.380952380952381,4.37317254640145,226.301738929504
"45057","Lancaster County, South Carolina",2017,1,0.380952380952381,4.14911258908846,245.399786400854
"45057","Lancaster County, South Carolina",2018,1,0.380952380952381,4.12429673476995,252.361048283173
"45057","Lancaster County, South Carolina",2019,1,0.380952380952381,4.1480508425763,248.272030884199
"45057","Lancaster County, South Carolina",2020,1,0.380952380952381,4.16966620731855,236.224954462659
"45057","Lancaster County, South Carolina",2021,1,0.380952380952381,4.21355359076466,235.285004163194
"45057","Lancaster County, South Carolina",2022,1,0.380952380952381,4.18264966546246,234.149917055669
"45079","Richland County, South Carolina",2012,1,0.231638418079096,4.58337825286981,177.956073723989
"45079","Richland County, South Carolina",2013,1,0.231638418079096,4.57876979663016,179.796230308273
"45079","Richland County, South Carolina",2014,1,0.231638418079096,4.56648275672183,182.890510863561
"45079","Richland County, South Carolina",2015,1,0.231638418079096,4.56167791719393,183.355271657193
"45079","Richland County, South Carolina",2016,1,0.231638418079096,4.56341472442046,181.935677063679
"45079","Richland County, South Carolina",2017,1,0.231638418079096,4.49812517854484,189.754072930737
"45079","Richland County, South Carolina",2018,1,0.231638418079096,4.49551366783881,190.63063740002
"45079","Richland County, South Carolina",2019,1,0.231638418079096,4.48880173992521,190.317996188462
"45079","Richland County, South Carolina",2020,1,0.231638418079096,4.48710766538533,188.283028767738
"45079","Richland County, South Carolina",2021,1,0.231638418079096,4.4842058307912,188.265754899758
"45079","Richland County, South Carolina",2022,1,0.231638418079096,4.48785661772194,191.042568949942
"45083","Spartanburg County, South Carolina",2012,1,0.435897435897436,4.65680230039716,172.424909360415
"45083","Spartanburg County, South Carolina",2013,1,0.435897435897436,4.65955537878262,169.978991819542
"45083","Spartanburg County, South Carolina",2014,1,0.435897435897436,4.6566861880889,171.588162961014
"45083","Spartanburg County, South Carolina",2015,1,0.435897435897436,4.65968258613947,172.00081693257
"45083","Spartanburg County, South Carolina",2016,1,0.435897435897436,4.66160813350065,173.497551899756
"45083","Spartanburg County, South Carolina",2017,1,0.435897435897436,4.5890108135251,179.674946368354
"45083","Spartanburg County, South Carolina",2018,1,0.435897435897436,4.57784125607976,182.561860976779
"45083","Spartanburg County, South Carolina",2019,1,0.435897435897436,4.579364355578,180.020407828767
"45083","Spartanburg County, South Carolina",2020,1,0.435897435897436,4.6026049451354,175.01920622547
"45083","Spartanburg County, South Carolina",2021,1,0.435897435897436,4.58742312113406,176.678509804588
"45083","Spartanburg County, South Carolina",2022,1,0.435897435897436,4.60195206829146,172.933270823566
"45091","York County, South Carolina",2012,1,0.538461538461538,4.59179022714457,177.205774111066
"45091","York County, South Carolina",2013,1,0.538461538461538,4.58558891818026,178.023419156667
"45091","York County, South Carolina",2014,1,0.538461538461538,4.58696668253929,178.711474140384
"45091","York County, South Carolina",2015,1,0.538461538461538,4.58538045706341,176.635107302398
"45091","York County, South Carolina",2016,1,0.538461538461538,4.58224278135072,177.515629980633
"45091","York County, South Carolina",2017,1,0.538461538461538,4.50505339385583,182.471542370384
"45091","York County, South Carolina",2018,1,0.538461538461538,4.49211954689963,183.890720132898
"45091","York County, South Carolina",2019,1,0.538461538461538,4.49541784507213,184.586478146876
"45091","York County, South Carolina",2020,1,0.538461538461538,4.48950982674288,184.84334450692
"45091","York County, South Carolina",2021,1,0.538461538461538,4.4807718808001,186.354274457534
"45091","York County, South Carolina",2022,1,0.538461538461538,4.477943077442,188.457259747479
"46065","Hughes County, South Dakota",2012,1,0.242424242424242,4.49893456223024,163.800278689598
"46065","Hughes County, South Dakota",2013,1,0.242424242424242,4.49995764451329,165.203078678375
"46065","Hughes County, South Dakota",2014,1,0.242424242424242,4.51962179041534,160.651974288338
"46065","Hughes County, South Dakota",2015,1,0.242424242424242,4.51543383717498,161.269186946546
"46065","Hughes County, South Dakota",2016,1,0.242424242424242,4.54860695750629,156.555904956068
"46065","Hughes County, South Dakota",2017,1,0.242424242424242,4.04634873473452,220.751350308642
"46065","Hughes County, South Dakota",2018,1,0.242424242424242,4.04928180195752,219.500352416008
"46065","Hughes County, South Dakota",2019,1,0.242424242424242,4.09362824304016,211.352040816327
"46065","Hughes County, South Dakota",2020,1,0.242424242424242,4.09033562879694,210.883263736515
"46065","Hughes County, South Dakota",2021,1,0.242424242424242,4.05169711745931,216.86715583417
"46065","Hughes County, South Dakota",2022,1,0.242424242424242,4.00433662153926,228.353255724436
"46119","Sully County, South Dakota",2012,1,0.242424242424242,3.60270640337792,319.979843789368
"46119","Sully County, South Dakota",2013,1,0.242424242424242,3.59033581005319,323.01180663845
"46119","Sully County, South Dakota",2014,1,0.242424242424242,3.64066380509578,306.122448979592
"46119","Sully County, South Dakota",2015,1,0.242424242424242,3.6305931688664,302.768166089965
"46119","Sully County, South Dakota",2016,1,0.242424242424242,3.57855472255745,324.260355029586
"46119","Sully County, South Dakota",2017,1,0.242424242424242,1.37605528526042,2551.02040816326
"46119","Sully County, South Dakota",2018,1,0.242424242424242,1.60205591545873,2031.25
"46119","Sully County, South Dakota",2019,1,0.242424242424242,1.6094379124341,2000
"46119","Sully County, South Dakota",2020,1,0.242424242424242,1.60205591545873,2031.25
"46119","Sully County, South Dakota",2021,1,0.242424242424242,1.93681859771259,1455.57655954631
"46119","Sully County, South Dakota",2022,1,0.242424242424242,2.06000767331262,1303.15500685871
"47001","Anderson County, Tennessee",2012,1,2.74074074074074,4.49313276621381,188.233346066388
"47001","Anderson County, Tennessee",2013,1,2.74074074074074,4.48148472401438,195.095903285061
"47001","Anderson County, Tennessee",2014,1,2.74074074074074,4.47449994670288,196.046401253849
"47001","Anderson County, Tennessee",2015,1,2.74074074074074,4.460368899961,200.372345189135
"47001","Anderson County, Tennessee",2016,1,2.74074074074074,4.46503258877976,202.449117865873
"47001","Anderson County, Tennessee",2017,1,2.74074074074074,4.24484263086074,233.428022272452
"47001","Anderson County, Tennessee",2018,1,2.74074074074074,4.24776260299081,222.763944177666
"47001","Anderson County, Tennessee",2019,1,2.74074074074074,4.2215717320266,229.374213136391
"47001","Anderson County, Tennessee",2020,1,2.74074074074074,4.21811905756383,228.517878795426
"47001","Anderson County, Tennessee",2021,1,2.74074074074074,4.23188215259418,229.070114498435
"47001","Anderson County, Tennessee",2022,1,2.74074074074074,4.26168073089521,227.127735896955
"47037","Davidson County, Tennessee",2012,1,0.61304347826087,4.69793289679726,155.328343351645
"47037","Davidson County, Tennessee",2013,1,0.61304347826087,4.68987653952731,158.111582992652
"47037","Davidson County, Tennessee",2014,1,0.61304347826087,4.6758163489948,161.437676483501
"47037","Davidson County, Tennessee",2015,1,0.61304347826087,4.6813818579003,159.963778756183
"47037","Davidson County, Tennessee",2016,1,0.61304347826087,4.67791400004727,163.727128026749
"47037","Davidson County, Tennessee",2017,1,0.61304347826087,4.64514122511989,170.142400253188
"47037","Davidson County, Tennessee",2018,1,0.61304347826087,4.63119905612458,173.697794261883
"47037","Davidson County, Tennessee",2019,1,0.61304347826087,4.6277835710751,172.932296039723
"47037","Davidson County, Tennessee",2020,1,0.61304347826087,4.61116784785976,176.591446322989
"47037","Davidson County, Tennessee",2021,1,0.61304347826087,4.61065674219736,176.873490497059
"47037","Davidson County, Tennessee",2022,1,0.61304347826087,4.60684781369778,178.034727607512
"47047","Fayette County, Tennessee",2012,1,0.333333333333333,4.34322137908184,217.717003567182
"47047","Fayette County, Tennessee",2013,1,0.333333333333333,4.33874561829878,219.700124947938
"47047","Fayette County, Tennessee",2014,1,0.333333333333333,4.31460549282944,224.522382621215
"47047","Fayette County, Tennessee",2015,1,0.333333333333333,4.33576468153352,211.992438563327
"47047","Fayette County, Tennessee",2016,1,0.333333333333333,4.3242275569771,213.769302163524
"47047","Fayette County, Tennessee",2017,1,0.333333333333333,3.81913383192128,305.69736325397
"47047","Fayette County, Tennessee",2018,1,0.333333333333333,3.80433461539709,302.56060512121
"47047","Fayette County, Tennessee",2019,1,0.333333333333333,3.84917859145796,292.390022675737
"47047","Fayette County, Tennessee",2020,1,0.333333333333333,3.83501705312765,298.140233759492
"47047","Fayette County, Tennessee",2021,1,0.333333333333333,3.95503812125993,267.21563365651
"47047","Fayette County, Tennessee",2022,1,0.333333333333333,3.98435945258707,259.991239145559
"47065","Hamilton County, Tennessee",2012,1,0.296296296296296,4.6528802477673,172.719228391142
"47065","Hamilton County, Tennessee",2013,1,0.296296296296296,4.6437072222547,176.270065907181
"47065","Hamilton County, Tennessee",2014,1,0.296296296296296,4.64561471931643,176.338394702062
"47065","Hamilton County, Tennessee",2015,1,0.296296296296296,4.64549614414377,177.16784383346
"47065","Hamilton County, Tennessee",2016,1,0.296296296296296,4.65015640651314,176.396357693855
"47065","Hamilton County, Tennessee",2017,1,0.296296296296296,4.59648763535904,182.369109326786
"47065","Hamilton County, Tennessee",2018,1,0.296296296296296,4.59349924458245,183.789480349934
"47065","Hamilton County, Tennessee",2019,1,0.296296296296296,4.59289871288614,184.45508354425
"47065","Hamilton County, Tennessee",2020,1,0.296296296296296,4.60099270589024,181.605131684903
"47065","Hamilton County, Tennessee",2021,1,0.296296296296296,4.60999925268936,173.870277050934
"47065","Hamilton County, Tennessee",2022,1,0.296296296296296,4.61364327522257,172.688032298128
"47093","Knox County, Tennessee",2012,1,3.04761904761905,4.62288082656134,169.310401040423
"47093","Knox County, Tennessee",2013,1,3.04761904761905,4.61463123488746,170.048669058653
"47093","Knox County, Tennessee",2014,1,3.04761904761905,4.61046312767342,170.397747311997
"47093","Knox County, Tennessee",2015,1,3.04761904761905,4.61496314423184,172.00072877794
"47093","Knox County, Tennessee",2016,1,3.04761904761905,4.61754518707534,172.123840038697
"47093","Knox County, Tennessee",2017,1,3.04761904761905,4.56103619882177,178.585748121568
"47093","Knox County, Tennessee",2018,1,3.04761904761905,4.55594819666152,178.716926932885
"47093","Knox County, Tennessee",2019,1,3.04761904761905,4.55739784181031,179.24845937865
"47093","Knox County, Tennessee",2020,1,3.04761904761905,4.55528600495592,178.177166148076
"47093","Knox County, Tennessee",2021,1,3.04761904761905,4.55611055776206,176.604065055592
"47093","Knox County, Tennessee",2022,1,3.04761904761905,4.55451432315063,179.747478597225
"47157","Shelby County, Tennessee",2012,1,0.401709401709402,4.6432002390678,160.401305497108
"47157","Shelby County, Tennessee",2013,1,0.401709401709402,4.6388031830854,160.626585883976
"47157","Shelby County, Tennessee",2014,1,0.401709401709402,4.63346321137258,163.519220364235
"47157","Shelby County, Tennessee",2015,1,0.401709401709402,4.63245449414682,163.725879942181
"47157","Shelby County, Tennessee",2016,1,0.401709401709402,4.62704204704713,166.502535501954
"47157","Shelby County, Tennessee",2017,1,0.401709401709402,4.58313443575199,174.36273640064
"47157","Shelby County, Tennessee",2018,1,0.401709401709402,4.57881470427215,175.106177829778
"47157","Shelby County, Tennessee",2019,1,0.401709401709402,4.57580601936595,178.518647207387
"47157","Shelby County, Tennessee",2020,1,0.401709401709402,4.57691320199656,175.74256325792
"47157","Shelby County, Tennessee",2021,1,0.401709401709402,4.57807180000542,175.246212058473
"47157","Shelby County, Tennessee",2022,1,0.401709401709402,4.57295045035264,177.586946215852
"47187","Williamson County, Tennessee",2012,1,0.478632478632479,4.54478268408058,173.028054000244
"47187","Williamson County, Tennessee",2013,1,0.478632478632479,4.53868594978675,169.967419510258
"47187","Williamson County, Tennessee",2014,1,0.478632478632479,4.53853497097927,170.06936418035
"47187","Williamson County, Tennessee",2015,1,0.478632478632479,4.54678995566483,166.99395406762
"47187","Williamson County, Tennessee",2016,1,0.478632478632479,4.54566996898378,169.654985935963
"47187","Williamson County, Tennessee",2017,1,0.478632478632479,4.47863103326588,176.33984828513
"47187","Williamson County, Tennessee",2018,1,0.478632478632479,4.47312838968641,175.024129339998
"47187","Williamson County, Tennessee",2019,1,0.478632478632479,4.47333175976961,174.98455958355
"47187","Williamson County, Tennessee",2020,1,0.478632478632479,4.46124768360361,177.047415205012
"47187","Williamson County, Tennessee",2021,1,0.478632478632479,4.46112938399378,176.655955957771
"47187","Williamson County, Tennessee",2022,1,0.478632478632479,4.44953969481891,180.025797249174
"48029","Bexar County, Texas",2012,1,0.285326086956522,4.58690059097156,185.432393988732
"48029","Bexar County, Texas",2013,1,0.285326086956522,4.58411990186443,185.71479254856
"48029","Bexar County, Texas",2014,1,0.285326086956522,4.58530709610777,185.740503166708
"48029","Bexar County, Texas",2015,1,0.285326086956522,4.5702700146165,190.838836087014
"48029","Bexar County, Texas",2016,1,0.285326086956522,4.56047885199781,192.177678528866
"48029","Bexar County, Texas",2017,1,0.285326086956522,4.53513730763863,195.244844218668
"48029","Bexar County, Texas",2018,1,0.285326086956522,4.5225763988086,199.075390903698
"48029","Bexar County, Texas",2019,1,0.285326086956522,4.52505513806657,198.54356023371
"48029","Bexar County, Texas",2020,1,0.285326086956522,4.52174664610653,199.19164334809
"48029","Bexar County, Texas",2021,1,0.285326086956522,4.51620728596995,199.145806522533
"48029","Bexar County, Texas",2022,1,0.285326086956522,4.51397376361598,201.050183514754
"48039","Brazoria County, Texas",2012,1,0.541666666666667,4.61013187971665,178.207005882173
"48039","Brazoria County, Texas",2013,1,0.541666666666667,4.59582559290066,182.677254364973
"48039","Brazoria County, Texas",2014,1,0.541666666666667,4.57762085720009,187.409387210597
"48039","Brazoria County, Texas",2015,1,0.541666666666667,4.57028232627069,190.105003552028
"48039","Brazoria County, Texas",2016,1,0.541666666666667,4.56104984525146,192.070953455463
"48039","Brazoria County, Texas",2017,1,0.541666666666667,4.47791697707553,205.476575101008
"48039","Brazoria County, Texas",2018,1,0.541666666666667,4.46654369439248,206.752121602287
"48039","Brazoria County, Texas",2019,1,0.541666666666667,4.46358262709418,211.41033525888
"48039","Brazoria County, Texas",2020,1,0.541666666666667,4.48069406096677,205.920835540686
"48039","Brazoria County, Texas",2021,1,0.541666666666667,4.48448699424557,206.360062303138
"48039","Brazoria County, Texas",2022,1,0.541666666666667,4.48168752034534,207.568634190024
"48041","Brazos County, Texas",2012,1,0.812172611623846,4.55952140914304,182.720336076818
"48041","Brazos County, Texas",2013,1,0.812172611623846,4.54850071782197,187.266377784002
"48041","Brazos County, Texas",2014,1,0.812172611623846,4.55643508715071,186.401415705445
"48041","Brazos County, Texas",2015,1,0.812172611623846,4.56565555047639,182.467525786695
"48041","Brazos County, Texas",2016,1,0.812172611623846,4.55858872150027,184.018869203869
"48041","Brazos County, Texas",2017,1,0.812172611623846,4.47005418019729,195.729222599343
"48041","Brazos County, Texas",2018,1,0.812172611623846,4.46088258656567,196.595574817518
"48041","Brazos County, Texas",2019,1,0.812172611623846,4.45123481464969,199.195952052
"48041","Brazos County, Texas",2020,1,0.812172611623846,4.44781000096911,199.972556212161
"48041","Brazos County, Texas",2021,1,0.812172611623846,4.44488516486515,201.008280591878
"48041","Brazos County, Texas",2022,1,0.812172611623846,4.43648514429177,206.767628568619
"48057","Calhoun County, Texas",2012,1,0.636363636363636,4.33404434298422,211.871748011781
"48057","Calhoun County, Texas",2013,1,0.636363636363636,4.34814606366188,208.869659275284
"48057","Calhoun County, Texas",2014,1,0.636363636363636,4.32420558167976,210.768252726295
"48057","Calhoun County, Texas",2015,1,0.636363636363636,4.31792163794743,222.413658078158
"48057","Calhoun County, Texas",2016,1,0.636363636363636,4.32536134020848,223.784164774062
"48057","Calhoun County, Texas",2017,1,0.636363636363636,3.64302815202139,374.867777194899
"48057","Calhoun County, Texas",2018,1,0.636363636363636,3.62719227249493,371.151658098647
"48057","Calhoun County, Texas",2019,1,0.636363636363636,3.63915009366259,364.000891067053
"48057","Calhoun County, Texas",2020,1,0.636363636363636,3.65553657172472,349.952732747453
"48057","Calhoun County, Texas",2021,1,0.636363636363636,3.65719247404364,374.925609998016
"48057","Calhoun County, Texas",2022,1,0.636363636363636,3.69475531964792,371.052631578947
"48085","Collin County, Texas",2012,1,0.180249535439342,4.43316424207189,215.780652461566
"48085","Collin County, Texas",2013,1,0.180249535439342,4.42419591766684,218.348089851364
"48085","Collin County, Texas",2014,1,0.180249535439342,4.4132795309003,222.183415564664
"48085","Collin County, Texas",2015,1,0.180249535439342,4.40387437032192,226.245758095568
"48085","Collin County, Texas",2016,1,0.180249535439342,4.39141586932798,229.623670254467
"48085","Collin County, Texas",2017,1,0.180249535439342,4.35620933526501,236.010368900413
"48085","Collin County, Texas",2018,1,0.180249535439342,4.34201627204958,238.255916086452
"48085","Collin County, Texas",2019,1,0.180249535439342,4.3340583995003,242.38593879769
"48085","Collin County, Texas",2020,1,0.180249535439342,4.32557758849425,243.204348333401
"48085","Collin County, Texas",2021,1,0.180249535439342,4.31986621029479,240.491121279925
"48085","Collin County, Texas",2022,1,0.180249535439342,4.30225004629626,250.056086307893
"48113","Dallas County, Texas",2012,1,0.309731934731935,4.65791020239776,160.163749141002
"48113","Dallas County, Texas",2013,1,0.309731934731935,4.6470597756764,162.558224364853
"48113","Dallas County, Texas",2014,1,0.309731934731935,4.64461377844638,163.127666693945
"48113","Dallas County, Texas",2015,1,0.309731934731935,4.63669930549652,165.119889604853
"48113","Dallas County, Texas",2016,1,0.309731934731935,4.63221370391245,167.497075044905
"48113","Dallas County, Texas",2017,1,0.309731934731935,4.6066526072798,172.78940852756
"48113","Dallas County, Texas",2018,1,0.309731934731935,4.60078794629374,174.31289256317
"48113","Dallas County, Texas",2019,1,0.309731934731935,4.59639406594588,175.921497315045
"48113","Dallas County, Texas",2020,1,0.309731934731935,4.59189047006999,176.035000741939
"48113","Dallas County, Texas",2021,1,0.309731934731935,4.58929844305372,174.395221952105
"48113","Dallas County, Texas",2022,1,0.309731934731935,4.58329855787936,176.754107558728
"48121","Denton County, Texas",2012,1,0.18259671227483,4.56445140946611,187.006039083838
"48121","Denton County, Texas",2013,1,0.18259671227483,4.55319376501738,191.358379067551
"48121","Denton County, Texas",2014,1,0.18259671227483,4.54637166699803,194.321973275236
"48121","Denton County, Texas",2015,1,0.18259671227483,4.53273560277488,198.305574945908
"48121","Denton County, Texas",2016,1,0.18259671227483,4.52395364088105,201.483155101122
"48121","Denton County, Texas",2017,1,0.18259671227483,4.47378755762461,209.037351976094
"48121","Denton County, Texas",2018,1,0.18259671227483,4.45348918925509,216.419754428042
"48121","Denton County, Texas",2019,1,0.18259671227483,4.44189738378498,220.131357524829
"48121","Denton County, Texas",2020,1,0.18259671227483,4.44192151410553,219.284035444325
"48121","Denton County, Texas",2021,1,0.18259671227483,4.43756993147323,217.383831964158
"48121","Denton County, Texas",2022,1,0.18259671227483,4.41039164540142,228.164237735167
"48141","El Paso County, Texas",2012,1,0.25,4.61210596405338,183.963299346421
"48141","El Paso County, Texas",2013,1,0.25,4.60892173217826,184.786200916895
"48141","El Paso County, Texas",2014,1,0.25,4.59546085918571,186.341254842314
"48141","El Paso County, Texas",2015,1,0.25,4.58593094268579,187.947721465074
"48141","El Paso County, Texas",2016,1,0.25,4.57575733550388,192.502078250454
"48141","El Paso County, Texas",2017,1,0.25,4.52828409342816,198.993864447087
"48141","El Paso County, Texas",2018,1,0.25,4.51750727388743,203.331208969283
"48141","El Paso County, Texas",2019,1,0.25,4.51176158779199,205.778721228774
"48141","El Paso County, Texas",2020,1,0.25,4.51085580319122,205.701292090071
"48141","El Paso County, Texas",2021,1,0.25,4.50324744481953,206.927595571216
"48141","El Paso County, Texas",2022,1,0.25,4.50274241897962,210.919071165337
"48157","Fort Bend County, Texas",2012,1,0.147688060731539,4.52223328310965,192.073249413462
"48157","Fort Bend County, Texas",2013,1,0.147688060731539,4.50652727537968,196.238362676454
"48157","Fort Bend County, Texas",2014,1,0.147688060731539,4.50003689150444,196.99709197477
"48157","Fort Bend County, Texas",2015,1,0.147688060731539,4.49733195877211,198.821725552287
"48157","Fort Bend County, Texas",2016,1,0.147688060731539,4.48776101911856,202.030096764005
"48157","Fort Bend County, Texas",2017,1,0.147688060731539,4.43658860258101,207.519670477837
"48157","Fort Bend County, Texas",2018,1,0.147688060731539,4.42600819038905,210.942863894188
"48157","Fort Bend County, Texas",2019,1,0.147688060731539,4.4269228083901,210.432404888333
"48157","Fort Bend County, Texas",2020,1,0.147688060731539,4.4264018172248,208.182400764386
"48157","Fort Bend County, Texas",2021,1,0.147688060731539,4.4359591500608,201.81688440206
"48157","Fort Bend County, Texas",2022,1,0.147688060731539,4.42564566214146,205.118302136583
"48167","Galveston County, Texas",2012,1,0.25,4.58046085123286,193.739885027031
"48167","Galveston County, Texas",2013,1,0.25,4.56635610486187,197.407636560303
"48167","Galveston County, Texas",2014,1,0.25,4.56633057818843,197.060805154601
"48167","Galveston County, Texas",2015,1,0.25,4.56058286403121,200.081773723411
"48167","Galveston County, Texas",2016,1,0.25,4.55419767308175,201.857761127794
"48167","Galveston County, Texas",2017,1,0.25,4.46629866450134,211.506892177338
"48167","Galveston County, Texas",2018,1,0.25,4.47048341991732,206.73004103685
"48167","Galveston County, Texas",2019,1,0.25,4.46803225910915,210.538651277073
"48167","Galveston County, Texas",2020,1,0.25,4.46033611105811,208.406059074399
"48167","Galveston County, Texas",2021,1,0.25,4.46227655425174,208.467806720576
"48167","Galveston County, Texas",2022,1,0.25,4.44468202008504,215.83639800653
"48185","Grimes County, Texas",2012,1,0.318181818181818,4.36282737381303,189.904403617718
"48185","Grimes County, Texas",2013,1,0.318181818181818,4.34641524819386,196.801669538208
"48185","Grimes County, Texas",2014,1,0.318181818181818,4.336604261258,196.207166485695
"48185","Grimes County, Texas",2015,1,0.318181818181818,4.35632014119558,193.675509419454
"48185","Grimes County, Texas",2016,1,0.318181818181818,4.36511954822798,195.009460057853
"48185","Grimes County, Texas",2017,1,0.318181818181818,3.66398237424098,331.048457023941
"48185","Grimes County, Texas",2018,1,0.318181818181818,3.63839574743451,332.122420420017
"48185","Grimes County, Texas",2019,1,0.318181818181818,3.65309341802965,333.285524758866
"48185","Grimes County, Texas",2020,1,0.318181818181818,3.62283426940451,355.173911590765
"48185","Grimes County, Texas",2021,1,0.318181818181818,3.65189773313527,340.413842258833
"48185","Grimes County, Texas",2022,1,0.318181818181818,3.6602142428334,331.943352211524
"48201","Harris County, Texas",2012,1,0.314546839299315,4.67033138267622,161.071803771974
"48201","Harris County, Texas",2013,1,0.314546839299315,4.66313202361617,161.966490501663
"48201","Harris County, Texas",2014,1,0.314546839299315,4.66227570918857,162.484050989358
"48201","Harris County, Texas",2015,1,0.314546839299315,4.65480939596669,165.351730629867
"48201","Harris County, Texas",2016,1,0.314546839299315,4.64865314865914,167.69417143911
"48201","Harris County, Texas",2017,1,0.314546839299315,4.63199623854063,172.028559489269
"48201","Harris County, Texas",2018,1,0.314546839299315,4.62351850994227,174.217020803491
"48201","Harris County, Texas",2019,1,0.314546839299315,4.61764223003491,176.569373845298
"48201","Harris County, Texas",2020,1,0.314546839299315,4.61396698648841,176.088851197759
"48201","Harris County, Texas",2021,1,0.314546839299315,4.61115126583165,175.458696735681
"48201","Harris County, Texas",2022,1,0.314546839299315,4.60708096814048,178.582385427808
"48215","Hidalgo County, Texas",2012,1,0.7,4.50970493297098,192.95036410108
"48215","Hidalgo County, Texas",2013,1,0.7,4.50398585230508,191.44979123663
"48215","Hidalgo County, Texas",2014,1,0.7,4.51591903064953,187.871421423452
"48215","Hidalgo County, Texas",2015,1,0.7,4.5081256614625,191.644976466025
"48215","Hidalgo County, Texas",2016,1,0.7,4.50463029637988,195.237533867466
"48215","Hidalgo County, Texas",2017,1,0.7,4.46206626894013,200.623108125918
"48215","Hidalgo County, Texas",2018,1,0.7,4.43939835451109,208.198429708536
"48215","Hidalgo County, Texas",2019,1,0.7,4.43920365641167,206.718749725272
"48215","Hidalgo County, Texas",2020,1,0.7,4.44111325372695,206.197639276883
"48215","Hidalgo County, Texas",2021,1,0.7,4.44401260062127,206.26073082326
"48215","Hidalgo County, Texas",2022,1,0.7,4.44632553046863,207.599594192958
"48245","Jefferson County, Texas",2012,1,0.150793650793651,4.59920173323005,183.706954207986
"48245","Jefferson County, Texas",2013,1,0.150793650793651,4.59326360966734,183.915799588842
"48245","Jefferson County, Texas",2014,1,0.150793650793651,4.58829117899767,183.908922505966
"48245","Jefferson County, Texas",2015,1,0.150793650793651,4.57690579927736,188.504881959696
"48245","Jefferson County, Texas",2016,1,0.150793650793651,4.56820772654638,189.346805222443
"48245","Jefferson County, Texas",2017,1,0.150793650793651,4.4840060374499,202.361147700467
"48245","Jefferson County, Texas",2018,1,0.150793650793651,4.46845559686216,203.139204430159
"48245","Jefferson County, Texas",2019,1,0.150793650793651,4.46724198333866,204.78810854116
"48245","Jefferson County, Texas",2020,1,0.150793650793651,4.47963746408804,200.644484869908
"48245","Jefferson County, Texas",2021,1,0.150793650793651,4.49105975209408,196.756470465219
"48245","Jefferson County, Texas",2022,1,0.150793650793651,4.48539423200107,198.645181046815
"48339","Montgomery County, Texas",2012,1,0.282828282828283,4.61670954878873,166.861177302024
"48339","Montgomery County, Texas",2013,1,0.282828282828283,4.60575926344636,168.776464292662
"48339","Montgomery County, Texas",2014,1,0.282828282828283,4.60258384560541,168.942728335991
"48339","Montgomery County, Texas",2015,1,0.282828282828283,4.59039439758235,172.199829176004
"48339","Montgomery County, Texas",2016,1,0.282828282828283,4.57841934467022,174.857491507762
"48339","Montgomery County, Texas",2017,1,0.282828282828283,4.53488103691398,180.124212610274
"48339","Montgomery County, Texas",2018,1,0.282828282828283,4.53696969878836,180.814027604434
"48339","Montgomery County, Texas",2019,1,0.282828282828283,4.54288727536359,179.962588406372
"48339","Montgomery County, Texas",2020,1,0.282828282828283,4.53472714723698,179.870388333588
"48339","Montgomery County, Texas",2021,1,0.282828282828283,4.52486125536505,180.666266511515
"48339","Montgomery County, Texas",2022,1,0.282828282828283,4.52507359556315,183.69733585505
"48375","Potter County, Texas",2012,0,NA,4.59490275741318,182.822009300584
"48375","Potter County, Texas",2013,0,NA,4.59944619032543,179.530709451522
"48375","Potter County, Texas",2014,0,NA,4.59576958216202,178.706082632982
"48375","Potter County, Texas",2015,0,NA,4.58452934035245,182.435922151425
"48375","Potter County, Texas",2016,0,NA,4.5724129784585,186.78820960886
"48375","Potter County, Texas",2017,0,NA,4.46300041359357,197.603918039238
"48375","Potter County, Texas",2018,0,NA,4.47616020572903,197.456438335777
"48375","Potter County, Texas",2019,0,NA,4.46646657943,199.417372310306
"48375","Potter County, Texas",2020,0,NA,4.45214318750355,203.045801766573
"48375","Potter County, Texas",2021,0,NA,4.4726471405975,196.696911117677
"48375","Potter County, Texas",2022,0,NA,4.46719326440762,198.005260150941
"48381","Randall County, Texas",2012,0,NA,4.51553644130846,178.467425363138
"48381","Randall County, Texas",2013,0,NA,4.52257748985859,178.59060649977
"48381","Randall County, Texas",2014,0,NA,4.52273154940127,178.067573777091
"48381","Randall County, Texas",2015,0,NA,4.50118004344897,181.72424248446
"48381","Randall County, Texas",2016,0,NA,4.50276607190791,181.323202321516
"48381","Randall County, Texas",2017,0,NA,4.35502922440785,197.224284508108
"48381","Randall County, Texas",2018,0,NA,4.34509385397191,200.393174366635
"48381","Randall County, Texas",2019,0,NA,4.35005775812012,197.198260711157
"48381","Randall County, Texas",2020,0,NA,4.33806649013001,198.925917708718
"48381","Randall County, Texas",2021,0,NA,4.33541625846707,197.931602773945
"48381","Randall County, Texas",2022,0,NA,4.34124677242915,203.455469611414
"48439","Tarrant County, Texas",2012,1,0.341121495327103,4.66080388683507,168.365940710867
"48439","Tarrant County, Texas",2013,1,0.341121495327103,4.65498750836105,169.772755569447
"48439","Tarrant County, Texas",2014,1,0.341121495327103,4.65163852827105,169.849298025581
"48439","Tarrant County, Texas",2015,1,0.341121495327103,4.64085719395588,172.624056078072
"48439","Tarrant County, Texas",2016,1,0.341121495327103,4.6272661221094,176.452671148108
"48439","Tarrant County, Texas",2017,1,0.341121495327103,4.59652541145195,183.265059494108
"48439","Tarrant County, Texas",2018,1,0.341121495327103,4.58686467750418,184.159459162796
"48439","Tarrant County, Texas",2019,1,0.341121495327103,4.58181052976467,185.533475240416
"48439","Tarrant County, Texas",2020,1,0.341121495327103,4.57406667733713,185.384084812023
"48439","Tarrant County, Texas",2021,1,0.341121495327103,4.56954323061341,184.020528098072
"48439","Tarrant County, Texas",2022,1,0.341121495327103,4.55933194082009,187.813025196247
"48453","Travis County, Texas",2012,1,0.247498683517641,4.59377908855042,173.526274371676
"48453","Travis County, Texas",2013,1,0.247498683517641,4.58642914886826,174.202633377344
"48453","Travis County, Texas",2014,1,0.247498683517641,4.58195468588961,174.494310753428
"48453","Travis County, Texas",2015,1,0.247498683517641,4.57995683422363,175.540292968286
"48453","Travis County, Texas",2016,1,0.247498683517641,4.56962833961535,176.781815935274
"48453","Travis County, Texas",2017,1,0.247498683517641,4.54108237562347,180.354592976601
"48453","Travis County, Texas",2018,1,0.247498683517641,4.53101861282676,182.305813247208
"48453","Travis County, Texas",2019,1,0.247498683517641,4.5255358287062,183.764094099057
"48453","Travis County, Texas",2020,1,0.247498683517641,4.51231088068265,186.632511368199
"48453","Travis County, Texas",2021,1,0.247498683517641,4.49831457822232,189.05175676604
"48453","Travis County, Texas",2022,1,0.247498683517641,4.48758124430537,191.543272843268
"48473","Waller County, Texas",2012,1,0.454545454545455,4.59519789553446,147.336076817558
"48473","Waller County, Texas",2013,1,0.454545454545455,4.56880797476316,154.174878888909
"48473","Waller County, Texas",2014,1,0.454545454545455,4.56623080069613,155.332779109003
"48473","Waller County, Texas",2015,1,0.454545454545455,4.55808189483976,157.149629501405
"48473","Waller County, Texas",2016,1,0.454545454545455,4.58835088708833,152.560263364928
"48473","Waller County, Texas",2017,1,0.454545454545455,4.12355269220002,212.618870627529
"48473","Waller County, Texas",2018,1,0.454545454545455,4.16924743450177,204.557114833258
"48473","Waller County, Texas",2019,1,0.454545454545455,4.1770187879867,206.987380751117
"48473","Waller County, Texas",2020,1,0.454545454545455,4.18330639577083,208.431001014258
"48473","Waller County, Texas",2021,1,0.454545454545455,4.19091659845365,207.315957933242
"48473","Waller County, Texas",2022,1,0.454545454545455,4.25189343064452,199.700158000575
"48491","Williamson County, Texas",2012,1,0.424270072992701,4.53755266553175,185.433784608114
"48491","Williamson County, Texas",2013,1,0.424270072992701,4.52562481826683,186.810305292962
"48491","Williamson County, Texas",2014,1,0.424270072992701,4.53514155289814,182.9541399137
"48491","Williamson County, Texas",2015,1,0.424270072992701,4.51697032993461,189.281996325797
"48491","Williamson County, Texas",2016,1,0.424270072992701,4.50901477746678,188.893532656028
"48491","Williamson County, Texas",2017,1,0.424270072992701,4.46478772590993,191.744369804406
"48491","Williamson County, Texas",2018,1,0.424270072992701,4.45273194429621,194.575159297713
"48491","Williamson County, Texas",2019,1,0.424270072992701,4.43950637119298,197.464370093889
"48491","Williamson County, Texas",2020,1,0.424270072992701,4.4292183836962,199.54292972813
"48491","Williamson County, Texas",2021,1,0.424270072992701,4.42969127535139,199.795895205768
"48491","Williamson County, Texas",2022,1,0.424270072992701,4.4087640343669,207.288669372585
"49035","Salt Lake County, Utah",2012,1,0.342767295597484,4.66273165308956,153.10280592727
"49035","Salt Lake County, Utah",2013,1,0.342767295597484,4.65436310505878,155.379496519346
"49035","Salt Lake County, Utah",2014,1,0.342767295597484,4.64547210230546,157.519569036659
"49035","Salt Lake County, Utah",2015,1,0.342767295597484,4.64604832583516,157.58588450207
"49035","Salt Lake County, Utah",2016,1,0.342767295597484,4.63764819654893,159.263507906933
"49035","Salt Lake County, Utah",2017,1,0.342767295597484,4.60669635921057,164.095879793479
"49035","Salt Lake County, Utah",2018,1,0.342767295597484,4.59628446624119,165.832004560577
"49035","Salt Lake County, Utah",2019,1,0.342767295597484,4.58705204041231,168.117564434088
"49035","Salt Lake County, Utah",2020,1,0.342767295597484,4.58116053646,168.547786156915
"49035","Salt Lake County, Utah",2021,1,0.342767295597484,4.56787945530456,170.962012345839
"49035","Salt Lake County, Utah",2022,1,0.342767295597484,4.5642327565929,172.445885487361
"49049","Utah County, Utah",2012,1,0.43125,4.58669006925511,165.827799127062
"49049","Utah County, Utah",2013,1,0.43125,4.57442471855686,166.961351408431
"49049","Utah County, Utah",2014,1,0.43125,4.56422649673459,169.710491722746
"49049","Utah County, Utah",2015,1,0.43125,4.55129543607154,172.694077098403
"49049","Utah County, Utah",2016,1,0.43125,4.52931000139076,178.225615216125
"49049","Utah County, Utah",2017,1,0.43125,4.47039031818419,186.371876303566
"49049","Utah County, Utah",2018,1,0.43125,4.45881036705188,189.326556830022
"49049","Utah County, Utah",2019,1,0.43125,4.43855798814834,192.458387555475
"49049","Utah County, Utah",2020,1,0.43125,4.43452316167035,194.015293186947
"49049","Utah County, Utah",2021,1,0.43125,4.43823875261214,193.358386899729
"49049","Utah County, Utah",2022,1,0.43125,4.42078375527018,200.230131767868
"49051","Wasatch County, Utah",2012,1,0.172413793103448,4.29574248309158,226.42431237407
"49051","Wasatch County, Utah",2013,1,0.172413793103448,4.27008312677445,228.775783148995
"49051","Wasatch County, Utah",2014,1,0.172413793103448,4.29409138971329,219.718093073093
"49051","Wasatch County, Utah",2015,1,0.172413793103448,4.26643295993698,227.981115519404
"49051","Wasatch County, Utah",2016,1,0.172413793103448,4.25856528779039,235.021508215511
"49051","Wasatch County, Utah",2017,1,0.172413793103448,3.94601171202684,281.695665432147
"49051","Wasatch County, Utah",2018,1,0.172413793103448,3.90998357558107,294.886929422505
"49051","Wasatch County, Utah",2019,1,0.172413793103448,3.91111569516116,293.215279844541
"49051","Wasatch County, Utah",2020,1,0.172413793103448,3.90630371028243,295.833432480666
"49051","Wasatch County, Utah",2021,1,0.172413793103448,3.94714783095361,289.175667513634
"49051","Wasatch County, Utah",2022,1,0.172413793103448,4.01493657096326,279.620017941817
"50007","Chittenden County, Vermont",2012,1,0.166666666666667,4.67065360272096,149.211805982487
"50007","Chittenden County, Vermont",2013,1,0.166666666666667,4.65542456390112,154.47428594901
"50007","Chittenden County, Vermont",2014,1,0.166666666666667,4.65574592964343,153.023901596691
"50007","Chittenden County, Vermont",2015,1,0.166666666666667,4.65802810138939,152.510523957427
"50007","Chittenden County, Vermont",2016,1,0.166666666666667,4.67367710643868,147.956291745451
"50007","Chittenden County, Vermont",2017,1,0.166666666666667,4.61558657883997,153.631419354906
"50007","Chittenden County, Vermont",2018,1,0.166666666666667,4.59599151986052,155.79112267028
"50007","Chittenden County, Vermont",2019,1,0.166666666666667,4.59249859075145,157.41489357706
"50007","Chittenden County, Vermont",2020,1,0.166666666666667,4.58081962724947,158.025286650845
"50007","Chittenden County, Vermont",2021,1,0.166666666666667,4.57697845153254,161.069983115241
"50007","Chittenden County, Vermont",2022,1,0.166666666666667,4.55997429586675,162.695987790728
"51003","Albemarle County, Virginia",2012,1,0.371428571428571,4.52143016268416,173.053883076547
"51003","Albemarle County, Virginia",2013,1,0.371428571428571,4.52149955573213,172.031036189478
"51003","Albemarle County, Virginia",2014,1,0.371428571428571,4.53647653857813,167.714829806583
"51003","Albemarle County, Virginia",2015,1,0.371428571428571,4.53780847832114,166.986658985339
"51003","Albemarle County, Virginia",2016,1,0.371428571428571,4.54027056068774,167.87051935731
"51003","Albemarle County, Virginia",2017,1,0.371428571428571,4.42120178924468,178.685598593425
"51003","Albemarle County, Virginia",2018,1,0.371428571428571,4.40634024444416,179.938563327032
"51003","Albemarle County, Virginia",2019,1,0.371428571428571,4.39956494333613,183.014251421283
"51003","Albemarle County, Virginia",2020,1,0.371428571428571,4.37550968748835,188.11611169063
"51003","Albemarle County, Virginia",2021,1,0.371428571428571,4.36931540531047,187.792769345226
"51003","Albemarle County, Virginia",2022,1,0.371428571428571,4.36471026062419,189.965551476088
"51013","Arlington County, Virginia",2012,1,0.273381294964029,4.09966320153129,352.730228742881
"51013","Arlington County, Virginia",2013,1,0.273381294964029,4.09195086286292,355.972024894009
"51013","Arlington County, Virginia",2014,1,0.273381294964029,4.08535386694239,354.553409808292
"51013","Arlington County, Virginia",2015,1,0.273381294964029,4.09385768652499,346.902503238246
"51013","Arlington County, Virginia",2016,1,0.273381294964029,4.08633124980393,352.710280430023
"51013","Arlington County, Virginia",2017,1,0.273381294964029,4.03323415039252,362.692310458524
"51013","Arlington County, Virginia",2018,1,0.273381294964029,4.03071748707235,356.692153448721
"51013","Arlington County, Virginia",2019,1,0.273381294964029,4.03216913315518,354.865434589378
"51013","Arlington County, Virginia",2020,1,0.273381294964029,4.01953237519712,355.515345323003
"51013","Arlington County, Virginia",2021,1,0.273381294964029,4.02999844722629,344.772607939281
"51013","Arlington County, Virginia",2022,1,0.273381294964029,4.04947524339366,333.344224291504
"51041","Chesterfield County, Virginia",2012,1,0.257142857142857,4.51330124366262,178.21666567707
"51041","Chesterfield County, Virginia",2013,1,0.257142857142857,4.49934942113804,181.640437666313
"51041","Chesterfield County, Virginia",2014,1,0.257142857142857,4.49816550509315,181.938032670455
"51041","Chesterfield County, Virginia",2015,1,0.257142857142857,4.50030041765579,179.889501441275
"51041","Chesterfield County, Virginia",2016,1,0.257142857142857,4.49541348306395,181.026110637235
"51041","Chesterfield County, Virginia",2017,1,0.257142857142857,4.43771597539978,186.64382795768
"51041","Chesterfield County, Virginia",2018,1,0.257142857142857,4.42670385840389,189.691342264399
"51041","Chesterfield County, Virginia",2019,1,0.257142857142857,4.41943957632285,190.56586806078
"51041","Chesterfield County, Virginia",2020,1,0.257142857142857,4.42305944663301,188.32080367405
"51041","Chesterfield County, Virginia",2021,1,0.257142857142857,4.41548016700799,190.854033766706
"51041","Chesterfield County, Virginia",2022,1,0.257142857142857,4.41521815236994,190.14382837257
"51059","Fairfax County, Virginia",2012,1,0.121739891475582,4.24127222344906,314.670098730158
"51059","Fairfax County, Virginia",2013,1,0.121739891475582,4.22607338825429,320.249195834716
"51059","Fairfax County, Virginia",2014,1,0.121739891475582,4.21811571764983,326.258697256814
"51059","Fairfax County, Virginia",2015,1,0.121739891475582,4.21815991125345,326.37715293421
"51059","Fairfax County, Virginia",2016,1,0.121739891475582,4.20590437139758,335.468919439712
"51059","Fairfax County, Virginia",2017,1,0.121739891475582,4.17251879475291,340.377443060926
"51059","Fairfax County, Virginia",2018,1,0.121739891475582,4.17803494399519,329.484621077409
"51059","Fairfax County, Virginia",2019,1,0.121739891475582,4.17154118357416,332.040424554298
"51059","Fairfax County, Virginia",2020,1,0.121739891475582,4.17271716853229,330.499911192486
"51059","Fairfax County, Virginia",2021,1,0.121739891475582,4.17666687266802,324.620963549129
"51059","Fairfax County, Virginia",2022,1,0.121739891475582,4.18660451011141,316.360404133416
"51075","Goochland County, Virginia",2012,1,0.976923076923077,4.40553890510164,193.727688480623
"51075","Goochland County, Virginia",2013,1,0.976923076923077,4.40127289861176,195.403662829793
"51075","Goochland County, Virginia",2014,1,0.976923076923077,4.40857101826143,195.381349142766
"51075","Goochland County, Virginia",2015,1,0.976923076923077,4.3881582305127,198.61026193457
"51075","Goochland County, Virginia",2016,1,0.976923076923077,4.39650613747535,201.525789900081
"51075","Goochland County, Virginia",2017,1,0.976923076923077,3.90178187895824,271.637051039698
"51075","Goochland County, Virginia",2018,1,0.976923076923077,3.94409432210997,261.236623067776
"51075","Goochland County, Virginia",2019,1,0.976923076923077,3.92841879433136,268.400072068826
"51075","Goochland County, Virginia",2020,1,0.976923076923077,3.93525869580469,267.464193013519
"51075","Goochland County, Virginia",2021,1,0.976923076923077,3.91673767333202,277.19335880025
"51075","Goochland County, Virginia",2022,1,0.976923076923077,3.96226613312735,258.987414313738
"51085","Hanover County, Virginia",2012,1,0.139130434782609,4.51751748529023,187.20830292574
"51085","Hanover County, Virginia",2013,1,0.139130434782609,4.51365880502512,188.174763698857
"51085","Hanover County, Virginia",2014,1,0.139130434782609,4.50840015861902,190.195682803898
"51085","Hanover County, Virginia",2015,1,0.139130434782609,4.52251582389693,185.406767732172
"51085","Hanover County, Virginia",2016,1,0.139130434782609,4.5026036959373,187.525606848696
"51085","Hanover County, Virginia",2017,1,0.139130434782609,4.39003156648532,197.135277770559
"51085","Hanover County, Virginia",2018,1,0.139130434782609,4.37158025086338,199.948076121558
"51085","Hanover County, Virginia",2019,1,0.139130434782609,4.37049430543138,201.870655909456
"51085","Hanover County, Virginia",2020,1,0.139130434782609,4.37316730907608,199.661103449573
"51085","Hanover County, Virginia",2021,1,0.139130434782609,4.37548836290624,198.192585162609
"51085","Hanover County, Virginia",2022,1,0.139130434782609,4.38750096021594,195.79047288725
"51087","Henrico County, Virginia",2012,1,0.524475524475524,4.57276379630761,164.384091269976
"51087","Henrico County, Virginia",2013,1,0.524475524475524,4.56707486722818,166.278008564955
"51087","Henrico County, Virginia",2014,1,0.524475524475524,4.56118952658684,166.743842252058
"51087","Henrico County, Virginia",2015,1,0.524475524475524,4.55387362787723,168.686202403681
"51087","Henrico County, Virginia",2016,1,0.524475524475524,4.55398963212881,167.221473254062
"51087","Henrico County, Virginia",2017,1,0.524475524475524,4.50242682843987,171.879933657522
"51087","Henrico County, Virginia",2018,1,0.524475524475524,4.50035141862705,172.170430081737
"51087","Henrico County, Virginia",2019,1,0.524475524475524,4.49679147572127,172.961464318683
"51087","Henrico County, Virginia",2020,1,0.524475524475524,4.50536185854303,170.563972072089
"51087","Henrico County, Virginia",2021,1,0.524475524475524,4.50867673797211,169.11261347427
"51087","Henrico County, Virginia",2022,1,0.524475524475524,4.50498378566314,170.036916288123
"51107","Loudoun County, Virginia",2012,1,0.13888057467824,4.26219680097216,336.364968469341
"51107","Loudoun County, Virginia",2013,1,0.13888057467824,4.23600598963706,354.963781885481
"51107","Loudoun County, Virginia",2014,1,0.13888057467824,4.22077464422621,366.906442731953
"51107","Loudoun County, Virginia",2015,1,0.13888057467824,4.18849809514063,390.737441128293
"51107","Loudoun County, Virginia",2016,1,0.13888057467824,4.16495552250522,407.998781859866
"51107","Loudoun County, Virginia",2017,1,0.13888057467824,4.1207848718657,419.223706788247
"51107","Loudoun County, Virginia",2018,1,0.13888057467824,4.13114877784721,406.481871030745
"51107","Loudoun County, Virginia",2019,1,0.13888057467824,4.11837660690696,411.877766537849
"51107","Loudoun County, Virginia",2020,1,0.13888057467824,4.10577222474398,421.453145515891
"51107","Loudoun County, Virginia",2021,1,0.13888057467824,4.08203164013985,439.302035979023
"51107","Loudoun County, Virginia",2022,1,0.13888057467824,4.05529179168537,467.296520352854
"51153","Prince William County, Virginia",2012,1,0.197916666666667,4.33591641128667,228.303363627729
"51153","Prince William County, Virginia",2013,1,0.197916666666667,4.3380514866607,227.108417994902
"51153","Prince William County, Virginia",2014,1,0.197916666666667,4.33508230839369,228.391554908039
"51153","Prince William County, Virginia",2015,1,0.197916666666667,4.33500362629873,227.980326509491
"51153","Prince William County, Virginia",2016,1,0.197916666666667,4.32249133027925,231.636625115498
"51153","Prince William County, Virginia",2017,1,0.197916666666667,4.27270147345978,235.923009947233
"51153","Prince William County, Virginia",2018,1,0.197916666666667,4.25184345255926,240.117377892694
"51153","Prince William County, Virginia",2019,1,0.197916666666667,4.26035249366306,236.463058546235
"51153","Prince William County, Virginia",2020,1,0.197916666666667,4.2629709679621,233.001001781893
"51153","Prince William County, Virginia",2021,1,0.197916666666667,4.27505973111316,232.766343545279
"51153","Prince William County, Virginia",2022,1,0.197916666666667,4.28005075968841,233.484856066417
"51161","Roanoke County, Virginia",2012,1,0.45,4.49721528163702,171.263670462316
"51161","Roanoke County, Virginia",2013,1,0.45,4.49617046401086,172.032338109341
"51161","Roanoke County, Virginia",2014,1,0.45,4.4962728434251,176.022065994839
"51161","Roanoke County, Virginia",2015,1,0.45,4.4877073473699,174.990530542158
"51161","Roanoke County, Virginia",2016,1,0.45,4.48067059559812,177.358073729292
"51161","Roanoke County, Virginia",2017,1,0.45,4.32272942950618,191.565969163838
"51161","Roanoke County, Virginia",2018,1,0.45,4.30446109070162,195.204251492654
"51161","Roanoke County, Virginia",2019,1,0.45,4.31040401991028,194.675813051954
"51161","Roanoke County, Virginia",2020,1,0.45,4.31607059643467,195.990809682411
"51161","Roanoke County, Virginia",2021,1,0.45,4.30683706056049,196.343376955144
"51161","Roanoke County, Virginia",2022,1,0.45,4.31848571594659,189.091749965839
"51181","Surry County, Virginia",2012,1,0.212121212121212,3.53794590707035,354.27319211103
"51181","Surry County, Virginia",2013,1,0.212121212121212,3.5251314370467,390.796201607012
"51181","Surry County, Virginia",2014,1,0.212121212121212,3.47334611788283,439.111111111111
"51181","Surry County, Virginia",2015,1,0.212121212121212,3.47705682614646,405.092592592593
"51181","Surry County, Virginia",2016,1,0.212121212121212,3.49932680860232,405.405405405405
"51181","Surry County, Virginia",2017,1,0.212121212121212,1.67128563393936,2142.85714285714
"51181","Surry County, Virginia",2018,1,0.212121212121212,2.07952175639663,1450.61728395062
"51181","Surry County, Virginia",2019,1,0.212121212121212,2.10847956774624,1363.26530612245
"51181","Surry County, Virginia",2020,1,0.212121212121212,2.33656490035313,1050
"51181","Surry County, Virginia",2021,1,0.212121212121212,1.96467222265698,1608.99653979239
"51181","Surry County, Virginia",2022,1,0.212121212121212,2.17542793031965,1350
"51183","Sussex County, Virginia",2012,1,0.193548387096774,3.98323712872422,275.958706282708
"51183","Sussex County, Virginia",2013,1,0.193548387096774,4.02247977344299,267.81064115567
"51183","Sussex County, Virginia",2014,1,0.193548387096774,3.97478707009936,290.565213320433
"51183","Sussex County, Virginia",2015,1,0.193548387096774,3.97577598305942,286.195811616367
"51183","Sussex County, Virginia",2016,1,0.193548387096774,4.0148211758185,267.696346265376
"51183","Sussex County, Virginia",2017,1,0.193548387096774,2.63563412482967,882.026627218935
"51183","Sussex County, Virginia",2018,1,0.193548387096774,2.72827941746594,830.289749208668
"51183","Sussex County, Virginia",2019,1,0.193548387096774,2.83566914314901,735.610957217605
"51183","Sussex County, Virginia",2020,1,0.193548387096774,2.89461911254232,692.561983471074
"51183","Sussex County, Virginia",2021,1,0.193548387096774,2.87978851202421,682.3224852071
"51183","Sussex County, Virginia",2022,1,0.193548387096774,2.80010714158605,713.14698692741
"51510","Alexandria city, Virginia",2012,1,0.2625,4.27172945907435,262.184327253605
"51510","Alexandria city, Virginia",2013,1,0.2625,4.27728796197837,259.843132769761
"51510","Alexandria city, Virginia",2014,1,0.2625,4.26777691958274,257.966038056656
"51510","Alexandria city, Virginia",2015,1,0.2625,4.2608646709275,262.137874234691
"51510","Alexandria city, Virginia",2016,1,0.2625,4.27344630613463,257.638657227226
"51510","Alexandria city, Virginia",2017,1,0.2625,4.16090703076112,272.106314268718
"51510","Alexandria city, Virginia",2018,1,0.2625,4.17113961086734,265.945846509844
"51510","Alexandria city, Virginia",2019,1,0.2625,4.17090824361923,264.559482003067
"51510","Alexandria city, Virginia",2020,1,0.2625,4.16099050305346,271.326504169077
"51510","Alexandria city, Virginia",2021,1,0.2625,4.15431504427399,273.612882653061
"51510","Alexandria city, Virginia",2022,1,0.2625,4.17195885268144,264.877017577549
"51540","Charlottesville city, Virginia",2012,1,0.382352941176471,4.40721708759124,233.784537629422
"51540","Charlottesville city, Virginia",2013,1,0.382352941176471,4.42663031030901,231.488370795986
"51540","Charlottesville city, Virginia",2014,1,0.382352941176471,4.4152989564351,242.247663450181
"51540","Charlottesville city, Virginia",2015,1,0.382352941176471,4.42636235039137,237.857011255792
"51540","Charlottesville city, Virginia",2016,1,0.382352941176471,4.42063580082633,241.884249222358
"51540","Charlottesville city, Virginia",2017,1,0.382352941176471,4.26435736556776,264.752496429312
"51540","Charlottesville city, Virginia",2018,1,0.382352941176471,4.24850552925238,265.896755237176
"51540","Charlottesville city, Virginia",2019,1,0.382352941176471,4.26633758869195,261.760782198134
"51540","Charlottesville city, Virginia",2020,1,0.382352941176471,4.24728571091635,274.305689509578
"51540","Charlottesville city, Virginia",2021,1,0.382352941176471,4.23195765402994,272.333514245406
"51540","Charlottesville city, Virginia",2022,1,0.382352941176471,4.2302036658538,272.88138755356
"51550","Chesapeake city, Virginia",2012,1,0.114285714285714,4.51849346623159,188.438690989531
"51550","Chesapeake city, Virginia",2013,1,0.114285714285714,4.51555265256683,188.349597651466
"51550","Chesapeake city, Virginia",2014,1,0.114285714285714,4.51115738454403,187.43443150215
"51550","Chesapeake city, Virginia",2015,1,0.114285714285714,4.4940620058485,193.505102096422
"51550","Chesapeake city, Virginia",2016,1,0.114285714285714,4.49743188288118,191.80912369923
"51550","Chesapeake city, Virginia",2017,1,0.114285714285714,4.42075093570642,198.39761750114
"51550","Chesapeake city, Virginia",2018,1,0.114285714285714,4.42104072886224,199.955482921438
"51550","Chesapeake city, Virginia",2019,1,0.114285714285714,4.42186875797221,198.864132231405
"51550","Chesapeake city, Virginia",2020,1,0.114285714285714,4.41988211872334,199.648371274785
"51550","Chesapeake city, Virginia",2021,1,0.114285714285714,4.41676673091484,199.839671042704
"51550","Chesapeake city, Virginia",2022,1,0.114285714285714,4.39626040239804,206.400551556871
"51600","Fairfax city, Virginia",2012,1,0.115232833464878,4.05119283064011,360.905153041391
"51600","Fairfax city, Virginia",2013,1,0.115232833464878,4.04110525047994,359.14989943359
"51600","Fairfax city, Virginia",2014,1,0.115232833464878,4.04813465655673,357.698727100887
"51600","Fairfax city, Virginia",2015,1,0.115232833464878,4.06378004535699,346.9126917039
"51600","Fairfax city, Virginia",2016,1,0.115232833464878,4.03456121454255,352.387728249215
"51600","Fairfax city, Virginia",2017,1,0.115232833464878,3.92767378570257,376.639225421058
"51600","Fairfax city, Virginia",2018,1,0.115232833464878,3.90967874348816,381.949349773156
"51600","Fairfax city, Virginia",2019,1,0.115232833464878,3.90162298386473,379.066519171502
"51600","Fairfax city, Virginia",2020,1,0.115232833464878,3.91247215266524,376.319969459196
"51600","Fairfax city, Virginia",2021,1,0.115232833464878,3.91965740145306,364.296001954657
"51600","Fairfax city, Virginia",2022,1,0.115232833464878,3.93531510082675,356.380669062555
"51610","Falls Church city, Virginia",2012,1,0.00286789747266535,4.15936417894648,307.299371301775
"51610","Falls Church city, Virginia",2013,1,0.00286789747266535,4.18360890435603,299.130872770919
"51610","Falls Church city, Virginia",2014,1,0.00286789747266535,4.15072897515444,304.905290431007
"51610","Falls Church city, Virginia",2015,1,0.00286789747266535,4.14384081838835,310.936150096989
"51610","Falls Church city, Virginia",2016,1,0.00286789747266535,4.12953791564153,308.768593717101
"51610","Falls Church city, Virginia",2017,1,0.00286789747266535,3.83103509205007,360.228811558164
"51610","Falls Church city, Virginia",2018,1,0.00286789747266535,3.81522176237938,356.064260743717
"51610","Falls Church city, Virginia",2019,1,0.00286789747266535,3.84022080364765,341.480001960592
"51610","Falls Church city, Virginia",2020,1,0.00286789747266535,3.82976182923038,342.076813472959
"51610","Falls Church city, Virginia",2021,1,0.00286789747266535,3.79821462778005,357.455454044908
"51610","Falls Church city, Virginia",2022,1,0.00286789747266535,3.77789470974896,371.424618628637
"51683","Manassas city, Virginia",2012,1,0.0454545454545455,4.30570054855346,222.814465896061
"51683","Manassas city, Virginia",2013,1,0.0454545454545455,4.29737660004788,223.46508027706
"51683","Manassas city, Virginia",2014,1,0.0454545454545455,4.28725090826224,225.123365205499
"51683","Manassas city, Virginia",2015,1,0.0454545454545455,4.25950938321554,235.495399864867
"51683","Manassas city, Virginia",2016,1,0.0454545454545455,4.25325693011643,236.497777777778
"51683","Manassas city, Virginia",2017,1,0.0454545454545455,4.07075195598813,262.791397587186
"51683","Manassas city, Virginia",2018,1,0.0454545454545455,4.07638892169483,259.024676428683
"51683","Manassas city, Virginia",2019,1,0.0454545454545455,4.08139972974088,254.847494975986
"51683","Manassas city, Virginia",2020,1,0.0454545454545455,4.06169467728357,257.806418476996
"51683","Manassas city, Virginia",2021,1,0.0454545454545455,4.03682004008796,265.546141588801
"51683","Manassas city, Virginia",2022,1,0.0454545454545455,4.07679501643899,258.598302173164
"51685","Manassas Park city, Virginia",2012,1,0.0434782608695652,3.7975805263371,390.426638917794
"51685","Manassas Park city, Virginia",2013,1,0.0434782608695652,3.78100865582662,389.6484375
"51685","Manassas Park city, Virginia",2014,1,0.0434782608695652,3.7339999693083,420.894255622854
"51685","Manassas Park city, Virginia",2015,1,0.0434782608695652,3.71528741335277,426.260687335452
"51685","Manassas Park city, Virginia",2016,1,0.0434782608695652,3.66339783371331,462.993572084481
"51685","Manassas Park city, Virginia",2017,1,0.0434782608695652,2.85436347827458,798.03466796875
"51685","Manassas Park city, Virginia",2018,1,0.0434782608695652,2.87957987184822,755.428978284087
"51685","Manassas Park city, Virginia",2019,1,0.0434782608695652,2.89041886389981,750.201500403001
"51685","Manassas Park city, Virginia",2020,1,0.0434782608695652,2.87547408531968,744.341831425598
"51685","Manassas Park city, Virginia",2021,1,0.0434782608695652,2.96414515040126,694.78720343987
"51685","Manassas Park city, Virginia",2022,1,0.0434782608695652,2.95609299231436,682.548937942524
"51740","Portsmouth city, Virginia",2012,1,0.0606060606060606,4.43417176285707,214.934393218439
"51740","Portsmouth city, Virginia",2013,1,0.0606060606060606,4.43346192775385,218.066323822452
"51740","Portsmouth city, Virginia",2014,1,0.0606060606060606,4.42769681993935,215.637600201385
"51740","Portsmouth city, Virginia",2015,1,0.0606060606060606,4.44898525388933,203.608491543384
"51740","Portsmouth city, Virginia",2016,1,0.0606060606060606,4.43461688663193,208.544018764887
"51740","Portsmouth city, Virginia",2017,1,0.0606060606060606,4.2240963429757,236.134650923546
"51740","Portsmouth city, Virginia",2018,1,0.0606060606060606,4.22775000824934,235.534563107816
"51740","Portsmouth city, Virginia",2019,1,0.0606060606060606,4.20933849097327,238.609103572418
"51740","Portsmouth city, Virginia",2020,1,0.0606060606060606,4.22272304366026,235.817452459451
"51740","Portsmouth city, Virginia",2021,1,0.0606060606060606,4.19281541194353,240.889558509905
"51740","Portsmouth city, Virginia",2022,1,0.0606060606060606,4.21244417547318,241.6282610343
"51760","Richmond city, Virginia",2012,1,0.559139784946237,4.6084482377606,178.158239550629
"51760","Richmond city, Virginia",2013,1,0.559139784946237,4.57804794355423,185.029027232366
"51760","Richmond city, Virginia",2014,1,0.559139784946237,4.57633370288125,187.891317875824
"51760","Richmond city, Virginia",2015,1,0.559139784946237,4.58523605429385,185.784455542669
"51760","Richmond city, Virginia",2016,1,0.559139784946237,4.57663428999206,187.052635275897
"51760","Richmond city, Virginia",2017,1,0.559139784946237,4.51470071375352,196.895551299906
"51760","Richmond city, Virginia",2018,1,0.559139784946237,4.50651540492204,198.610963913996
"51760","Richmond city, Virginia",2019,1,0.559139784946237,4.51211731427913,198.392523112551
"51760","Richmond city, Virginia",2020,1,0.559139784946237,4.51729372330439,194.925694976685
"51760","Richmond city, Virginia",2021,1,0.559139784946237,4.51158359907369,196.795797896325
"51760","Richmond city, Virginia",2022,1,0.559139784946237,4.50641252260588,200.399040949776
"51770","Roanoke city, Virginia",2012,1,0.545454545454545,4.58455586817662,183.793563966389
"51770","Roanoke city, Virginia",2013,1,0.545454545454545,4.60191716108019,176.445591651726
"51770","Roanoke city, Virginia",2014,1,0.545454545454545,4.61045298626694,172.864380212335
"51770","Roanoke city, Virginia",2015,1,0.545454545454545,4.60772675756475,175.226595839719
"51770","Roanoke city, Virginia",2016,1,0.545454545454545,4.6021792287905,174.285395163066
"51770","Roanoke city, Virginia",2017,1,0.545454545454545,4.47056209611172,189.973767271795
"51770","Roanoke city, Virginia",2018,1,0.545454545454545,4.46967407704498,193.054279554168
"51770","Roanoke city, Virginia",2019,1,0.545454545454545,4.46033516781436,190.302989755671
"51770","Roanoke city, Virginia",2020,1,0.545454545454545,4.46855164856125,189.179465848946
"51770","Roanoke city, Virginia",2021,1,0.545454545454545,4.44936024405166,189.707774632
"51770","Roanoke city, Virginia",2022,1,0.545454545454545,4.43319180735063,194.101163214635
"51800","Suffolk city, Virginia",2012,1,0.108108108108108,4.43243938170481,218.424590634875
"51800","Suffolk city, Virginia",2013,1,0.108108108108108,4.40432139700882,219.15980569309
"51800","Suffolk city, Virginia",2014,1,0.108108108108108,4.4069457206261,218.17412855661
"51800","Suffolk city, Virginia",2015,1,0.108108108108108,4.40393427462348,219.180779422084
"51800","Suffolk city, Virginia",2016,1,0.108108108108108,4.41074142424724,216.159927415313
"51800","Suffolk city, Virginia",2017,1,0.108108108108108,4.14441290983045,246.444933357146
"51800","Suffolk city, Virginia",2018,1,0.108108108108108,4.14319054366828,249.666731312966
"51800","Suffolk city, Virginia",2019,1,0.108108108108108,4.16298148412359,243.973296502758
"51800","Suffolk city, Virginia",2020,1,0.108108108108108,4.17020084322785,239.940389821672
"51800","Suffolk city, Virginia",2021,1,0.108108108108108,4.1618892442538,240.720936598018
"51800","Suffolk city, Virginia",2022,1,0.108108108108108,4.15196071967003,243.526897165781
"53011","Clark County, Washington",2012,1,0.818181818181818,4.59514371318919,168.002893241518
"53011","Clark County, Washington",2013,1,0.818181818181818,4.58229921411397,168.910024048837
"53011","Clark County, Washington",2014,1,0.818181818181818,4.58371552442625,168.097587520313
"53011","Clark County, Washington",2015,1,0.818181818181818,4.5698437455302,169.985687299459
"53011","Clark County, Washington",2016,1,0.818181818181818,4.55308358675742,173.925100065372
"53011","Clark County, Washington",2017,1,0.818181818181818,4.50376632397117,179.300815916892
"53011","Clark County, Washington",2018,1,0.818181818181818,4.48638433648451,180.493979547749
"53011","Clark County, Washington",2019,1,0.818181818181818,4.47277158491809,184.203601113371
"53011","Clark County, Washington",2020,1,0.818181818181818,4.46920081518975,184.745280508788
"53011","Clark County, Washington",2021,1,0.818181818181818,4.46238082882458,186.674424422194
"53011","Clark County, Washington",2022,1,0.818181818181818,4.44694267745482,191.057235041225
"53033","King County, Washington",2012,1,1.39509059029807,4.61954582290161,173.24881165843
"53033","King County, Washington",2013,1,1.39509059029807,4.61141499687692,175.511564198395
"53033","King County, Washington",2014,1,1.39509059029807,4.60554594531977,176.243353282235
"53033","King County, Washington",2015,1,1.39509059029807,4.59614973183263,177.208123729027
"53033","King County, Washington",2016,1,1.39509059029807,4.58354287997024,180.182606207485
"53033","King County, Washington",2017,1,1.39509059029807,4.55719770660198,184.366205142184
"53033","King County, Washington",2018,1,1.39509059029807,4.54213858959121,187.291924975874
"53033","King County, Washington",2019,1,1.39509059029807,4.53841770916138,187.90858497106
"53033","King County, Washington",2020,1,1.39509059029807,4.53090774714847,187.235035218835
"53033","King County, Washington",2021,1,1.39509059029807,4.51656486767219,190.013354619591
"53033","King County, Washington",2022,1,1.39509059029807,4.49944658514582,194.940607474521
"53053","Pierce County, Washington",2012,1,0.702702702702703,4.55904074525903,187.220038601634
"53053","Pierce County, Washington",2013,1,0.702702702702703,4.55525908932615,187.421605786857
"53053","Pierce County, Washington",2014,1,0.702702702702703,4.55358042511236,187.137941431875
"53053","Pierce County, Washington",2015,1,0.702702702702703,4.54636516868214,188.335448682415
"53053","Pierce County, Washington",2016,1,0.702702702702703,4.53124689984623,190.475542926445
"53053","Pierce County, Washington",2017,1,0.702702702702703,4.49657861000669,192.247473299754
"53053","Pierce County, Washington",2018,1,0.702702702702703,4.47694279374784,196.067682118102
"53053","Pierce County, Washington",2019,1,0.702702702702703,4.4713954404535,195.804891935761
"53053","Pierce County, Washington",2020,1,0.702702702702703,4.46098318765668,196.894730481562
"53053","Pierce County, Washington",2021,1,0.702702702702703,4.44433411016792,200.401832298228
"53053","Pierce County, Washington",2022,1,0.702702702702703,4.43294475942988,203.180072265113
"53061","Snohomish County, Washington",2012,1,0.235955056179775,4.56297514505558,190.022548242027
"53061","Snohomish County, Washington",2013,1,0.235955056179775,4.53581517621476,195.538893124653
"53061","Snohomish County, Washington",2014,1,0.235955056179775,4.52754275650522,196.817943492189
"53061","Snohomish County, Washington",2015,1,0.235955056179775,4.51052713974048,200.805599327859
"53061","Snohomish County, Washington",2016,1,0.235955056179775,4.4988125588604,204.102129869543
"53061","Snohomish County, Washington",2017,1,0.235955056179775,4.45787131533363,210.553081391455
"53061","Snohomish County, Washington",2018,1,0.235955056179775,4.44172557019317,213.181310881733
"53061","Snohomish County, Washington",2019,1,0.235955056179775,4.44189879029209,212.694328476343
"53061","Snohomish County, Washington",2020,1,0.235955056179775,4.43769944772371,212.471778260872
"53061","Snohomish County, Washington",2021,1,0.235955056179775,4.42155341982084,217.443400880159
"53061","Snohomish County, Washington",2022,1,0.235955056179775,4.41380508852915,219.801493217794
"53063","Spokane County, Washington",2012,1,0.476190476190476,4.65691011976097,160.936747247703
"53063","Spokane County, Washington",2013,1,0.476190476190476,4.65265385134628,161.491050390156
"53063","Spokane County, Washington",2014,1,0.476190476190476,4.66262321588684,158.172453562456
"53063","Spokane County, Washington",2015,1,0.476190476190476,4.6529196047916,160.099088401049
"53063","Spokane County, Washington",2016,1,0.476190476190476,4.64743464765062,160.444154370518
"53063","Spokane County, Washington",2017,1,0.476190476190476,4.6054400716294,166.161831011242
"53063","Spokane County, Washington",2018,1,0.476190476190476,4.59450976895368,167.472002388994
"53063","Spokane County, Washington",2019,1,0.476190476190476,4.59577887257493,167.291621693617
"53063","Spokane County, Washington",2020,1,0.476190476190476,4.58086287206358,168.805409592755
"53063","Spokane County, Washington",2021,1,0.476190476190476,4.55869934173104,174.14744660548
"53063","Spokane County, Washington",2022,1,0.476190476190476,4.54651253836072,176.80365292265
"53067","Thurston County, Washington",2012,1,0.0275590551181102,4.53227272920225,191.128593536486
"53067","Thurston County, Washington",2013,1,0.0275590551181102,4.53407818488834,189.631282848539
"53067","Thurston County, Washington",2014,1,0.0275590551181102,4.5287828916422,188.129715189312
"53067","Thurston County, Washington",2015,1,0.0275590551181102,4.53398571072487,188.101194308774
"53067","Thurston County, Washington",2016,1,0.0275590551181102,4.51583102197497,188.835990341795
"53067","Thurston County, Washington",2017,1,0.0275590551181102,4.45949989234463,192.86368795785
"53067","Thurston County, Washington",2018,1,0.0275590551181102,4.44202495542938,195.280663996194
"53067","Thurston County, Washington",2019,1,0.0275590551181102,4.44015961999003,196.02675893887
"53067","Thurston County, Washington",2020,1,0.0275590551181102,4.44753532641861,191.355969769288
"53067","Thurston County, Washington",2021,1,0.0275590551181102,4.42818923366568,195.316795917333
"53067","Thurston County, Washington",2022,1,0.0275590551181102,4.42798145679484,199.887808744088
"54039","Kanawha County, West Virginia",2012,1,0.488372093023256,4.59702427978035,175.054153618044
"54039","Kanawha County, West Virginia",2013,1,0.488372093023256,4.60168118442749,174.043571747333
"54039","Kanawha County, West Virginia",2014,1,0.488372093023256,4.59320959864939,175.923900118906
"54039","Kanawha County, West Virginia",2015,1,0.488372093023256,4.58931015401087,175.265473094114
"54039","Kanawha County, West Virginia",2016,1,0.488372093023256,4.60285075486409,173.234681537221
"54039","Kanawha County, West Virginia",2017,1,0.488372093023256,4.51095226509769,184.57614292082
"54039","Kanawha County, West Virginia",2018,1,0.488372093023256,4.49720848538645,187.792297387272
"54039","Kanawha County, West Virginia",2019,1,0.488372093023256,4.51025378530082,183.574186856748
"54039","Kanawha County, West Virginia",2020,1,0.488372093023256,4.49049762681778,186.800874454556
"54039","Kanawha County, West Virginia",2021,1,0.488372093023256,4.47591123932748,188.510572999073
"54039","Kanawha County, West Virginia",2022,1,0.488372093023256,4.47386777576654,189.431391742277
"55025","Dane County, Wisconsin",2012,1,0.974193548387097,4.66600765729102,157.80035201679
"55025","Dane County, Wisconsin",2013,1,0.974193548387097,4.65556076155664,160.17993773612
"55025","Dane County, Wisconsin",2014,1,0.974193548387097,4.65729823720681,159.321660314498
"55025","Dane County, Wisconsin",2015,1,0.974193548387097,4.64800995847372,161.260511785893
"55025","Dane County, Wisconsin",2016,1,0.974193548387097,4.64136760411379,162.47418622696
"55025","Dane County, Wisconsin",2017,1,0.974193548387097,4.59434112764684,168.81551775163
"55025","Dane County, Wisconsin",2018,1,0.974193548387097,4.59305513104247,167.677204124326
"55025","Dane County, Wisconsin",2019,1,0.974193548387097,4.59319467413029,168.520726330484
"55025","Dane County, Wisconsin",2020,1,0.974193548387097,4.59049899584421,167.845370395862
"55025","Dane County, Wisconsin",2021,1,0.974193548387097,4.58528710617376,167.96007732166
"55025","Dane County, Wisconsin",2022,1,0.974193548387097,4.57566349968958,170.00452231603
"55079","Milwaukee County, Wisconsin",2012,1,0.478260869565217,4.67828054087852,156.030613116045
"55079","Milwaukee County, Wisconsin",2013,1,0.478260869565217,4.66471317734199,158.885832219997
"55079","Milwaukee County, Wisconsin",2014,1,0.478260869565217,4.66420267014101,160.160978373548
"55079","Milwaukee County, Wisconsin",2015,1,0.478260869565217,4.6620095196431,160.452796871187
"55079","Milwaukee County, Wisconsin",2016,1,0.478260869565217,4.66152539617464,161.537183649258
"55079","Milwaukee County, Wisconsin",2017,1,0.478260869565217,4.62641763872891,167.362460088085
"55079","Milwaukee County, Wisconsin",2018,1,0.478260869565217,4.62173259695516,168.161830065989
"55079","Milwaukee County, Wisconsin",2019,1,0.478260869565217,4.60975576839339,170.223070007883
"55079","Milwaukee County, Wisconsin",2020,1,0.478260869565217,4.59903152857844,171.144963231263
"55079","Milwaukee County, Wisconsin",2021,1,0.478260869565217,4.59144424404333,171.051440983987
"55079","Milwaukee County, Wisconsin",2022,1,0.478260869565217,4.57863845748833,175.414754888471
"55089","Ozaukee County, Wisconsin",2012,1,0.19047619047619,4.63255446760621,153.461399570139
"55089","Ozaukee County, Wisconsin",2013,1,0.19047619047619,4.62042012791115,156.38364463042
"55089","Ozaukee County, Wisconsin",2014,1,0.19047619047619,4.63647048120176,153.871040395915
"55089","Ozaukee County, Wisconsin",2015,1,0.19047619047619,4.63600936535329,155.512434185185
"55089","Ozaukee County, Wisconsin",2016,1,0.19047619047619,4.6355450104209,154.009127634112
"55089","Ozaukee County, Wisconsin",2017,1,0.19047619047619,4.49287292745056,166.528578380198
"55089","Ozaukee County, Wisconsin",2018,1,0.19047619047619,4.47978061597951,170.049591767088
"55089","Ozaukee County, Wisconsin",2019,1,0.19047619047619,4.46280718133451,173.722589119273
"55089","Ozaukee County, Wisconsin",2020,1,0.19047619047619,4.45155366529501,177.140393504206
"55089","Ozaukee County, Wisconsin",2021,1,0.19047619047619,4.45569340929886,177.606221572485
"55089","Ozaukee County, Wisconsin",2022,1,0.19047619047619,4.43309411855382,179.15359815372
"55101","Racine County, Wisconsin",2012,1,0.153846153846154,4.67414577660547,150.053205455978
"55101","Racine County, Wisconsin",2013,1,0.153846153846154,4.66821879852226,152.926693770359
"55101","Racine County, Wisconsin",2014,1,0.153846153846154,4.66864488535747,151.310607345431
"55101","Racine County, Wisconsin",2015,1,0.153846153846154,4.65709754891935,153.653616777079
"55101","Racine County, Wisconsin",2016,1,0.153846153846154,4.65000878560343,156.145545750934
"55101","Racine County, Wisconsin",2017,1,0.153846153846154,4.57481436093377,161.909754289673
"55101","Racine County, Wisconsin",2018,1,0.153846153846154,4.56001967903592,166.507135661993
"55101","Racine County, Wisconsin",2019,1,0.153846153846154,4.56522529413552,164.967448582061
"55101","Racine County, Wisconsin",2020,1,0.153846153846154,4.54648295790502,169.803012847033
"55101","Racine County, Wisconsin",2021,1,0.153846153846154,4.52953518942907,171.143063199357
"55101","Racine County, Wisconsin",2022,1,0.153846153846154,4.52891486130681,172.796229569728
"55133","Waukesha County, Wisconsin",2012,1,0.137931034482759,4.6867143458558,145.361073810989
"55133","Waukesha County, Wisconsin",2013,1,0.137931034482759,4.68486130260147,146.556155248304
"55133","Waukesha County, Wisconsin",2014,1,0.137931034482759,4.6860272636811,146.360670113843
"55133","Waukesha County, Wisconsin",2015,1,0.137931034482759,4.68103254156296,146.686427498566
"55133","Waukesha County, Wisconsin",2016,1,0.137931034482759,4.68458473180834,146.569679557299
"55133","Waukesha County, Wisconsin",2017,1,0.137931034482759,4.64651575129241,150.583172999348
"55133","Waukesha County, Wisconsin",2018,1,0.137931034482759,4.63864229554497,151.997254888871
"55133","Waukesha County, Wisconsin",2019,1,0.137931034482759,4.63544996597251,152.460292791954
"55133","Waukesha County, Wisconsin",2020,1,0.137931034482759,4.63242916972994,153.21627296975
"55133","Waukesha County, Wisconsin",2021,1,0.137931034482759,4.61949036173374,156.761179157975
"55133","Waukesha County, Wisconsin",2022,1,0.137931034482759,4.60490808283472,159.771183982632
