"COUNTY","NAME","YEAR","win_rate","shannon_index","hhi","ESTAB","STATE","hhi_lagy1","hhi_lagy2","log_shannon","log_hhi","log_estab","Post","event_time","Post_Placebo"
"01017","Chambers County, Alabama",2012,0.22,4.12208394256352,313.934802571166,528,"AL",NA,NA,1.41635884678385,5.74918532922542,6.26909628370626,0,-5,0
"01073","Jefferson County, Alabama",2012,0.65,4.59942359646466,174.497622373589,16284,"AL",NA,NA,1.52593099052733,5.1619111161834,9.69793830962287,0,-5,0
"01081","Lee County, Alabama",2012,0.209876543209877,4.48173821518385,216.872415219872,2462,"AL",NA,NA,1.50001096563719,5.37930923233556,7.8087293067444,0,-5,0
"01087","Macon County, Alabama",2012,0.242424242424242,3.92383927930273,321.745562130178,208,"AL",NA,NA,1.36707058248069,5.77376105346791,5.33753807970132,0,-5,0
"01089","Madison County, Alabama",2012,0.285714285714286,4.49898687909398,190.730580098747,8163,"AL",NA,NA,1.5038522334498,5.25086185684938,9.00736702745136,0,-5,0
"01101","Montgomery County, Alabama",2012,0.22972972972973,4.616996875083,167.230751642814,5567,"AL",NA,NA,1.52974446669616,5.11937460504785,8.62461158818351,0,-5,0
"01117","Shelby County, Alabama",2012,0.28,4.58597918364514,161.602430555556,4800,"AL",NA,NA,1.5230036453162,5.08513918654044,8.47637119689598,0,-5,0
"04013","Maricopa County, Arizona",2012,1,4.60161658873603,170.576152136592,84611,"AZ",NA,NA,1.52640767409109,5.13918183710688,11.3458195607826,0,-5,0
"04019","Pima County, Arizona",2012,0.475,4.59574617100857,171.247653604626,20036,"AZ",NA,NA,1.52513113022129,5.14311077546964,9.90528593447751,0,-5,0
"04021","Pinal County, Arizona",2012,1,4.57191368800301,182.095509095444,3290,"AZ",NA,NA,1.51993186736482,5.20453132468011,8.09864284375942,0,-5,0
"05007","Benton County, Arkansas",2012,0.863636363636364,4.33125034411842,319.0905737956,5449,"AR",NA,NA,1.46585626340621,5.76547499287797,8.6031873845831,0,-5,0
"05119","Pulaski County, Arkansas",2012,0.299539170506912,4.59757895995976,170.262912635936,12009,"AR",NA,NA,1.52552985189149,5.13734378729852,9.39341164766068,0,-5,0
"06001","Alameda County, California",2012,0.200784826684107,4.64081164853805,181.327232406405,36690,"CA",NA,NA,1.53488927519459,5.20030331280422,10.5102595173493,0,-5,0
"06013","Contra Costa County, California",2012,0.151996565049377,4.51806600430517,183.220306957367,22109,"CA",NA,NA,1.50808402712572,5.21068929193424,10.0037400444252,0,-5,0
"06017","El Dorado County, California",2012,0.13,4.48608669933805,192.994317288471,4220,"CA",NA,NA,1.50098076255817,5.26266074437021,8.34759040703006,0,-5,0
"06019","Fresno County, California",2012,0.5,4.58715146130694,183.95460359249,15797,"CA",NA,NA,1.52325923475748,5.21468900756266,9.6675753275691,0,-5,0
"06029","Kern County, California",2012,0.96,4.57950295140863,191.181725613985,12265,"CA",NA,NA,1.52159046634342,5.25322441871678,9.41450495669259,0,-5,0
"06037","Los Angeles County, California",2012,0.287047619047619,4.64498802486132,168.290280397573,249516,"CA",NA,NA,1.53578879419172,5.12569034788066,12.4272783203741,0,-5,0
"06041","Marin County, California",2012,0.31740614334471,4.50009048218904,184.240047979343,9626,"CA",NA,NA,1.50409750372725,5.21623951593002,9.17222304986305,0,-5,0
"06053","Monterey County, California",2012,0.275862068965517,4.54953295247754,192.708956307156,8300,"CA",NA,NA,1.51502457988708,5.26118105232238,9.02401079378469,0,-5,0
"06059","Orange County, California",2012,0.306522473808719,4.59809954758916,175.042303770943,88358,"CA",NA,NA,1.52564307630001,5.16502768054407,11.3891520226016,0,-5,0
"06061","Placer County, California",2012,0.425,4.49569503337691,187.389496662348,9585,"CA",NA,NA,1.50312027963619,5.23318932054068,9.16795465547975,0,-5,0
"06065","Riverside County, California",2012,0.397849462365591,4.59595658877706,186.159597919736,34449,"CA",NA,NA,1.5251769145061,5.2266043591278,10.4472352484443,0,-5,0
"06067","Sacramento County, California",2012,0.153236459709379,4.56003470798517,184.338988615622,27474,"CA",NA,NA,1.51733023489758,5.21677639203437,10.2209953818852,0,-5,0
"06071","San Bernardino County, California",2012,0.307443365695793,4.68901011445351,171.425177002647,32182,"CA",NA,NA,1.54522149716495,5.14414688570684,10.3791625690191,0,-5,0
"06073","San Diego County, California",2012,0.594368340943683,4.60567278032124,174.369007709614,77310,"CA",NA,NA,1.52728875682566,5.16117378759585,11.2555785923145,0,-5,0
"06075","San Francisco County, California",2012,1,4.43483337709834,227.513677862594,31674,"CA",NA,NA,1.48949004506667,5.42721035905666,10.3632514340517,0,-5,0
"06077","San Joaquin County, California",2012,0.322033898305085,4.62830491207702,174.585051103709,10731,"CA",NA,NA,1.53219069136104,5.16241202177736,9.28089202792713,0,-5,0
"06081","San Mateo County, California",2012,0.1923828125,4.56567038838338,180.648768860236,20075,"CA",NA,NA,1.5185653572372,5.19655464251499,9.90723053881496,0,-5,0
"06083","Santa Barbara County, California",2012,0.434343434343434,4.61766944368325,174.876254436601,11227,"CA",NA,NA,1.52989012839702,5.16407860629288,9.32607687045878,0,-5,0
"06085","Santa Clara County, California",2012,0.273358611055677,4.49277415123264,208.58442843804,45621,"CA",NA,NA,1.50247036201682,5.34034389183234,10.7281234158086,0,-5,0
"06087","Santa Cruz County, California",2012,0.444444444444444,4.55120878002867,187.323825900009,6784,"CA",NA,NA,1.51539286362028,5.23283880851424,8.82232217747174,0,-5,0
"06095","Solano County, California",2012,0.196078431372549,4.59012621585903,186.305063804348,6686,"CA",NA,NA,1.52390752170289,5.22738545815252,8.80777106698004,0,-5,0
"06097","Sonoma County, California",2012,0.417582417582418,4.62548106976731,170.979335331073,13244,"CA",NA,NA,1.53158038064002,5.14154270318308,9.49129989866714,0,-5,0
"06111","Ventura County, California",2012,0.185022026431718,4.62330749211751,172.510356063141,19888,"CA",NA,NA,1.53111035633894,5.15045726981802,9.89787181375049,0,-5,0
"08001","Adams County, Colorado",2012,0.461538461538462,4.66027561300043,160.023008122412,8407,"CO",NA,NA,1.53907459080928,5.07531760566056,9.0368199711353,0,-5,0
"08005","Arapahoe County, Colorado",2012,0.266331658291457,4.53866525955488,170.389998261187,17046,"CO",NA,NA,1.51263297313529,5.13808991702225,9.74367085108224,0,-5,0
"08013","Boulder County, Colorado",2012,0.335195530726257,4.47917837986119,203.018120015886,11542,"CO",NA,NA,1.49943963225513,5.31329523622025,9.35374783527091,0,-5,0
"08014","Broomfield County, Colorado",2012,0.366666666666667,4.41550105284999,200.018632016365,1746,"CO",NA,NA,1.48512131637081,5.29841052229073,7.46508273639955,0,-5,0
"08031","Denver County, Colorado",2012,0.386167146974063,4.61136661502599,174.032914893748,22368,"CO",NA,NA,1.52852425885289,5.15924444738091,10.0153866450335,0,-5,0
"08035","Douglas County, Colorado",2012,0.205741626794258,4.38110461002359,212.165479055292,7835,"CO",NA,NA,1.47730088666209,5.35736653177382,8.96635615479012,0,-5,0
"08041","El Paso County, Colorado",2012,0.333333333333333,4.54343114084343,172.902961642557,15821,"CO",NA,NA,1.5136824845071,5.15273052176496,9.66909345044906,0,-5,0
"08059","Jefferson County, Colorado",2012,0.575,4.5093308261021,182.373812430729,16136,"CO",NA,NA,1.50614876691872,5.20605849513281,9.68880807963405,0,-5,0
"08069","Larimer County, Colorado",2012,0.8,4.58465702140066,171.396764794051,9648,"CO",NA,NA,1.52271529841767,5.14398113080497,9.17450591896697,0,-5,0
"08123","Weld County, Colorado",2012,0.375,4.63194404657094,161.358207117528,5258,"CO",NA,NA,1.53297666044189,5.08362678251289,8.56750600528983,0,-5,0
"09001","Fairfield County, Connecticut",2012,0.357766143106457,4.5785867267198,174.741480952205,26811,"CT",NA,NA,1.52139037555504,5.16330763000975,10.1965675300495,0,-5,0
"09003","Hartford County, Connecticut",2012,0.0623548922056385,4.64495957712064,165.894620140237,22492,"CT",NA,NA,1.53578266977813,5.1113527683417,10.0209149694121,0,-5,0
"09007","Middlesex County, Connecticut",2012,0.263157894736842,4.61555518686018,179.510464440724,4161,"CT",NA,NA,1.5294321612307,5.190233503949,8.33351070898294,0,-5,0
"09009","New Haven County, Connecticut",2012,0.320388349514563,4.63645228830586,182.595283510178,19380,"CT",NA,NA,1.5339494807503,5.20727213820065,9.87199688544476,0,-5,0
"09013","Tolland County, Connecticut",2012,0.333333333333333,4.4607800742323,202.443079627155,2417,"CT",NA,NA,1.49532365527435,5.31045875877292,7.79028238070348,0,-5,0
"10003","New Castle County, Delaware",2012,0.286885245901639,4.55923435888495,179.643957044276,15266,"DE",NA,NA,1.51715470567558,5.19097687561151,9.63338341235842,0,-5,0
"11001","District of Columbia, District of Columbia",2012,0.560869565217391,4.20242675724514,268.762793886444,21558,"DC",NA,NA,1.43566215777163,5.59382918346764,9.97850225634157,0,-5,0
"12001","Alachua County, Florida",2012,0.361702127659574,4.55207043371792,181.954999865594,5847,"FL",NA,NA,1.51558216984095,5.20375940301886,8.67368398817567,0,-5,0
"12009","Brevard County, Florida",2012,0.0687830687830688,4.55543248751271,178.546088803522,12906,"FL",NA,NA,1.51632047406694,5.18484676847161,9.46544759849579,0,-5,0
"12011","Broward County, Florida",2012,0.801195814648729,4.59350255397732,167.020731728458,56608,"FL",NA,NA,1.52464281672734,5.11811794679834,10.9439055969595,0,-5,0
"12031","Duval County, Florida",2012,0.18864774624374,4.59065090570425,167.165498434369,23554,"FL",NA,NA,1.52402182354006,5.11898433028096,10.0670509364015,0,-5,0
"12057","Hillsborough County, Florida",2012,0.128071900014043,4.58112552574562,167.132374391368,32822,"FL",NA,NA,1.5219447159144,5.11878615945307,10.3988543012396,0,-5,0
"12065","Jefferson County, Florida",2012,0.0909090909090909,4.1886751266476,211.143280841748,238,"FL",NA,NA,1.43238448504185,5.35253695914381,5.47227067367148,0,-5,0
"12069","Lake County, Florida",2012,0.214285714285714,4.4954664966404,187.629753538414,6408,"FL",NA,NA,1.50306944377125,5.23447062494736,8.7653024887482,0,-5,0
"12071","Lee County, Florida",2012,0.536585365853659,4.49957161030737,185.844216520319,16084,"FL",NA,NA,1.50398219453521,5.22490877718625,9.68558026801716,0,-5,0
"12073","Leon County, Florida",2012,0.180851063829787,4.46420345768045,192.410528658782,7333,"FL",NA,NA,1.49609080147777,5.25963125949311,8.9001399880938,0,-5,0
"12081","Manatee County, Florida",2012,0.4,4.55288221132629,176.647526071383,7868,"FL",NA,NA,1.51576048545492,5.17415636901636,8.97055917950895,0,-5,0
"12086","Miami-Dade County, Florida",2012,0.28694900605013,4.62196531044224,160.773586729644,77130,"FL",NA,NA,1.53082000651079,5.07999708162088,11.253247588928,0,-5,0
"12095","Orange County, Florida",2012,0.225997045790251,4.60258538288392,166.161642629067,32565,"FL",NA,NA,1.52661818536723,5.11296106534631,10.3909933709805,0,-5,0
"12097","Osceola County, Florida",2012,0.28125,4.41158866558414,218.401576001963,5011,"FL",NA,NA,1.48423486621637,5.38633545997092,8.51939077495972,0,-5,0
"12099","Palm Beach County, Florida",2012,0.0907457322551662,4.51310935505486,185.064483560918,43161,"FL",NA,NA,1.50698635167358,5.22070432413422,10.6726925887051,0,-5,0
"12101","Pasco County, Florida",2012,0.463414634146341,4.50519697612414,181.554658899153,8677,"FL",NA,NA,1.50523161399437,5.20155675932758,9.06843112579349,0,-5,0
"12103","Pinellas County, Florida",2012,0.298245614035088,4.57573203371535,173.130659315428,26452,"FL",NA,NA,1.52076669329715,5.15404656559391,10.1830870487946,0,-5,0
"12105","Polk County, Florida",2012,0.774193548387097,4.62650972136048,157.731491268753,10824,"FL",NA,NA,1.53180274393904,5.06089416502105,9.28952116985062,0,-5,0
"12115","Sarasota County, Florida",2012,0.576923076923077,4.47594027696037,188.034386774318,12750,"FL",NA,NA,1.49871644741168,5.23662485447828,9.45328655058657,0,-5,0
"12117","Seminole County, Florida",2012,0.192192192192192,4.55882582923387,168.184138533497,12582,"FL",NA,NA,1.51706509678007,5.12505944186448,9.44002250012998,0,-5,0
"13057","Cherokee County, Georgia",2012,0.166219839142091,4.44923712569707,192.322605036132,4726,"GA",NA,NA,1.49273264905431,5.25917419657609,8.46083445774685,0,-5,0
"13063","Clayton County, Georgia",2012,0.260869565217391,4.4389819444561,202.525731793198,3814,"GA",NA,NA,1.49042505836358,5.3108669490575,8.24643378616036,0,-5,0
"13067","Cobb County, Georgia",2012,0.323619631901841,4.54009944381371,176.082040733574,19173,"GA",NA,NA,1.51294891573709,5.17095002696008,9.86125831831839,0,-5,0
"13089","DeKalb County, Georgia",2012,0.277930654925702,4.556998962609,182.084276906751,15882,"GA",NA,NA,1.51666428463392,5.20446963982484,9.67294167145516,0,-5,0
"13113","Fayette County, Georgia",2012,0.215909090909091,4.48659751471657,179.937185745525,3167,"GA",NA,NA,1.50109462266221,5.19260782190627,8.06054004653864,0,-5,0
"13117","Forsyth County, Georgia",2012,0.159457478005865,4.45067061282308,206.27035124171,5395,"GA",NA,NA,1.49305478433492,5.32918769303404,8.59322787769223,0,-5,0
"13121","Fulton County, Georgia",2012,0.243104021269525,4.49810626119354,199.405851643502,33324,"GA",NA,NA,1.50365647735624,5.29534220335342,10.4140331370948,0,-5,0
"13135","Gwinnett County, Georgia",2012,0.143026004728132,4.56158326647158,171.487034055935,21217,"GA",NA,NA,1.51766977082326,5.14450766057554,9.96255802611312,0,-5,0
"13151","Henry County, Georgia",2012,0.0606060606060606,4.39411110130364,213.690142041804,3269,"GA",NA,NA,1.48026525841828,5.3645270313678,8.09223940672421,0,-5,0
"13217","Newton County, Georgia",2012,0.285714285714286,4.44757291251542,198.807931080861,1302,"GA",NA,NA,1.49235853446853,5.29233918819964,7.17165682276851,0,-5,0
"13247","Rockdale County, Georgia",2012,0.266666666666667,4.49459197381661,192.024739583333,1920,"GA",NA,NA,1.50287489045897,5.2576242157236,7.56008046502183,0,-5,0
"13285","Troup County, Georgia",2012,0.16,4.50746503629462,192.226075254904,1390,"GA",NA,NA,1.50573491928092,5.2586721546334,7.23705902612474,0,-5,0
"15003","Honolulu County, Hawaii",2012,0.413333333333333,4.5022323475655,210.195985623881,21198,"HI",NA,NA,1.50457335100742,5.34804036037219,9.9616621165872,0,-5,0
"16001","Ada County, Idaho",2012,0.686390532544379,4.60484838585972,161.402507891016,12096,"ID",NA,NA,1.52710974535631,5.08390129407335,9.40063009841931,0,-5,0
"16015","Boise County, Idaho",2012,0.789855072463768,3.77512025057611,329.029571012078,147,"ID",NA,NA,1.32843223665089,5.79614762822195,4.99043258677874,0,-5,0
"16039","Elmore County, Idaho",2012,0.789855072463768,4.30950023859566,207.441697964888,428,"ID",NA,NA,1.46082194347036,5.33485032652707,6.0591231955818,0,-5,0
"17031","Cook County, Illinois",2012,0.375,4.61933767213575,166.915941813481,128782,"IL",NA,NA,1.5302513338069,5.11749034326318,11.7658763313334,0,-5,0
"17043","DuPage County, Illinois",2012,0.189097103918228,4.62508884189413,155.49038648783,33108,"IL",NA,NA,1.53149557983809,5.04658390647876,10.4075302240053,0,-5,0
"17089","Kane County, Illinois",2012,0.218954248366013,4.65545518287561,154.623758255671,12345,"IL",NA,NA,1.53803968959527,5.0409947999976,9.42100640177928,0,-5,0
"17093","Kendall County, Illinois",2012,0.150684931506849,4.43987280480155,198.075472072373,1983,"IL",NA,NA,1.49062572846657,5.2886481301496,7.5923661285198,0,-5,0
"17097","Lake County, Illinois",2012,0.449678800856531,4.57835162568923,170.975714918007,19651,"IL",NA,NA,1.52133902628925,5.14152152839379,9.88588350658777,0,-5,0
"17111","McHenry County, Illinois",2012,0.470588235294118,4.59217347554624,169.128720650564,7713,"IL",NA,NA,1.52435343607945,5.13066008566103,8.950662495934,0,-5,0
"17113","McLean County, Illinois",2012,0.106854838709677,4.55548354856997,172.596542952943,3720,"IL",NA,NA,1.51633168283169,5.15095674920739,8.22147894726719,0,-5,0
"17143","Peoria County, Illinois",2012,0.4625,4.62483824103267,166.137580565384,4596,"IL",NA,NA,1.5314413954409,5.11281624367929,8.43294163896865,0,-5,0
"17161","Rock Island County, Illinois",2012,0.260869565217391,4.60721941632335,174.486997573185,3294,"IL",NA,NA,1.52762451154494,5.16185022639171,8.09985791073758,0,-5,0
"17163","St. Clair County, Illinois",2012,0.521739130434783,4.57134325474799,175.579944320254,5377,"IL",NA,NA,1.51980709054638,5.16809446237906,8.58988587680968,0,-5,0
"17167","Sangamon County, Illinois",2012,0.170634920634921,4.56456418405841,174.876970426034,5060,"IL",NA,NA,1.51832304049899,5.16408270054781,8.52912176228151,0,-5,0
"17197","Will County, Illinois",2012,0.248618784530387,4.59207879587719,170.296852739139,14159,"IL",NA,NA,1.52433281825097,5.13754310681167,9.55810574328497,0,-5,0
"18003","Allen County, Indiana",2012,0.346153846153846,4.68333694874155,149.839611766482,9061,"IN",NA,NA,1.54401087908463,5.0095654671453,9.11173476822206,0,-5,0
"18005","Bartholomew County, Indiana",2012,0.583333333333333,4.57444386649302,185.72956393192,1882,"IN",NA,NA,1.52048513210206,5.22429165833626,7.54009032014532,0,-5,0
"18011","Boone County, Indiana",2012,0.464285714285714,4.56323619165046,173.38732851126,1396,"IN",NA,NA,1.51803206296603,5.15552798503988,7.24136628332232,0,-5,0
"18057","Hamilton County, Indiana",2012,0.326666666666667,4.5057516711813,178.042901703423,7994,"IN",NA,NA,1.5053547297904,5.18202454205698,8.98644653927127,0,-5,0
"18063","Hendricks County, Indiana",2012,0.27027027027027,4.50143989840486,192.153694244118,2939,"IN",NA,NA,1.50439732301772,5.25829554266064,7.98582466641892,0,-5,0
"18085","Kosciusko County, Indiana",2012,0.465116279069767,4.66691519473188,162.159487909395,1918,"IN",NA,NA,1.54049829554307,5.08858034420459,7.55903825544338,0,-5,0
"18097","Marion County, Indiana",2012,0.187604690117253,4.69365644794382,152.222758840917,22731,"IN",NA,NA,1.54621190513462,5.02534496671204,10.0314849105995,0,-5,0
"18157","Tippecanoe County, Indiana",2012,0.380952380952381,4.55500032763342,192.481407999897,3337,"IN",NA,NA,1.51622560264022,5.2599995672448,8.11282747875137,0,-5,0
"19049","Dallas County, Iowa",2012,0.163461538461538,4.42233892299506,186.258574082716,1685,"IA",NA,NA,1.48666872422797,5.22713589154352,7.42952084278646,0,-5,0
"19113","Linn County, Iowa",2012,0.5,4.65323610419345,156.15581044301,5396,"IA",NA,NA,1.53756291393352,5.05085429368687,8.59341321732765,0,-5,0
"19153","Polk County, Iowa",2012,0.251633986928105,4.62941807060247,157.500804247904,11784,"IA",NA,NA,1.53243117350398,5.05943056458855,9.37449795814247,0,-5,0
"19169","Story County, Iowa",2012,0.043956043956044,4.55775436583749,174.650698602794,2004,"IA",NA,NA,1.51683003859413,5.16278797126084,7.60290046220476,0,-5,0
"20091","Johnson County, Kansas",2012,0.239700374531835,4.56383234421209,163.600653559633,17159,"KS",NA,NA,1.5181626969281,5.09742841902395,9.75027809628562,0,-5,0
"20173","Sedgwick County, Kansas",2012,0.441176470588235,4.65457550899041,161.920238091529,11843,"KS",NA,NA,1.5378507162359,5.08710385652495,9.37949225472149,0,-5,0
"20177","Shawnee County, Kansas",2012,0.4,4.5773434275931,164.069234173055,4332,"KS",NA,NA,1.52111879219575,5.10028849833171,8.37378460812088,0,-5,0
"21015","Boone County, Kentucky",2012,0.153846153846154,4.65127377890292,165.176086949292,2953,"KY",NA,NA,1.5371411130339,5.10701209848635,7.99057688174392,0,-5,0
"21029","Bullitt County, Kentucky",2012,0.25974025974026,4.35732951817354,204.842324775659,1047,"KY",NA,NA,1.47185937387699,5.32224053575695,6.95368421087054,0,-5,0
"21067","Fayette County, Kentucky",2012,0.40625,4.61574717301759,169.195908922603,8197,"KY",NA,NA,1.52947375582916,5.13105726793538,9.01152351265303,0,-5,0
"21111","Jefferson County, Kentucky",2012,0.229166666666667,4.66170934734091,159.76710961904,19235,"KY",NA,NA,1.53938219361231,5.07371718998919,9.8644868151864,0,-5,0
"21117","Kenton County, Kentucky",2012,0.27027027027027,4.55738068298365,173.401137046794,2999,"KY",NA,NA,1.51674804686234,5.15560762168823,8.00603417874901,0,-5,0
"22033","East Baton Rouge Parish, Louisiana",2012,0.269230769230769,4.61679433307242,160.888639752642,12080,"LA",NA,NA,1.52970059695598,5.08071244710947,9.39930647148881,0,-5,0
"22049","Jackson Parish, Louisiana",2012,0.04,4.01951179906577,284.883336638244,246,"LA",NA,NA,1.39116045223766,5.6520797513351,5.50533153593236,0,-5,0
"22051","Jefferson Parish, Louisiana",2012,0.147058823529412,4.61467210880865,167.044836631523,11624,"LA",NA,NA,1.5292408164185,5.11826225920518,9.36082720525012,0,-5,0
"22061","Lincoln Parish, Louisiana",2012,0.04,4.52967427274119,180.949634755863,1020,"LA",NA,NA,1.51065003243755,5.19821873152671,6.92755790627832,0,-5,0
"22071","Orleans Parish, Louisiana",2012,0.555555555555556,4.45693103204891,242.583259735166,8563,"LA",NA,NA,1.49446041976996,5.49134499056424,9.05520587502619,0,-5,0
"22111","Union Parish, Louisiana",2012,0.04,4.06186722517121,273.371458135087,329,"LA",NA,NA,1.40164277556616,5.61083152284565,5.79605775076537,0,-5,0
"23005","Cumberland County, Maine",2012,0.645161290322581,4.65827990993024,158.900202617832,10871,"ME",NA,NA,1.538646261956,5.06827634866981,9.293853972204,0,-5,0
"24003","Anne Arundel County, Maryland",2012,0.371134020618557,4.53815524260332,179.866778566648,13624,"MD",NA,NA,1.51252059524879,5.1922164577927,9.51958822234252,0,-5,0
"24005","Baltimore County, Maryland",2012,0.223529411764706,4.54764581975436,174.282618906679,19651,"MD",NA,NA,1.51460969681234,5.16067822814276,9.88588350658777,0,-5,0
"24021","Frederick County, Maryland",2012,0.354166666666667,4.48728355767917,186.717366919997,5883,"MD",NA,NA,1.50124752037913,5.22959606668216,8.67982211486446,0,-5,0
"24027","Howard County, Maryland",2012,0.25398773006135,4.45901069033966,208.066351020408,8750,"MD",NA,NA,1.49492692311716,5.33785702412356,9.07680897935166,0,-5,0
"24031","Montgomery County, Maryland",2012,0.303016400963413,4.38357980451011,208.629693615155,26486,"MD",NA,NA,1.47786569754067,5.34056087958467,10.1843715704869,0,-5,0
"24033","Prince George's County, Maryland",2012,0.331775700934579,4.48476360260509,192.643321934645,14136,"MD",NA,NA,1.50068578567236,5.26084040623384,9.55648001399953,0,-5,0
"24510","Baltimore city, Maryland",2012,0.272401433691756,4.56148691823989,206.908143267085,12125,"MD",NA,NA,1.51764864893561,5.33227494244524,9.40302471580568,0,-5,0
"25005","Bristol County, Massachusetts",2012,0.407894736842105,4.62696143798282,177.317036584539,12695,"MA",NA,NA,1.53190037576064,5.1779392974912,9.44896349413878,0,-5,0
"25009","Essex County, Massachusetts",2012,0.516320474777448,4.61868877401547,180.098320783115,18114,"MA",NA,NA,1.53011084966234,5.19350292833564,9.80444039893489,0,-5,0
"25013","Hampden County, Massachusetts",2012,1,4.63636478746214,169.171152380068,9686,"MA",NA,NA,1.53393060820207,5.13091093842869,9.17843682296317,0,-5,0
"25017","Middlesex County, Massachusetts",2012,0.383210509452099,4.59706506537527,170.957398910831,42425,"MA",NA,NA,1.52541807060151,5.1414143962884,10.6554930901024,0,-5,0
"25021","Norfolk County, Massachusetts",2012,0.119428090832632,4.57864888344636,171.305140158789,19367,"MA",NA,NA,1.52140395098964,5.14344641164455,9.87132586572773,0,-5,0
"25023","Plymouth County, Massachusetts",2012,0.445378151260504,4.5983555823917,177.984461844626,11847,"MA",NA,NA,1.52569875749434,5.18169625347411,9.37982994995476,0,-5,0
"25025","Suffolk County, Massachusetts",2012,0.497264021887825,4.48252246408636,213.154496655387,19801,"MA",NA,NA,1.50018593799298,5.36201723919037,9.8934877204578,0,-5,0
"25027","Worcester County, Massachusetts",2012,0.314176245210728,4.64726873645798,171.817942529202,17649,"MA",NA,NA,1.53627967852715,5.14643544256716,9.77843440353257,0,-5,0
"26021","Berrien County, Michigan",2012,1,4.6242139612446,171.034951584766,3641,"MI",NA,NA,1.53130640219502,5.14186793084935,8.20001364817543,0,-5,0
"26045","Eaton County, Michigan",2012,0.333333333333333,4.56317782065424,181.820345032719,2050,"MI",NA,NA,1.51801927130522,5.20301908435289,7.62559507213245,0,-5,0
"26065","Ingham County, Michigan",2012,0.380952380952381,4.55384052080303,191.805241562589,6146,"MI",NA,NA,1.51597094744184,5.25648049034803,8.72355674269043,0,-5,0
"26075","Jackson County, Michigan",2012,0.315789473684211,4.6320651800603,163.166368767361,2966,"MI",NA,NA,1.53300281186001,5.09477034756449,7.99496952269788,0,-5,0
"26077","Kalamazoo County, Michigan",2012,0.615384615384615,4.64254878323133,170.126511215373,5539,"MI",NA,NA,1.53526352215534,5.13654234390278,8.6195692580331,0,-5,0
"26081","Kent County, Michigan",2012,0.34640522875817,4.73184241517203,143.317838863642,15556,"MI",NA,NA,1.5543146436115,4.96506481322484,9.65220169527564,0,-5,0
"26099","Macomb County, Michigan",2012,0.401606425702811,4.58303388906658,172.336701577836,18074,"MI",NA,NA,1.52236120001559,5.14945013058841,9.8022297204619,0,-5,0
"26111","Midland County, Michigan",2012,0.710526315789474,4.55357971042544,163.331929371537,1746,"MI",NA,NA,1.51591367318172,5.09578450671515,7.46508273639955,0,-5,0
"26125","Oakland County, Michigan",2012,0.35038503850385,4.58283905874439,168.289340210784,38257,"MI",NA,NA,1.52231868790064,5.12568476116815,10.552081829047,0,-5,0
"26139","Ottawa County, Michigan",2012,0.521739130434783,4.67975817610718,154.19919093388,5682,"MI",NA,NA,1.54324643682255,5.03824521425347,8.64505856241413,0,-5,0
"26159","Van Buren County, Michigan",2012,1,4.46192691377643,199.11625972232,1287,"MI",NA,NA,1.49558071617571,5.29388887384475,7.16006920759613,0,-5,0
"26161","Washtenaw County, Michigan",2012,0.279228149829739,4.59181711419204,177.236234937627,7959,"MI",NA,NA,1.52427583117538,5.17748350337054,8.98205864280585,0,-5,0
"26163","Wayne County, Michigan",2012,0.28169014084507,4.61262033594074,176.17833998604,32026,"MI",NA,NA,1.52879609811917,5.17149677737617,10.3743033518824,0,-5,0
"27003","Anoka County, Minnesota",2012,0.428571428571429,4.59718423831972,163.879909989656,7326,"MN",NA,NA,1.52544399396742,5.09913390343307,8.89918494333876,0,-5,0
"27037","Dakota County, Minnesota",2012,0.204301075268817,4.63171302415094,157.76347265663,9973,"MN",NA,NA,1.532926783289,5.06109690288786,9.20763672040187,0,-5,0
"27053","Hennepin County, Minnesota",2012,0.49493487698987,4.65528331181325,152.315975775742,38934,"MN",NA,NA,1.53800277070586,5.02595715115454,10.5696231838492,0,-5,0
"27109","Olmsted County, Minnesota",2012,1,4.58877803469738,162.202829547988,3461,"MN",NA,NA,1.52361376525124,5.08884758633796,8.14931284363534,0,-5,0
"27123","Ramsey County, Minnesota",2012,0.410493827160494,4.69789483424419,146.413767682518,13233,"MN",NA,NA,1.54711450076782,4.98643663865284,9.49046898877305,0,-5,0
"27139","Scott County, Minnesota",2012,0.102564102564103,4.54835512989851,178.949017150912,3164,"MN",NA,NA,1.51476565768998,5.18710094488576,8.05959232888755,0,-5,0
"27163","Washington County, Minnesota",2012,0.26530612244898,4.56189609385893,168.893568023184,5448,"MN",NA,NA,1.51773834715803,5.12926874152075,8.60300384782935,0,-5,0
"29051","Cole County, Missouri",2012,0.2,4.5136678761274,172.25523053183,2214,"MO",NA,NA,1.5071100992878,5.14897727536498,7.70255611326858,0,-5,0
"29071","Franklin County, Missouri",2012,0.225806451612903,4.61127852169992,163.124073158675,2618,"MO",NA,NA,1.52850515515222,5.09451109627492,7.87016594646984,0,-5,0
"29095","Jackson County, Missouri",2012,0.330578512396694,4.64149273236137,161.282059795618,16807,"MO",NA,NA,1.53503602406138,5.08315475635166,9.72955074527657,0,-5,0
"29101","Johnson County, Missouri",2012,0.0476190476190476,4.43303041225224,192.308419019979,891,"MO",NA,NA,1.48908341616173,5.25910043229151,6.79234442747081,0,-5,0
"29129","Mercer County, Missouri",2012,NA,3.66228978928619,318.222222222222,75,"MO",NA,NA,1.29808857727926,5.76274995074432,4.31748811353631,0,-5,0
"29183","St. Charles County, Missouri",2012,0.0533333333333333,4.53746851455168,181.368331838277,8043,"MO",NA,NA,1.51236926062512,5.20052994602557,8.99255742690407,0,-5,0
"29189","St. Louis County, Missouri",2012,0.313926940639269,4.61198621600308,158.077121789514,29858,"MO",NA,NA,1.52865861367795,5.06308302653063,10.3042080896135,0,-5,0
"29510","St. Louis city, Missouri",2012,0.477272727272727,4.62300103672196,192.761816304399,8780,"MO",NA,NA,1.53104406925914,5.26145531434861,9.08023168662916,0,-5,0
"31055","Douglas County, Nebraska",2012,0.662962962962963,4.6124091682526,157.814050594362,14885,"NE",NA,NA,1.52875031665298,5.06141744496984,9.60810927344988,0,-5,0
"31109","Lancaster County, Nebraska",2012,0.815789473684211,4.56486671450719,167.923836861264,7941,"NE",NA,NA,1.51838931636048,5.12351052459188,8.97979449089521,0,-5,0
"32003","Clark County, Nevada",2012,0.448087431693989,4.53713448021277,190.4537306456,40196,"NV",NA,NA,1.51229564102121,5.24940928131559,10.6015227671688,0,-5,0
"32031","Washoe County, Nevada",2012,0.317073170731707,4.67426986924368,155.237288252354,11430,"NV",NA,NA,1.54207297284176,5.04495483824941,9.34399675678886,0,-5,0
"33011","Hillsborough County, New Hampshire",2012,0.379661016949153,4.63255214993566,165.468459011858,10712,"NH",NA,NA,1.53310793652052,5.10878059666567,9.27911988737101,0,-5,0
"33015","Rockingham County, New Hampshire",2012,0.316666666666667,4.64662487374342,165.349396725079,9440,"NH",NA,NA,1.53614112245096,5.10806079094869,9.15271125913955,0,-5,0
"34003","Bergen County, New Jersey",2012,0.206652512384996,4.58126345297426,168.775441673463,31303,"NJ",NA,NA,1.52197482317768,5.12856908386104,10.3514692185806,0,-5,0
"34005","Burlington County, New Jersey",2012,0.252396166134185,4.6040024914238,167.084063225942,10457,"NJ",NA,NA,1.5269260320028,5.11849705837769,9.25502688959859,0,-5,0
"34007","Camden County, New Jersey",2012,0.328358208955224,4.55667958726913,180.89547959973,11487,"NJ",NA,NA,1.51659419760194,5.19791940369616,9.3489712401454,0,-5,0
"34013","Essex County, New Jersey",2012,0.663594470046083,4.58376926067768,176.087298269939,18609,"NJ",NA,NA,1.52252164234225,5.1709798849618,9.83140061364123,0,-5,0
"34017","Hudson County, New Jersey",2012,0.414224446032881,4.5270077773199,193.345459492968,12776,"NJ",NA,NA,1.51006118643774,5.26447853442079,9.45532368989485,0,-5,0
"34019","Hunterdon County, New Jersey",2012,0.168539325842697,4.51904828520256,189.676368783228,3873,"NJ",NA,NA,1.50830141530292,5.24531929766431,8.26178467951475,0,-5,0
"34021","Mercer County, New Jersey",2012,0.153862989713285,4.5231418295856,184.094849640932,9581,"NJ",NA,NA,1.50920684741853,5.21545111197009,9.16753724965087,0,-5,0
"34023","Middlesex County, New Jersey",2012,0.253932265835341,4.50215873740014,225.622356229065,21305,"NJ",NA,NA,1.50455700116995,5.41886261147418,9.96669706593401,0,-5,0
"34025","Monmouth County, New Jersey",2012,0.223372781065089,4.49679121591261,194.41767084287,18731,"NJ",NA,NA,1.50336407929531,5.27000878729272,9.83793518429589,0,-5,0
"34027","Morris County, New Jersey",2012,0.286318758815233,4.56106553361618,173.736541089666,16734,"NJ",NA,NA,1.51755626588246,5.15754002009018,9.72519785685554,0,-5,0
"34029","Ocean County, New Jersey",2012,0.488372093023256,4.46261153282282,207.696342850139,11933,"NJ",NA,NA,1.49573414014308,5.33607712287986,9.38706295036966,0,-5,0
"34031","Passaic County, New Jersey",2012,0.242718446601942,4.58402328088669,179.014565081793,11693,"NJ",NA,NA,1.522577058127,5.18746717170249,9.36674565114032,0,-5,0
"34035","Somerset County, New Jersey",2012,0.156206415620642,4.46144086504116,205.511364044637,9870,"NJ",NA,NA,1.49547177776864,5.32550133189461,9.19725513242753,0,-5,0
"34039","Union County, New Jersey",2012,0.512097420285211,4.60411095700506,168.053018114216,13546,"NJ",NA,NA,1.52694959070065,5.12427951363029,9.51384657977485,0,-5,0
"35001","Bernalillo County, New Mexico",2012,0.346491228070175,4.64104067810777,165.005571789284,15816,"NM",NA,NA,1.5349386251652,5.10597924175035,9.66877736485045,0,-5,0
"36001","Albany County, New York",2012,0.267489711934156,4.58636247541608,179.215390016222,9341,"NY",NA,NA,1.52308722087093,5.18858837864015,9.14216859187285,0,-5,0
"36005","Bronx County, New York",2012,0.444444444444444,4.15184995215775,328.887450412883,16808,"NY",NA,NA,1.42355400652024,5.79571559622771,9.72961024252484,0,-5,0
"36011","Cayuga County, New York",2012,0.384615384615385,4.53804541125289,188.597445113436,1672,"NY",NA,NA,1.51249639319451,5.23961482351925,7.42177579364465,0,-5,0
"36023","Cortland County, New York",2012,0.333333333333333,4.51018319090889,196.28556233346,1047,"NY",NA,NA,1.50633777151647,5.27957054958856,6.95368421087054,0,-5,0
"36027","Dutchess County, New York",2012,0.284090909090909,4.49359166742657,204.372184719813,7490,"NY",NA,NA,1.50265230791413,5.31994276648539,8.92132407651127,0,-5,0
"36029","Erie County, New York",2012,0.655737704918033,4.63619973280443,168.737297277068,22546,"NY",NA,NA,1.533895007553,5.12834305152415,10.0233129456045,0,-5,0
"36047","Kings County, New York",2012,0.363013698630137,4.43674229135847,215.541937192765,51513,"NY",NA,NA,1.48992038897872,5.37315549475363,10.8495894819819,0,-5,0
"36055","Monroe County, New York",2012,0.164179104477612,4.63232058106274,168.598485473052,17316,"NY",NA,NA,1.53305794794978,5.12752006256805,9.75938620856187,0,-5,0
"36059","Nassau County, New York",2012,0.320652173913043,4.46656469497314,191.363801274613,47181,"NY",NA,NA,1.49661958854453,5.25417633508531,10.7617465481588,0,-5,0
"36061","New York County, New York",2012,0.176696490582996,4.35102370977152,212.689101342725,104441,"NY",NA,NA,1.47041115299318,5.35983148131994,11.5563775976428,0,-5,0
"36067","Onondaga County, New York",2012,0.755555555555556,4.63657862685327,162.995659053106,11775,"NY",NA,NA,1.53397672934864,5.0937235688761,9.37373391888462,0,-5,0
"36069","Ontario County, New York",2012,0.0486111111111111,4.59546335123922,180.569342143473,2858,"NY",NA,NA,1.52506958886076,5.19611487099954,7.95787735848981,0,-5,0
"36071","Orange County, New York",2012,0.5,4.59160598028064,177.259931345843,9105,"NY",NA,NA,1.52422984964773,5.17761719400251,9.11657899216171,0,-5,0
"36079","Putnam County, New York",2012,0.189655172413793,4.36973910813683,225.507391318092,2829,"NY",NA,NA,1.47470330667016,5.41835293586939,7.94767857130157,0,-5,0
"36081","Queens County, New York",2012,0.248520710059172,4.41825686788859,219.43218874629,45132,"NY",NA,NA,1.48574524452295,5.39104324968832,10.7173468082583,0,-5,0
"36087","Rockland County, New York",2012,0.172413793103448,4.51965323864373,181.040396980108,9244,"NY",NA,NA,1.50843527378701,5.19872019409855,9.13172997139427,0,-5,0
"36091","Saratoga County, New York",2012,0.295454545454545,4.53861457278143,188.505801202272,5084,"NY",NA,NA,1.51262180530211,5.23912878202338,8.53385363230935,0,-5,0
"36099","Seneca County, New York",2012,0.130434782608696,4.41705915323568,209.319007356308,724,"NY",NA,NA,1.48547412469942,5.34385943926224,6.58479139238572,0,-5,0
"36101","Steuben County, New York",2012,0.533333333333333,4.49631894822714,197.780456030597,1817,"NY",NA,NA,1.50325905051721,5.28715760758596,7.50494206839617,0,-5,0
"36103","Suffolk County, New York",2012,0.348101265822785,4.5743129241375,178.684149295147,48221,"NY",NA,NA,1.52045650693287,5.18561971814818,10.783549889803,0,-5,0
"36109","Tompkins County, New York",2012,0.358974358974359,4.54485124233922,195.46260492847,2341,"NY",NA,NA,1.51399499713544,5.27536908199097,7.75833346749091,0,-5,0
"36119","Westchester County, New York",2012,0.416666666666667,4.49220112173705,183.649375240683,31452,"NY",NA,NA,1.50234280919025,5.21302837035781,10.3562178531114,0,-5,0
"36123","Yates County, New York",2012,0.15,4.31988118924612,213.205597820982,546,"NY",NA,NA,1.46322789938849,5.36225694814298,6.30261897574491,0,-5,0
"37019","Brunswick County, North Carolina",2012,0.513513513513513,4.37719219079259,248.326962195733,2233,"NC",NA,NA,1.47640746649599,5.51474627379469,7.71110125184016,0,-5,0
"37025","Cabarrus County, North Carolina",2012,0.401129943502825,4.5602552002034,182.015916298423,3917,"NC",NA,NA,1.5173785869172,5.20409413544222,8.27308133366583,0,-5,0
"37037","Chatham County, North Carolina",2012,0.237762237762238,4.51427148683296,175.921002376441,1271,"NC",NA,NA,1.50724381988166,5.17003504414092,7.14755927118945,0,-5,0
"37063","Durham County, North Carolina",2012,0.94347522679693,4.5598104298252,181.636892765721,6715,"NC",NA,NA,1.51728105025538,5.20200959953048,8.81209910895734,0,-5,0
"37067","Forsyth County, North Carolina",2012,0.575,4.6138288946355,169.903414916146,8169,"NC",NA,NA,1.52905807510977,5.1352301280412,9.00810178134187,0,-5,0
"37071","Gaston County, North Carolina",2012,0.0833333333333333,4.5380987935815,196.629148745451,3897,"NC",NA,NA,1.51250815641189,5.28131946094199,8.26796230533871,0,-5,0
"37081","Guilford County, North Carolina",2012,0.983606557377049,4.70105347128699,152.158134863819,13144,"NC",NA,NA,1.54778662642678,5.02492034099205,9.4837206597171,0,-5,0
"37097","Iredell County, North Carolina",2012,0.65,4.64522496914436,163.594318502558,4291,"NC",NA,NA,1.53583980363214,5.09738969558614,8.36427508499152,0,-5,0
"37101","Johnston County, North Carolina",2012,0.347826086956522,4.45752660909286,197.069781999774,3008,"NC",NA,NA,1.4945940402478,5.28355788936481,8.00903068506973,0,-5,0
"37119","Mecklenburg County, North Carolina",2012,0.408014571948998,4.63370571700394,156.501917475064,28189,"NC",NA,NA,1.53335691881538,5.05306826214198,10.2466871099068,0,-5,0
"37129","New Hanover County, North Carolina",2012,0.534883720930233,4.56082438998468,175.93685116771,6756,"NC",NA,NA,1.51750339446359,5.1701251304705,8.81818627792769,0,-5,0
"37141","Pender County, North Carolina",2012,0.620689655172414,4.32856063955407,226.685165915135,930,"NC",NA,NA,1.46523507094464,5.42356212050325,6.8351845861473,0,-5,0
"37179","Union County, North Carolina",2012,0.181818181818182,4.55097582110617,182.542970767067,4067,"NC",NA,NA,1.51534167614546,5.20698560156498,8.31066090590723,0,-5,0
"37183","Wake County, North Carolina",2012,0.69690063810392,4.54127426816673,179.98555695588,25590,"NC",NA,NA,1.51320764847882,5.19287660853688,10.1499569291538,0,-5,0
"38017","Cass County, North Dakota",2012,0.407407407407407,4.65088946451469,146.096870050329,5116,"ND",NA,NA,1.53705848399839,4.98426989518924,8.54012816269873,0,-5,0
"39017","Butler County, Ohio",2012,0.271428571428571,4.6679420158749,162.781362284668,6954,"OH",NA,NA,1.54071829272653,5.09240796473393,8.84707231256781,0,-5,0
"39025","Clermont County, Ohio",2012,1,4.54666544523054,176.861266268457,3551,"OH",NA,NA,1.51439409510286,5.17536561884409,8.17498453294309,0,-5,0
"39027","Clinton County, Ohio",2012,0.391304347826087,4.47574130334533,186.173989328696,717,"OH",NA,NA,1.49867199238649,5.22668166297285,6.57507584059962,0,-5,0
"39035","Cuyahoga County, Ohio",2012,0.339233038348083,4.69128588681805,153.652958594611,33215,"OH",NA,NA,1.54570672117256,5.03469654380674,10.4107568600993,0,-5,0
"39041","Delaware County, Ohio",2012,0.128270580727505,4.53789184683089,187.902489543043,4098,"OH",NA,NA,1.51246255329068,5.23592315562937,8.31825432879885,0,-5,0
"39049","Franklin County, Ohio",2012,0.128965801400906,4.62292489275327,170.515965723814,26893,"OH",NA,NA,1.53102759844393,5.13882893294844,10.1996213086777,0,-5,0
"39055","Geauga County, Ohio",2012,0.254545454545455,4.5292951378006,179.323134918274,2744,"OH",NA,NA,1.51056632866869,5.18918940139114,7.91717198884578,0,-5,0
"39057","Greene County, Ohio",2012,0.115789473684211,4.4650435212835,209.033291290658,3021,"OH",NA,NA,1.49627896148891,5.3424935277518,8.01334318138667,0,-5,0
"39061","Hamilton County, Ohio",2012,0.193962748876044,4.69534149436133,151.307860070469,20934,"OH",NA,NA,1.54657084576832,5.01931656967937,9.94912991041483,0,-5,0
"39085","Lake County, Ohio",2012,0.252427184466019,4.60549381920249,170.51622001556,6121,"OH",NA,NA,1.52724989939824,5.13883042425487,8.71948076085107,0,-5,0
"39089","Licking County, Ohio",2012,0.479166666666667,4.59917019883987,182.477680236009,2895,"OH",NA,NA,1.52587589566599,5.20662786546662,7.9707403900071,0,-5,0
"39095","Lucas County, Ohio",2012,0.380952380952381,4.61608310256437,181.761674003772,9677,"OH",NA,NA,1.52954653219894,5.20269634545831,9.17750721488094,0,-5,0
"39097","Madison County, Ohio",2012,0.153846153846154,4.33933264666548,196.509526075775,669,"OH",NA,NA,1.46772056823937,5.28071090889138,6.50578406012823,0,-5,0
"39103","Medina County, Ohio",2012,0.347826086956522,4.64257905816357,154.778446314007,3938,"OH",NA,NA,1.53527004332182,5.04199471576381,8.27842825919907,0,-5,0
"39109","Miami County, Ohio",2012,0.0909090909090909,4.62353780559571,168.980196893357,2111,"OH",NA,NA,1.53116017083693,5.12978152991136,7.65491704784832,0,-5,0
"39113","Montgomery County, Ohio",2012,0.233830845771144,4.65314405665434,169.535027149771,11474,"OH",NA,NA,1.53754313233476,5.13305955532252,9.34783888516182,0,-5,0
"39133","Portage County, Ohio",2012,0.347826086956522,4.64825579279533,166.98007064917,2985,"OH",NA,NA,1.53649205090871,5.11787446786536,8.0013550258267,0,-5,0
"39153","Summit County, Ohio",2012,0.209944751381215,4.68819611182069,153.282969432555,13619,"OH",NA,NA,1.545047884126,5.03228568663769,9.51922115556896,0,-5,0
"39159","Union County, Ohio",2012,0.197633136094675,4.49417759499303,189.363199165853,991,"OH",NA,NA,1.50278269122731,5.24366685968624,6.89871453432999,0,-5,0
"39165","Warren County, Ohio",2012,0.242647058823529,4.56796312498322,176.363786507222,3917,"OH",NA,NA,1.51906739985686,5.17254883058825,8.27308133366583,0,-5,0
"40109","Oklahoma County, Oklahoma",2012,0.701754385964912,4.62495365636034,164.588639950667,22686,"OK",NA,NA,1.53146635066777,5.10344926976567,10.029503273119,0,-5,0
"40139","Texas County, Oklahoma",2012,0.285714285714286,4.16976043130715,222.933128778204,479,"OK",NA,NA,1.4278585836345,5.40687185554008,6.17170059741091,0,-5,0
"40143","Tulsa County, Oklahoma",2012,0.449275362318841,4.68244404437797,154.952809882626,18527,"OK",NA,NA,1.54382020531873,5.04312061819406,9.82698440655001,0,-5,0
"41005","Clackamas County, Oregon",2012,0.368932038834951,4.63406090057705,162.483054347919,10944,"OR",NA,NA,1.53343356804231,5.09057371539627,9.30054663986233,0,-5,0
"41051","Multnomah County, Oregon",2012,0.404145077720207,4.65217704108384,178.723812030923,25085,"OR",NA,NA,1.53733529091504,5.18584166472033,10.1300253369184,0,-5,0
"41067","Washington County, Oregon",2012,0.457142857142857,4.62291536569258,163.835016230513,14238,"OR",NA,NA,1.53102553761216,5.09885992287355,9.56366972566382,0,-5,0
"42003","Allegheny County, Pennsylvania",2012,0.171612903225806,4.63347701035189,163.512570551306,33350,"PA",NA,NA,1.53330756041622,5.09688987148772,10.4148130513438,0,-5,0
"42007","Beaver County, Pennsylvania",2012,0.0314245810055866,4.56630873546123,174.829721662915,3411,"PA",NA,NA,1.51870516199809,5.1638124811641,8.13476078241865,0,-5,0
"42011","Berks County, Pennsylvania",2012,0.531914893617021,4.65058372562564,171.897730223627,8259,"PA",NA,NA,1.53699274411334,5.1468997082506,9.01905879381072,0,-5,0
"42017","Bucks County, Pennsylvania",2012,0.217391304347826,4.64049850119361,161.322971191524,18932,"PA",NA,NA,1.53482179606944,5.08340838783409,9.84860889102614,0,-5,0
"42019","Butler County, Pennsylvania",2012,0.352941176470588,4.64047485293091,156.829331558745,4766,"PA",NA,NA,1.53481669999562,5.05515815393452,8.46926265765869,0,-5,0
"42029","Chester County, Pennsylvania",2012,0.224426534407936,4.5985465684714,165.660407619647,13874,"PA",NA,NA,1.52574029019232,5.10993995574687,9.53777186394525,0,-5,0
"42041","Cumberland County, Pennsylvania",2012,0.503030303030303,4.58222948174034,167.681436387338,5745,"PA",NA,NA,1.52218566609021,5.12206596733727,8.65608519028286,0,-5,0
"42043","Dauphin County, Pennsylvania",2012,0.9,4.61116528461057,167.732351397156,6835,"PA",NA,NA,1.52848059830118,5.12236956255048,8.82981174915805,0,-5,0
"42045","Delaware County, Pennsylvania",2012,0.697368421052632,4.56121595396197,172.903111454203,12692,"PA",NA,NA,1.51758924455036,5.15273138821386,9.44872715270309,0,-5,0
"42069","Lackawanna County, Pennsylvania",2012,0.375,4.59376937207872,179.545203847032,5365,"PA",NA,NA,1.52470090102127,5.19042700824087,8.5876516550648,0,-5,0
"42071","Lancaster County, Pennsylvania",2012,1,4.65706034705713,161.141578876328,12173,"PA",NA,NA,1.53838442227083,5.08228335046617,9.4069756634096,0,-5,0
"42077","Lehigh County, Pennsylvania",2012,0.333333333333333,4.6391412843089,163.653454260155,8423,"PA",NA,NA,1.53452928107409,5.09775110833308,9.03872133831536,0,-5,0
"42091","Montgomery County, Pennsylvania",2012,0.191616766467066,4.62187895837612,158.890037841516,25811,"PA",NA,NA,1.53080132336045,5.06821237706197,10.1585560366347,0,-5,0
"42095","Northampton County, Pennsylvania",2012,0.270833333333333,4.58815436266306,184.615624380647,6246,"PA",NA,NA,1.52347784357104,5.21827595760216,8.73969653784302,0,-5,0
"42101","Philadelphia County, Pennsylvania",2012,0.0301925696822416,4.48767621087829,225.774364403655,26677,"PA",NA,NA,1.50133502009155,5.41953611295697,10.1915570499292,0,-5,0
"42125","Washington County, Pennsylvania",2012,0.2109375,4.64122146049855,156.941672992181,5044,"PA",NA,NA,1.53497757739217,5.05587422671758,8.52595469708481,0,-5,0
"42129","Westmoreland County, Pennsylvania",2012,0.127572016460905,4.64201151458468,162.43203306966,8710,"PA",NA,NA,1.5351477883715,5.09025965624264,9.07222706984655,0,-5,0
"42133","York County, Pennsylvania",2012,0.0878378378378378,4.63098080794336,175.317842730029,8616,"PA",NA,NA,1.53276868323249,5.16660057071805,9.06137621883622,0,-5,0
"44003","Kent County, Rhode Island",2012,1,4.56429959188462,185.416962799591,4670,"RI",NA,NA,1.51826507223911,5.22260714193245,8.44891435066294,0,-5,0
"44007","Providence County, Rhode Island",2012,0.53475935828877,4.62492454112838,176.818444099682,15499,"RI",NA,NA,1.53146005539959,5.17512346659318,9.64853078469705,0,-5,0
"45019","Charleston County, South Carolina",2012,0.317073170731707,4.58176135006961,180.299053009857,11917,"SC",NA,NA,1.52208349844738,5.19461687789297,9.38572123109081,0,-5,0
"45045","Greenville County, South Carolina",2012,0.482758620689655,4.61940416780168,173.528862755063,12128,"SC",NA,NA,1.53026572876827,5.15634394148826,9.40327210788215,0,-5,0
"45057","Lancaster County, South Carolina",2012,0.380952380952381,4.35838414708544,224.366565629416,1226,"SC",NA,NA,1.47210138020201,5.41328116802644,7.11151211649616,0,-5,0
"45079","Richland County, South Carolina",2012,0.229050279329609,4.57327761840004,178.610576413547,8686,"SC",NA,NA,1.52023015098983,5.18520788512997,9.06946781309477,0,-5,0
"45083","Spartanburg County, South Carolina",2012,0.425,4.65074739702977,172.743107719221,6192,"SC",NA,NA,1.53702793722753,5.15180556442332,8.73101341526956,0,-5,0
"45091","York County, South Carolina",2012,0.538461538461538,4.5851914427685,177.540794480304,4472,"SC",NA,NA,1.52283185898473,5.1792004105671,8.40559101483493,0,-5,0
"46065","Hughes County, South Dakota",2012,0.242424242424242,4.49166949694559,164.127598686979,654,"SD",NA,NA,1.50222445824451,5.10064416608164,6.4831073514572,0,-5,0
"46119","Sully County, South Dakota",2012,0.242424242424242,3.60270640337792,319.979843789368,63,"SD",NA,NA,1.28168534173408,5.76825800565171,4.14313472639153,0,-5,0
"47001","Anderson County, Tennessee",2012,1,4.48439440403519,188.823547735019,1562,"TN",NA,NA,1.50060345942282,5.24081296910688,7.35372233039963,0,-5,0
"47037","Davidson County, Tennessee",2012,0.601279317697228,4.6914107443287,155.58344448892,18066,"TN",NA,NA,1.54573333559176,5.04718220819752,9.80178699770979,0,-5,0
"47047","Fayette County, Tennessee",2012,0.333333333333333,4.34322137908184,217.717003567182,580,"TN",NA,NA,1.46861632602327,5.38319607068965,6.36302810354046,0,-5,0
"47065","Hamilton County, Tennessee",2012,0.285714285714286,4.64456549838838,173.13373779793,8634,"TN",NA,NA,1.53569782610113,5.15406434670296,9.06346317611542,0,-5,0
"47093","Knox County, Tennessee",2012,1,4.614408251083,169.72212698212,11042,"TN",NA,NA,1.52918363678295,5.13416255255656,9.30946146284399,0,-5,0
"47157","Shelby County, Tennessee",2012,0.401709401709402,4.63458648851091,160.869554001432,19461,"TN",NA,NA,1.53354698004567,5.08059381298234,9.87616774188117,0,-5,0
"47187","Williamson County, Tennessee",2012,0.478632478632479,4.53800426719316,173.290806106348,6163,"TN",NA,NA,1.51248732668183,5.15497114341783,8.72631895096224,0,-5,0
"48029","Bexar County, Texas",2012,0.284552845528455,4.57934244411589,185.788948769363,33437,"TX",NA,NA,1.52155541666503,5.2246113454362,10.4174183502555,0,-5,0
"48039","Brazoria County, Texas",2012,0.541666666666667,4.60099568817317,178.72659013164,5002,"TX",NA,NA,1.52627273402296,5.18585720869903,8.51759311143756,0,-5,0
"48041","Brazos County, Texas",2012,0.805342567400445,4.55186872235235,183.072268370337,3888,"TX",NA,NA,1.51553785685464,5.20988098401286,8.26565016558033,0,-5,0
"48057","Calhoun County, Texas",2012,0.636363636363636,4.33404434298422,211.871748011781,423,"TX",NA,NA,1.46650113448412,5.35598112939996,6.04737217904628,0,-5,0
"48085","Collin County, Texas",2012,0.178919631093544,4.4252290599782,216.149056826847,19009,"TX",NA,NA,1.48732204208696,5.37596824759196,9.85266783020615,0,-5,0
"48113","Dallas County, Texas",2012,0.308264862252296,4.65158900896018,160.459139789564,61655,"TX",NA,NA,1.53720888358251,5.07803932940851,11.0293096083046,0,-5,0
"48121","Denton County, Texas",2012,0.181223134036733,4.55790033203471,187.272326963806,12046,"TX",NA,NA,1.51686206398387,5.23256385141106,9.39648793360367,0,-5,0
"48141","El Paso County, Texas",2012,0.25,4.60326868610934,184.471977802753,13752,"TX",NA,NA,1.52676663508663,5.21749757011747,9.52893954706268,0,-5,0
"48157","Fort Bend County, Texas",2012,0.147079037800687,4.51802199932478,192.192537101586,10253,"TX",NA,NA,1.50807428729575,5.25849766696645,9.23532562467009,0,-5,0
"48167","Galveston County, Texas",2012,0.25,4.57404803674583,194.031642087561,5295,"TX",NA,NA,1.52039859767614,5.26802124930752,8.57451825803551,0,-5,0
"48185","Grimes County, Texas",2012,0.318181818181818,4.35596603560694,190.548584091319,394,"TX",NA,NA,1.47154640788856,5.24990719665106,5.97635090929793,0,-5,0
"48201","Harris County, Texas",2012,0.31276031806134,4.66484563629149,161.254852147413,93726,"TX",NA,NA,1.54005474399652,5.08298604605983,11.4481309110591,0,-5,0
"48215","Hidalgo County, Texas",2012,0.636363636363636,4.5014933879737,193.421615788966,11520,"TX",NA,NA,1.50440920571575,5.26487234403826,9.35183993424988,0,-5,0
"48245","Jefferson County, Texas",2012,0.150793650793651,4.58973368468482,184.259054663374,5694,"TX",NA,NA,1.52382200162335,5.21634267321812,8.64716826783798,0,-5,0
"48339","Montgomery County, Texas",2012,0.282828282828283,4.61107769179622,167.053592746981,9672,"TX",NA,NA,1.5284616023119,5.11831467558724,9.17699039229463,0,-5,0
"48375","Potter County, Texas",2012,NA,4.58841012715823,183.102899410131,3580,"TX",NA,NA,1.52353358654446,5.21004828667323,8.18311807939475,0,-5,0
"48381","Randall County, Texas",2012,NA,4.51308694111391,178.554788058102,2344,"TX",NA,NA,1.50698138525357,5.18489549002424,7.7596141506969,0,-5,0
"48439","Tarrant County, Texas",2012,0.338485316846986,4.65444888120098,168.619356780045,38289,"TX",NA,NA,1.53782351085237,5.12764384787478,10.5529179276508,0,-5,0
"48453","Travis County, Texas",2012,0.246202200104767,4.58790295222411,173.753559869897,30072,"TX",NA,NA,1.52342304652033,5.15763797269486,10.311349785244,0,-5,0
"48473","Waller County, Texas",2012,0.454545454545455,4.5874862223924,147.731138545953,675,"TX",NA,NA,1.52333221008297,4.99539399024184,6.51471269087253,0,-5,0
"48491","Williamson County, Texas",2012,0.422727272727273,4.53129126506785,185.662712667827,8541,"TX",NA,NA,1.51100694635298,5.22393165480886,9.05263337594615,0,-5,0
"49035","Salt Lake County, Utah",2012,0.339563862928349,4.6566063089715,153.328073387241,29479,"UT",NA,NA,1.53828692295015,5.03257989623038,10.2914334244254,0,-5,0
"49049","Utah County, Utah",2012,0.43125,4.58160014484417,165.978654002163,11008,"UT",NA,NA,1.52204831371183,5.11185918973968,9.30637756017313,0,-5,0
"49051","Wasatch County, Utah",2012,0.172413793103448,4.29574248309158,226.42431237407,781,"UT",NA,NA,1.45762441199545,5.42241072737474,6.66057514983969,0,-5,0
"50007","Chittenden County, Vermont",2012,0.166666666666667,4.6653023473926,149.412782628834,5473,"VT",NA,NA,1.54015264407319,5.00671282880331,8.60758219114392,0,-5,0
"51003","Albemarle County, Virginia",2012,0.361111111111111,4.51375606716506,173.371844865171,2508,"VA",NA,NA,1.5071296377604,5.15543868014307,7.82724090175281,0,-5,0
"51013","Arlington County, Virginia",2012,0.265734265734266,4.09596341080471,352.856372289587,6117,"VA",NA,NA,1.4100019547883,5.86606109676963,8.71882705924257,0,-5,0
"51041","Chesterfield County, Virginia",2012,0.257142857142857,4.5053499646617,178.583880718198,6808,"VA",NA,NA,1.50526557165279,5.18505841083178,8.82585367025321,0,-5,0
"51059","Fairfax County, Virginia",2012,0.121125043538837,4.23502341476226,314.947940722178,29147,"VA",NA,NA,1.44338885695822,5.75240735761881,10.2801072705305,0,-5,0
"51075","Goochland County, Virginia",2012,0.969465648854962,4.40553890510164,193.727688480623,617,"VA",NA,NA,1.48286259131542,5.26645350537343,6.42486902390539,0,-5,0
"51085","Hanover County, Virginia",2012,0.139130434782609,4.51361525359443,187.305158040175,3082,"VA",NA,NA,1.50709844073401,5.2327391479933,8.03333401588006,0,-5,0
"51087","Henrico County, Virginia",2012,0.522041763341067,4.56270550536734,164.994155277714,8738,"VA",NA,NA,1.51791576016653,5.10591005071388,9.07543660951138,0,-5,0
"51107","Loudoun County, Virginia",2012,0.138177486599166,4.25639755203307,336.600601230969,8667,"VA",NA,NA,1.44842315745913,5.81889706794337,9.06727798913434,0,-5,0
"51153","Prince William County, Virginia",2012,0.197916666666667,4.3289049400726,228.591078347838,7206,"VA",NA,NA,1.46531460935355,5.43193472324933,8.88266929130804,0,-5,0
"51161","Roanoke County, Virginia",2012,0.45,4.49372785799388,171.347659569422,2012,"VA",NA,NA,1.50268261518582,5.14369458945536,7.60688453121963,0,-5,0
"51181","Surry County, Virginia",2012,0.212121212121212,3.53794590707035,354.27319211103,74,"VA",NA,NA,1.26354630649419,5.87006834463117,4.30406509320417,0,-5,0
"51183","Sussex County, Virginia",2012,0.193548387096774,3.98323712872422,275.958706282708,187,"VA",NA,NA,1.38209483763304,5.620251239606,5.23110861685459,0,-5,0
"51510","Alexandria city, Virginia",2012,0.259259259259259,4.26784029203788,262.281734529488,4621,"VA",NA,NA,1.45110791287945,5.56941924864749,8.43836641087027,0,-5,0
"51540","Charlottesville city, Virginia",2012,0.371428571428571,4.40358656516944,233.882276704698,2023,"VA",NA,NA,1.48241933733504,5.4548178977594,7.61233683716775,0,-5,0
"51550","Chesapeake city, Virginia",2012,0.114285714285714,4.50976147339301,188.897559126721,5339,"VA",NA,NA,1.50624426373302,5.24120485291377,8.58279364850019,0,-5,0
"51600","Fairfax city, Virginia",2012,0.114241001564945,4.04494183000943,361.145472590501,2178,"VA",NA,NA,1.39746716969245,5.88928084832663,7.68616230349291,0,-5,0
"51610","Falls Church city, Virginia",2012,0.00285001781261133,4.15936417894648,307.299371301775,832,"VA",NA,NA,1.4253622209923,5.72782242325662,6.72383244082121,0,-5,0
"51683","Manassas city, Virginia",2012,0.0454545454545455,4.30318774609477,222.936391776303,1403,"VA",NA,NA,1.4593560843466,5.40688649210054,7.24636808010246,0,-5,0
"51685","Manassas Park city, Virginia",2012,0.0434782608695652,3.7975805263371,390.426638917794,310,"VA",NA,NA,1.33436416035503,5.96724008714391,5.73657229747919,0,-5,0
"51740","Portsmouth city, Virginia",2012,0.0606060606060606,4.43417176285707,214.934393218439,1697,"VA",NA,NA,1.48934084812021,5.37033283373938,7.43661726523423,0,-5,0
"51760","Richmond city, Virginia",2012,0.553191489361702,4.60306323798949,178.38045616132,5970,"VA",NA,NA,1.52672200316991,5.18391866347955,8.69450220638665,0,-5,0
"51770","Roanoke city, Virginia",2012,0.545454545454545,4.57357394044484,184.534261204829,3199,"VA",NA,NA,1.52029494313017,5.21783514382807,8.07059353994952,0,-5,0
"51800","Suffolk city, Virginia",2012,0.108108108108108,4.42388546033579,218.865843148521,1475,"VA",NA,NA,1.48701837336403,5.38845895374467,7.29641326877392,0,-5,0
"53011","Clark County, Washington",2012,0.818181818181818,4.58950040763399,168.210046051226,9572,"WA",NA,NA,1.52377117449583,5.12521347257588,9.16659744902826,0,-5,0
"53033","King County, Washington",2012,1,4.61499291435497,173.388155585645,63805,"WA",NA,NA,1.5293103326026,5.15553275512556,11.0635868361681,0,-5,0
"53053","Pierce County, Washington",2012,0.702702702702703,4.5538740895365,187.37188482988,16444,"WA",NA,NA,1.5159783189362,5.23309533096037,9.70771594801777,0,-5,0
"53061","Snohomish County, Washington",2012,0.23463687150838,4.55749584468035,190.209940128782,16903,"WA",NA,NA,1.51677331581609,5.24812841020092,9.73524639995018,0,-5,0
"53063","Spokane County, Washington",2012,0.476190476190476,4.651061722102,161.129280028778,12111,"WA",NA,NA,1.53709552087031,5.08220702431247,9.40186940952105,0,-5,0
"53067","Thurston County, Washington",2012,0.0275590551181102,4.52684031894792,191.295769905662,5767,"WA",NA,NA,1.51002419479171,5.2538207638424,8.65990729361541,0,-5,0
"54039","Kanawha County, West Virginia",2012,0.488372093023256,4.58694064881706,175.733894677631,5231,"WV",NA,NA,1.52321327653352,5.16897088881117,8.56235774337061,0,-5,0
"55025","Dane County, Wisconsin",2012,0.961783439490446,4.65920102796192,158.101869187305,13323,"WI",NA,NA,1.53884398021071,5.06323956696214,9.49724714396021,0,-5,0
"55073","Marathon County, Wisconsin",2012,1,4.66432118591663,151.480100961392,3324,"WI",NA,NA,1.53994231158205,5.02045426953319,8.10892415597534,0,-5,0
"55079","Milwaukee County, Wisconsin",2012,0.475961538461538,4.67176985690364,156.275171625468,19404,"WI",NA,NA,1.54153798423205,5.05161837404455,9.87323450936511,0,-5,0
"55089","Ozaukee County, Wisconsin",2012,0.19047619047619,4.63022367957986,153.494030681947,2712,"WI",NA,NA,1.53260517785558,5.0336616782056,7.90544164906029,0,-5,0
"55101","Racine County, Wisconsin",2012,0.153846153846154,4.66769685663683,150.301344032774,4035,"WI",NA,NA,1.54066577157796,5.01264223905277,8.30276158070405,0,-5,0
"55133","Waukesha County, Wisconsin",2012,0.137931034482759,4.68010410657571,145.609141523521,12487,"WI",NA,NA,1.54332035467695,4.9809259189807,9.43244338211515,0,-5,0
"55141","Wood County, Wisconsin",2012,0.9,4.606768131312,161.017628063339,1763,"WI",NA,NA,1.52752655503927,5.08151385006739,7.47477218239787,0,-5,0
"01017","Chambers County, Alabama",2013,0.22,4.09701231976243,323.486328125,512,"AL",313.934802571166,NA,1.41025800558058,5.77915685068312,6.23832462503951,0,-4,0
"01073","Jefferson County, Alabama",2013,0.65,4.59588853223463,174.303506393509,16241,"AL",174.497622373589,NA,1.52516210647974,5.16079806932598,9.6952941881746,0,-4,0
"01081","Lee County, Alabama",2013,0.209876543209877,4.49167670701367,216.51619389807,2504,"AL",216.872415219872,NA,1.50222606345217,5.37766534325067,7.82564473221999,0,-4,0
"01087","Macon County, Alabama",2013,0.242424242424242,3.93580372379149,312.387181719722,217,"AL",321.745562130178,NA,1.37011511102372,5.7442433854967,5.37989735354046,0,-4,0
"01089","Madison County, Alabama",2013,0.285714285714286,4.48533827158964,197.14368548152,8092,"AL",190.730580098747,NA,1.50081391554054,5.28393283080497,8.99863119828764,0,-4,0
"01101","Montgomery County, Alabama",2013,0.22972972972973,4.60516355126462,170.404402748121,5530,"AL",167.230751642814,NA,1.52717818509497,5.13817445178514,8.61794309451638,0,-4,0
"01117","Shelby County, Alabama",2013,0.28,4.57811875384291,165.001837852118,4839,"AL",161.602430555556,NA,1.52128816130816,5.10595661233623,8.48446336679332,0,-4,0
"04013","Maricopa County, Arizona",2013,1,4.59410230049829,172.631754693233,86020,"AZ",170.576152136592,NA,1.52477337230332,5.1511607402513,11.3623351063377,0,-4,0
"04019","Pima County, Arizona",2013,0.475,4.59465307360293,171.320330262758,19956,"AZ",171.247653604626,NA,1.52489325210921,5.14353508049898,9.90128512898093,0,-4,0
"04021","Pinal County, Arizona",2013,1,4.5891857278513,176.960230117268,3313,"AZ",182.095509095444,NA,1.52370260699539,5.17592501872456,8.1056094022999,0,-4,0
"05007","Benton County, Arkansas",2013,0.863636363636364,4.36300666601747,289.150481504939,5453,"AR",319.0905737956,NA,1.47316142199212,5.66694724984558,8.60392119492606,0,-4,0
"05119","Pulaski County, Arkansas",2013,0.299539170506912,4.5896767829737,170.931285891231,12007,"AR",170.262912635936,NA,1.52380960394023,5.14126163885119,9.39324509203072,0,-4,0
"06001","Alameda County, California",2013,0.200784826684107,4.63283980201985,183.928718600945,37065,"CA",181.327232406405,NA,1.53317002824547,5.21454828364273,10.5204284070908,0,-4,0
"06013","Contra Costa County, California",2013,0.151996565049377,4.5054120766153,186.501791580644,22318,"CA",183.220306957367,NA,1.50527935782388,5.22844084536826,10.0131488067456,0,-4,0
"06017","El Dorado County, California",2013,0.13,4.47345750298737,194.837241435273,4233,"CA",192.994317288471,NA,1.49816160023699,5.27216455073543,8.35066624052092,0,-4,0
"06019","Fresno County, California",2013,0.5,4.5771626266162,186.397526765916,15956,"CA",183.95460359249,NA,1.52107929230885,5.22788163374027,9.6775902130253,0,-4,0
"06029","Kern County, California",2013,0.96,4.57149915656538,193.009108934672,12343,"CA",191.181725613985,NA,1.51984119412389,5.26273738434387,9.42084437974393,0,-4,0
"06037","Los Angeles County, California",2013,0.287047619047619,4.63466027182793,170.495855093215,252925,"CA",168.290280397573,NA,1.53356290007001,5.13871098612435,12.4408482810741,0,-4,0
"06041","Marin County, California",2013,0.31740614334471,4.49815513036742,185.074390907575,9631,"CA",184.240047979343,NA,1.50366734168571,5.22075785726647,9.17274234156086,0,-4,0
"06053","Monterey County, California",2013,0.275862068965517,4.53466750813404,198.367431026316,8397,"CA",192.708956307156,NA,1.51175176404005,5.29012102324186,9.03562977818356,0,-4,0
"06059","Orange County, California",2013,0.306522473808719,4.58558263849499,178.74873834071,89408,"CA",175.042303770943,NA,1.52291717255221,5.18598112331542,11.4009654426166,0,-4,0
"06061","Placer County, California",2013,0.425,4.48907795644794,187.556090419097,9703,"CA",187.389496662348,NA,1.50164732575458,5.2340779495762,9.1801903950253,0,-4,0
"06065","Riverside County, California",2013,0.397849462365591,4.58620149917058,190.067187073864,34781,"CA",186.159597919736,NA,1.52305212136201,5.24737762583125,10.4568265396514,0,-4,0
"06067","Sacramento County, California",2013,0.153236459709379,4.5568185273169,184.229463893113,27557,"CA",184.338988615622,NA,1.51662468864853,5.21618206701828,10.2240118657919,0,-4,0
"06071","San Bernardino County, California",2013,0.307443365695793,4.67841395834494,173.700872720387,32438,"CA",171.425177002647,NA,1.54295915470118,5.15733469753143,10.3870858540476,0,-4,0
"06073","San Diego County, California",2013,0.594368340943683,4.59574736226401,176.85490399805,78284,"CA",174.369007709614,NA,1.52513138942953,5.17532964497045,11.2680985188249,0,-4,0
"06075","San Francisco County, California",2013,1,4.41600475019366,234.831789592798,32281,"CA",227.513677862594,NA,1.48523538465213,5.45886946887811,10.3822341008384,0,-4,0
"06077","San Joaquin County, California",2013,0.322033898305085,4.61867648779647,179.84368461691,10674,"CA",174.585051103709,NA,1.53010818954906,5.19208805480122,9.27556615689389,0,-4,0
"06081","San Mateo County, California",2013,0.1923828125,4.55708584006444,183.037326335524,20304,"CA",180.648768860236,NA,1.51668334907261,5.20969010108914,9.91857318995417,0,-4,0
"06083","Santa Barbara County, California",2013,0.434343434343434,4.60172465080456,176.983737244898,11200,"CA",174.876254436601,NA,1.52643115731652,5.17605784838028,9.32366905728319,0,-4,0
"06085","Santa Clara County, California",2013,0.273358611055677,4.48323310179962,210.649056451216,46143,"CA",208.58442843804,NA,1.50034446065391,5.35019350918981,10.7395005491199,0,-4,0
"06087","Santa Cruz County, California",2013,0.444444444444444,4.55113262200113,188.878890430935,6774,"CA",187.323825900009,NA,1.51537612989778,5.24110601829439,8.82084703337772,0,-4,0
"06095","Solano County, California",2013,0.196078431372549,4.56851791275362,191.938445841057,6679,"CA",186.305063804348,NA,1.51918884437555,5.25717472604853,8.80672355472564,0,-4,0
"06097","Sonoma County, California",2013,0.417582417582418,4.62323491569632,172.041178583141,13347,"CA",170.979335331073,NA,1.53109465827192,5.14773385852646,9.49904691947415,0,-4,0
"06111","Ventura County, California",2013,0.185022026431718,4.62012875455504,173.649543112907,20083,"CA",172.510356063141,NA,1.53042257365662,5.15703914810633,9.90762896503668,0,-4,0
"08001","Adams County, Colorado",2013,0.461538461538462,4.65695058682482,161.001100616524,8549,"CO",160.023008122412,NA,1.53836085342748,5.08141120108857,9.05356959602623,0,-4,0
"08005","Arapahoe County, Colorado",2013,0.266331658291457,4.52840127480024,172.653169445486,17275,"CO",170.389998261187,NA,1.51036895773406,5.15128478130136,9.75701564863587,0,-4,0
"08013","Boulder County, Colorado",2013,0.335195530726257,4.48618506677397,200.911016669098,11679,"CO",203.018120015886,NA,1.50100268954355,5.30286210689829,9.36554763627857,0,-4,0
"08014","Broomfield County, Colorado",2013,0.366666666666667,4.41252596205262,199.37530032166,1807,"CO",200.018632016365,NA,1.48444730599341,5.29518897985351,7.49942329059223,0,-4,0
"08031","Denver County, Colorado",2013,0.386167146974063,4.59883545994293,177.27806812636,22814,"CO",174.032914893748,NA,1.52580311056245,5.17771950619787,10.0351296615878,0,-4,0
"08035","Douglas County, Colorado",2013,0.205741626794258,4.37806763555722,213.019979559839,8030,"CO",212.165479055292,NA,1.4766074479437,5.36138596206083,8.99093980694081,0,-4,0
"08041","El Paso County, Colorado",2013,0.333333333333333,4.53480208287408,174.506543579784,16008,"CO",172.902961642557,NA,1.51178144047012,5.16196223996396,9.68084387626357,0,-4,0
"08059","Jefferson County, Colorado",2013,0.575,4.50332018690171,184.89983959311,16222,"CO",182.373812430729,NA,1.50481494403291,5.21981427085949,9.69412362463029,0,-4,0
"08069","Larimer County, Colorado",2013,0.8,4.5759181233413,171.662094192958,9720,"CO",171.396764794051,NA,1.52080736129096,5.14552797587171,9.18194089745448,0,-4,0
"08123","Weld County, Colorado",2013,0.375,4.63156396735826,161.169196411542,5370,"CO",161.358207117528,NA,1.53289460098616,5.08245472255423,8.58858318750291,0,-4,0
"09001","Fairfield County, Connecticut",2013,0.357766143106457,4.5720205273406,177.142506966188,26955,"CT",174.741480952205,NA,1.51995523571702,5.17695453273804,10.2019240878858,0,-4,0
"09003","Hartford County, Connecticut",2013,0.0623548922056385,4.6399044183102,167.779283784558,22610,"CT",165.894620140237,NA,1.53469376652388,5.12264932863182,10.026147565272,0,-4,0
"09007","Middlesex County, Connecticut",2013,0.263157894736842,4.60541468983076,178.334134608679,4148,"CT",179.510464440724,NA,1.52723271773334,5.18365895135058,8.33038156934942,0,-4,0
"09009","New Haven County, Connecticut",2013,0.320388349514563,4.63067013237838,184.116612371354,19447,"CT",182.595283510178,NA,1.53270159463952,5.21556931975389,9.87544809550488,0,-4,0
"09013","Tolland County, Connecticut",2013,0.333333333333333,4.45568075502419,201.581764439592,2397,"CT",202.443079627155,NA,1.49417985621288,5.3061950779373,7.78197323443438,0,-4,0
"10003","New Castle County, Delaware",2013,0.286885245901639,4.57244252930713,174.745340054121,15453,"DE",179.643957044276,NA,1.52004753243564,5.16332971440141,9.64555843823369,0,-4,0
"11001","District of Columbia, District of Columbia",2013,0.560869565217391,4.17636843538227,277.839530966865,21866,"DC",268.762793886444,NA,1.42944207355215,5.62704372029325,9.99268819799443,0,-4,0
"12001","Alachua County, Florida",2013,0.361702127659574,4.54429953304532,180.265635526297,5851,"FL",181.954999865594,NA,1.51387359761018,5.19443151596087,8.67436786578824,0,-4,0
"12009","Brevard County, Florida",2013,0.0687830687830688,4.53926397334082,181.879410516299,13089,"FL",178.546088803522,NA,1.51276487850081,5.20334388789316,9.47952746179172,0,-4,0
"12011","Broward County, Florida",2013,0.801195814648729,4.58440354709455,168.45892080224,57603,"FL",167.020731728458,NA,1.52266000937158,5.12669192661145,10.961329928661,0,-4,0
"12031","Duval County, Florida",2013,0.18864774624374,4.58635736900533,169.130654994444,23812,"FL",167.165498434369,NA,1.52308610748017,5.1306715227062,10.0779449342733,0,-4,0
"12057","Hillsborough County, Florida",2013,0.128071900014043,4.57441922278846,167.101048320356,33302,"FL",167.132374391368,NA,1.52047974483059,5.11859870919242,10.4133727342251,0,-4,0
"12065","Jefferson County, Florida",2013,0.0909090909090909,4.10756276219727,229.512788641655,239,"FL",211.143280841748,NA,1.4128298507145,5.43595875187686,5.47646355193151,0,-4,0
"12069","Lake County, Florida",2013,0.214285714285714,4.50136841008974,184.511976883932,6535,"FL",187.629753538414,NA,1.50438144168099,5.21771437673374,8.78492762605832,0,-4,0
"12071","Lee County, Florida",2013,0.536585365853659,4.49668691357195,186.958874157454,16410,"FL",185.844216520319,NA,1.503340884189,5.23088866837601,9.70564618408414,0,-4,0
"12073","Leon County, Florida",2013,0.180851063829787,4.44845407242078,198.954613572025,7391,"FL",192.410528658782,NA,1.49255663636498,5.29307672620962,8.90801832278489,0,-4,0
"12081","Manatee County, Florida",2013,0.4,4.54851581021143,176.336485989598,7922,"FL",176.647526071383,NA,1.51480098419159,5.17239402198838,8.97739897818186,0,-4,0
"12086","Miami-Dade County, Florida",2013,0.28694900605013,4.61841954247485,160.743662497736,78598,"FL",160.773586729644,NA,1.53005255619398,5.07981093775416,11.2721015328009,0,-4,0
"12095","Orange County, Florida",2013,0.225997045790251,4.6000108606856,166.177879604285,33310,"FL",166.161642629067,NA,1.52605866451087,5.11305877852301,10.4136129311877,0,-4,0
"12097","Osceola County, Florida",2013,0.28125,4.40887672464041,218.759492575916,5091,"FL",218.401576001963,NA,1.48361994604851,5.38797291892896,8.53522955390234,0,-4,0
"12099","Palm Beach County, Florida",2013,0.0907457322551662,4.50837171975157,185.558483881823,44214,"FL",185.064483560918,NA,1.50593605057567,5.2233701093491,10.6967967599951,0,-4,0
"12101","Pasco County, Florida",2013,0.463414634146341,4.50748821553737,180.738014161816,8790,"FL",181.554658899153,NA,1.5057400616798,5.19704854714896,9.08136999067922,0,-4,0
"12103","Pinellas County, Florida",2013,0.298245614035088,4.57511698795977,172.315669491511,26755,"FL",173.130659315428,NA,1.5206322695393,5.149328082472,10.1944766507454,0,-4,0
"12105","Polk County, Florida",2013,0.774193548387097,4.6227274053455,160.042096037941,10933,"FL",157.731491268753,NA,1.53098487838451,5.07543688086616,9.29954101743449,0,-4,0
"12115","Sarasota County, Florida",2013,0.576923076923077,4.46889596321959,189.155517087336,12901,"FL",188.034386774318,NA,1.49714139002484,5.24256951844291,9.46506010672514,0,-4,0
"12117","Seminole County, Florida",2013,0.192192192192192,4.54821631433016,169.028270982988,12652,"FL",168.184138533497,NA,1.51473513727485,5.13006598485568,9.44557058442554,0,-4,0
"13057","Cherokee County, Georgia",2013,0.166219839142091,4.47013075584605,191.472314563829,4828,"GA",192.322605036132,NA,1.49741766006477,5.25474322670098,8.48218758221742,0,-4,0
"13063","Clayton County, Georgia",2013,0.260869565217391,4.4423296344306,200.774628339141,3767,"GA",202.525731793198,NA,1.49117893128051,5.30218302694165,8.23403420769204,0,-4,0
"13067","Cobb County, Georgia",2013,0.323619631901841,4.53715775414392,176.185660932421,19155,"GA",176.082040733574,NA,1.5123007706623,5.17153833069241,9.86031905713475,0,-4,0
"13089","DeKalb County, Georgia",2013,0.277930654925702,4.54919566440107,183.959252724596,16033,"GA",182.084276906751,NA,1.51495044028125,5.21471428050102,9.68240437718884,0,-4,0
"13113","Fayette County, Georgia",2013,0.215909090909091,4.4772175195131,183.421212814819,3183,"GA",179.937185745525,NA,1.49900176407658,5.21178521733672,8.06557942728209,0,-4,0
"13117","Forsyth County, Georgia",2013,0.159457478005865,4.44225000193876,206.421245320936,5512,"GA",206.27035124171,NA,1.49116100527948,5.32991896106667,8.61468281269349,0,-4,0
"13121","Fulton County, Georgia",2013,0.243104021269525,4.48897423818061,200.531216292496,33840,"GA",199.405851643502,NA,1.50162422090621,5.30096992685975,10.4293988137202,0,-4,0
"13135","Gwinnett County, Georgia",2013,0.143026004728132,4.55932364864365,171.132857421224,21537,"GA",171.487034055935,NA,1.51717428985953,5.14244019882169,9.97752766524459,0,-4,0
"13151","Henry County, Georgia",2013,0.0606060606060606,4.38518290270694,215.565738200736,3356,"GA",213.690142041804,NA,1.47823133594787,5.373265912681,8.1185050675871,0,-4,0
"13217","Newton County, Georgia",2013,0.285714285714286,4.45387025899175,196.059171597633,1300,"GA",198.807931080861,NA,1.49377343931162,5.27841650957541,7.17011954344963,0,-4,0
"13247","Rockdale County, Georgia",2013,0.266666666666667,4.48132061688609,190.84877154319,1928,"GA",192.024739583333,NA,1.49991778354257,5.25148134240442,7.56423847517049,0,-4,0
"13285","Troup County, Georgia",2013,0.16,4.4921258712913,197.961900607521,1409,"GA",192.226075254904,NA,1.50232605769717,5.28807459100507,7.25063551189868,0,-4,0
"15003","Honolulu County, Hawaii",2013,0.413333333333333,4.50013076612662,208.575983853004,21175,"HI",210.195985623881,NA,1.50410645549331,5.34030340579969,9.96057651952026,0,-4,0
"16001","Ada County, Idaho",2013,0.686390532544379,4.60203074598566,161.7952471006,12211,"ID",161.402507891016,NA,1.526497672596,5.08633162904213,9.41009246383302,0,-4,0
"16015","Boise County, Idaho",2013,0.789855072463768,3.72932273724202,340.774527433007,151,"ID",329.029571012078,NA,1.31622664538459,5.83122104871398,5.01727983681492,0,-4,0
"16039","Elmore County, Idaho",2013,0.789855072463768,4.29997494473046,212.800318689068,431,"ID",207.441697964888,NA,1.45860919587567,5.36035425506537,6.06610809010375,0,-4,0
"17031","Cook County, Illinois",2013,0.375,4.61389897512246,168.656832068157,129967,"IL",166.915941813481,NA,1.5290732642198,5.12786607102308,11.7750358510595,0,-4,0
"17043","DuPage County, Illinois",2013,0.189097103918228,4.61935931251259,156.455964658883,33345,"IL",155.49038648783,NA,1.53025601853178,5.05277459440498,10.4146631150664,0,-4,0
"17089","Kane County, Illinois",2013,0.218954248366013,4.64526673537715,157.300338445459,12328,"IL",154.623758255671,NA,1.53584879481024,5.05815696165415,9.41962837699995,0,-4,0
"17093","Kendall County, Illinois",2013,0.150684931506849,4.44115516169613,196.973522081631,2013,"IL",198.075472072373,NA,1.49091451415857,5.28306931402774,7.60738142563979,0,-4,0
"17097","Lake County, Illinois",2013,0.449678800856531,4.56813489506552,172.122080395561,19638,"IL",170.975714918007,NA,1.51910500236111,5.14820399478767,9.88522174372924,0,-4,0
"17111","McHenry County, Illinois",2013,0.470588235294118,4.58662527110361,169.250933882391,7697,"IL",169.128720650564,NA,1.52314451860093,5.13138242954609,8.94858592153432,0,-4,0
"17113","McLean County, Illinois",2013,0.106854838709677,4.54621507081358,177.29115474176,3732,"IL",172.596542952943,NA,1.51429503421307,5.17779332318233,8.22469956196723,0,-4,0
"17143","Peoria County, Illinois",2013,0.4625,4.61430019401639,170.057034088482,4569,"IL",166.137580565384,NA,1.5291602191905,5.13613387542265,8.42704964156327,0,-4,0
"17161","Rock Island County, Illinois",2013,0.260869565217391,4.5876104757305,180.768547353852,3270,"IL",174.486997573185,NA,1.52335929499383,5.19721746907381,8.0925452638913,0,-4,0
"17163","St. Clair County, Illinois",2013,0.521739130434783,4.56242962158709,175.660824104338,5333,"IL",175.579944320254,NA,1.51785529338407,5.16855499995205,8.5816692106006,0,-4,0
"17167","Sangamon County, Illinois",2013,0.170634920634921,4.55278010341115,177.519343592637,5074,"IL",174.876970426034,NA,1.5157380581099,5.17907958096449,8.53188474015923,0,-4,0
"17197","Will County, Illinois",2013,0.248618784530387,4.58766013911481,172.035827134607,14390,"IL",170.296852739139,NA,1.52337012048038,5.14770275241681,9.57428879988141,0,-4,0
"18003","Allen County, Indiana",2013,0.346153846153846,4.67693625292572,151.446571778128,9054,"IN",149.839611766482,NA,1.54264324874402,5.02023290121921,9.1109619279959,0,-4,0
"18005","Bartholomew County, Indiana",2013,0.583333333333333,4.61092333733889,167.816297888859,1830,"IN",185.72956393192,NA,1.52842812704838,5.12286991618703,7.51207124583547,0,-4,0
"18011","Boone County, Indiana",2013,0.464285714285714,4.57828672739998,166.78169313613,1412,"IN",173.38732851126,NA,1.52132485115494,5.11668573052079,7.25276241805319,0,-4,0
"18057","Hamilton County, Indiana",2013,0.326666666666667,4.49884208213439,179.777484328912,8074,"IN",178.042901703423,NA,1.50382004858382,5.19171988799424,8.99640430141289,0,-4,0
"18063","Hendricks County, Indiana",2013,0.27027027027027,4.50894616979502,191.001697307444,2957,"IN",192.153694244118,NA,1.50606346097669,5.25228231443356,7.99193051985248,0,-4,0
"18085","Kosciusko County, Indiana",2013,0.465116279069767,4.65844351521983,163.128796296928,1915,"IN",162.159487909395,NA,1.53868138273444,5.09454005012449,7.55747290161475,0,-4,0
"18097","Marion County, Indiana",2013,0.187604690117253,4.68636554775655,154.874955271141,22747,"IN",152.222758840917,NA,1.54465734552721,5.04261805114307,10.0321885475519,0,-4,0
"18157","Tippecanoe County, Indiana",2013,0.380952380952381,4.56357628733674,190.146612462693,3372,"IN",192.481407999897,NA,1.51810658968327,5.24779541913639,8.12326131912175,0,-4,0
"19049","Dallas County, Iowa",2013,0.163461538461538,4.4190508211626,187.604776379931,1718,"IA",186.258574082716,NA,1.48592492668501,5.23433749669541,7.4489161025442,0,-4,0
"19113","Linn County, Iowa",2013,0.5,4.6680399990765,153.769692678477,5420,"IA",156.15581044301,NA,1.54073928317005,5.03545598094641,8.59785109443369,0,-4,0
"19153","Polk County, Iowa",2013,0.251633986928105,4.62470221624808,158.187553488582,11920,"IA",157.500804247904,NA,1.53141198321545,5.06378137643935,9.38597294061934,0,-4,0
"19169","Story County, Iowa",2013,0.043956043956044,4.57575521821125,171.42662150811,2011,"IA",174.650698602794,NA,1.52077176012295,5.14415531212006,7.60638738977265,0,-4,0
"20091","Johnson County, Kansas",2013,0.239700374531835,4.55340187775022,166.298857483597,17238,"KS",163.600653559633,NA,1.5158746190399,5.11378651596239,9.75487152820734,0,-4,0
"20173","Sedgwick County, Kansas",2013,0.441176470588235,4.64631353217523,164.44318295632,11759,"KS",161.920238091529,NA,1.53607411639653,5.10256511818095,9.37237418382342,0,-4,0
"20177","Shawnee County, Kansas",2013,0.4,4.58408973244169,163.812734232501,4262,"KS",164.069234173055,NA,1.52259155436083,5.09872391096434,8.35749381265856,0,-4,0
"21015","Boone County, Kentucky",2013,0.153846153846154,4.64851002353022,168.003613825689,2985,"KY",165.176086949292,NA,1.53654674320493,5.1239854900391,8.0013550258267,0,-4,0
"21029","Bullitt County, Kentucky",2013,0.25974025974026,4.35289335225116,203.125617617886,1043,"KY",204.842324775659,NA,1.4708407624426,5.31382459365974,6.94985645500077,0,-4,0
"21067","Fayette County, Kentucky",2013,0.40625,4.60628079218388,171.008639816829,8403,"KY",169.195908922603,NA,1.52742076180348,5.14171408047092,9.03634406392822,0,-4,0
"21111","Jefferson County, Kentucky",2013,0.229166666666667,4.65739658056018,160.737597234742,19274,"KY",159.76710961904,NA,1.53845661832172,5.07977320452517,9.86651231641123,0,-4,0
"21117","Kenton County, Kentucky",2013,0.27027027027027,4.54131980503139,178.814692698495,3013,"KY",173.401137046794,NA,1.51321767576052,5.18635003329226,8.0106915391303,0,-4,0
"22033","East Baton Rouge Parish, Louisiana",2013,0.269230769230769,4.61340364126687,163.220794808156,12075,"LA",160.888639752642,NA,1.52896590156429,5.0951038535805,9.39889247852077,0,-4,0
"22049","Jackson Parish, Louisiana",2013,0.04,4.01106599603529,287.893039505509,244,"LA",284.883336638244,NA,1.38905704041353,5.6625890205475,5.4971682252932,0,-4,0
"22051","Jefferson Parish, Louisiana",2013,0.147058823529412,4.6045765012806,169.932157154497,11640,"LA",167.044836631523,NA,1.52705070050116,5.13539928183664,9.36220272128543,0,-4,0
"22061","Lincoln Parish, Louisiana",2013,0.04,4.50439134120084,184.648984445145,1015,"LA",180.949634755863,NA,1.50505277454087,5.21845664139255,6.92264389147589,0,-4,0
"22071","Orleans Parish, Louisiana",2013,0.555555555555556,4.44146735648806,250.517521636184,8656,"LA",242.583259735166,NA,1.49098480754127,5.5235288647302,9.06600800108626,0,-4,0
"22111","Union Parish, Louisiana",2013,0.04,4.08098890282554,259.324776995747,326,"LA",273.371458135087,NA,1.40633933719075,5.55808124137632,5.78689738136671,0,-4,0
"23005","Cumberland County, Maine",2013,0.645161290322581,4.65359092149645,161.973729574291,10901,"ME",158.900202617832,NA,1.5376391627565,5.08743415896086,9.29660980712836,0,-4,0
"24003","Anne Arundel County, Maryland",2013,0.371134020618557,4.52407447426284,183.83631075544,13757,"MD",179.866778566648,NA,1.50941302015702,5.21404574620674,9.529303064461,0,-4,0
"24005","Baltimore County, Maryland",2013,0.223529411764706,4.5357518005021,176.642722308341,19790,"MD",174.282618906679,NA,1.51199084722602,5.17412917458875,9.89293203859661,0,-4,0
"24021","Frederick County, Maryland",2013,0.354166666666667,4.47725639343806,188.813574673104,5957,"MD",186.717366919997,NA,1.49901044664695,5.24076015087835,8.69232227762869,0,-4,0
"24027","Howard County, Maryland",2013,0.25398773006135,4.44592411628023,213.549222327481,8942,"MD",208.066351020408,NA,1.49198774753315,5.36386735563945,9.09851455679393,0,-4,0
"24031","Montgomery County, Maryland",2013,0.303016400963413,4.38053254836247,209.994075022705,26691,"MD",208.629693615155,NA,1.47717030338145,5.34707931614184,10.1920817089129,0,-4,0
"24033","Prince George's County, Maryland",2013,0.331775700934579,4.46994703208484,197.536018916553,14287,"MD",192.643321934645,NA,1.49737655890982,5.28592094197404,9.56710531186516,0,-4,0
"24510","Baltimore city, Maryland",2013,0.272401433691756,4.56361751304393,205.151790472958,12265,"MD",206.908143267085,NA,1.51811562328288,5.32375014647847,9.41450495669259,0,-4,0
"25005","Bristol County, Massachusetts",2013,0.407894736842105,4.61681572112918,181.163297344055,12740,"MA",177.317036584539,NA,1.52970522960922,5.19939881980331,9.45250192912615,0,-4,0
"25009","Essex County, Massachusetts",2013,0.516320474777448,4.61232878187506,182.652184041113,18261,"MA",180.098320783115,NA,1.52873288821697,5.20758371069027,9.81252291716203,0,-4,0
"25013","Hampden County, Massachusetts",2013,1,4.62286030428148,172.088159162855,9662,"MA",169.171152380068,NA,1.5310136270028,5.1480068987753,9.17595594511435,0,-4,0
"25017","Middlesex County, Massachusetts",2013,0.383210509452099,4.58692025511241,173.479594997103,42749,"MA",170.957398910831,NA,1.52320883048733,5.15605998438468,10.6631010822784,0,-4,0
"25021","Norfolk County, Massachusetts",2013,0.119428090832632,4.57261166732386,172.799947974596,19566,"MA",171.305140158789,NA,1.52008452248799,5.15213455529697,9.88154864501737,0,-4,0
"25023","Plymouth County, Massachusetts",2013,0.445378151260504,4.58428417873423,181.218749895275,11918,"MA",177.984461844626,NA,1.52263397110658,5.19970486449882,9.38580514130692,0,-4,0
"25025","Suffolk County, Massachusetts",2013,0.497264021887825,4.48238971995747,214.03902714166,20079,"MA",213.154496655387,NA,1.50015632384258,5.36615836821534,9.90742977176875,0,-4,0
"25027","Worcester County, Massachusetts",2013,0.314176245210728,4.64304384916371,172.996899460744,17630,"MA",171.817942529202,NA,1.53537015313786,5.15327367214494,9.77735727539192,0,-4,0
"26021","Berrien County, Michigan",2013,1,4.62947324208904,170.77012885558,3612,"MI",171.034951584766,NA,1.53244309101866,5.14031837645517,8.19201691453688,0,-4,0
"26045","Eaton County, Michigan",2013,0.333333333333333,4.56411350672719,181.719230665313,2036,"MI",181.820345032719,NA,1.51822430170092,5.2024628072553,7.61874237767041,0,-4,0
"26065","Ingham County, Michigan",2013,0.380952380952381,4.56496652573916,190.323747848482,6131,"MI",191.805241562589,NA,1.51841118121373,5.24872655815307,8.72111314776269,0,-4,0
"26075","Jackson County, Michigan",2013,0.315789473684211,4.64963399012814,158.656673965893,2957,"MI",163.166368767361,NA,1.53678850470093,5.06674258437348,7.99193051985248,0,-4,0
"26077","Kalamazoo County, Michigan",2013,0.615384615384615,4.65617610989714,167.089848380075,5513,"MI",170.126511215373,NA,1.53819453400444,5.11853168199092,8.61486421858968,0,-4,0
"26081","Kent County, Michigan",2013,0.34640522875817,4.73561604144422,142.389803412011,15616,"MI",143.317838863642,NA,1.55511182196498,4.95856839116137,9.65605130865287,0,-4,0
"26099","Macomb County, Michigan",2013,0.401606425702811,4.58785423110104,171.254270600521,18264,"MI",172.336701577836,NA,1.52341242698842,5.14314941464465,9.81268718820963,0,-4,0
"26111","Midland County, Michigan",2013,0.710526315789474,4.56150910768878,164.384048059928,1744,"MI",163.331929371537,NA,1.51765351344478,5.1022054466486,7.46393660446893,0,-4,0
"26125","Oakland County, Michigan",2013,0.35038503850385,4.59082664577956,167.438091290491,38387,"MI",168.289340210784,NA,1.52406010497664,5.12061367870877,10.555474139591,0,-4,0
"26139","Ottawa County, Michigan",2013,0.521739130434783,4.68515516492281,153.289387189192,5764,"MI",154.19919093388,NA,1.54439903465589,5.03232755444801,8.65938695711941,0,-4,0
"26159","Van Buren County, Michigan",2013,1,4.45733432055293,203.670407340815,1270,"MI",199.11625972232,NA,1.49455090137183,5.31650303698366,7.14677217945264,0,-4,0
"26161","Washtenaw County, Michigan",2013,0.279228149829739,4.59745051427414,176.130019196453,7969,"MI",177.236234937627,NA,1.52550191382213,5.17122246773445,8.98331429339775,0,-4,0
"26163","Wayne County, Michigan",2013,0.28169014084507,4.62048612833535,175.665583504439,31829,"MI",176.17833998604,NA,1.53049992214155,5.16858209384536,10.3681331028803,0,-4,0
"27003","Anoka County, Minnesota",2013,0.428571428571429,4.59498243204774,163.173060026332,7348,"MN",163.879909989656,NA,1.52496493252455,5.09481135553584,8.90218344633502,0,-4,0
"27037","Dakota County, Minnesota",2013,0.204301075268817,4.62597216060878,158.909481126059,10105,"MN",157.76347265663,NA,1.5316865457645,5.06833473901286,9.22078562983772,0,-4,0
"27053","Hennepin County, Minnesota",2013,0.49493487698987,4.65050855671741,153.265045814244,39200,"MN",152.315975775742,NA,1.53697658065513,5.03216874823039,10.5764320257786,0,-4,0
"27109","Olmsted County, Minnesota",2013,1,4.59677443365507,159.941823577037,3497,"MN",162.202829547988,NA,1.52535484745729,5.07481014647084,8.15966073706338,0,-4,0
"27123","Ramsey County, Minnesota",2013,0.410493827160494,4.68932957675085,147.989093625097,13174,"MN",146.413767682518,NA,1.54528962485236,4.99713857932643,9.48600046920064,0,-4,0
"27139","Scott County, Minnesota",2013,0.102564102564103,4.55135971276788,177.857357750798,3210,"MN",178.949017150912,NA,1.51542602629065,5.18098186808018,8.07402621612406,0,-4,0
"27163","Washington County, Minnesota",2013,0.26530612244898,4.55249545435742,169.870723367662,5525,"MN",168.893568023184,NA,1.51567553412542,5.13503769698244,8.61703852638595,0,-4,0
"29051","Cole County, Missouri",2013,0.2,4.50434178764099,176.236440488169,2267,"MO",172.25523053183,NA,1.5050417733137,5.17182650533239,7.72621265050753,0,-4,0
"29071","Franklin County, Missouri",2013,0.225806451612903,4.62322953667983,161.232404481471,2596,"MO",163.124073158675,NA,1.53109349479663,5.08284683022716,7.86172707782398,0,-4,0
"29095","Jackson County, Missouri",2013,0.330578512396694,4.61118833307063,170.823845865996,17020,"MO",161.282059795618,NA,1.52848559669118,5.14063288440808,9.74214440212737,0,-4,0
"29101","Johnson County, Missouri",2013,0.0476190476190476,4.43499502727437,190.66208076356,913,"MO",192.308419019979,NA,1.489526494515,5.25050265048307,6.81673588059497,0,-4,0
"29129","Mercer County, Missouri",2013,NA,3.62348588737205,327.932098765432,72,"MO",318.222222222222,NA,1.28743651480925,5.79280657099433,4.27666611901606,0,-4,0
"29183","St. Charles County, Missouri",2013,0.0533333333333333,4.53286257817275,181.968426438748,8088,"MO",181.368331838277,NA,1.51135365563171,5.20383319092143,8.99813676070031,0,-4,0
"29189","St. Louis County, Missouri",2013,0.313926940639269,4.56613356512777,174.382061991512,30697,"MO",158.077121789514,NA,1.51866679978835,5.16124865063163,10.3319202089307,0,-4,0
"29510","St. Louis city, Missouri",2013,0.477272727272727,4.35751441243292,388.544080411526,9672,"MO",192.761816304399,NA,1.47190180590695,5.96240662646398,9.17699039229463,0,-4,0
"31055","Douglas County, Nebraska",2013,0.662962962962963,4.60440460620952,159.551806470404,15079,"NE",157.814050594362,NA,1.52701336845127,5.07236867494411,9.6210583263658,0,-4,0
"31109","Lancaster County, Nebraska",2013,0.815789473684211,4.56547047570272,168.056534281337,8058,"NE",167.923836861264,NA,1.51852157022665,5.12430043637465,8.99442066575129,0,-4,0
"32003","Clark County, Nevada",2013,0.448087431693989,4.53301796360647,190.993877728483,40965,"NV",190.4537306456,NA,1.5113879348025,5.25224137375532,10.6204733225759,0,-4,0
"32031","Washoe County, Nevada",2013,0.317073170731707,4.66940037183684,155.812555250078,11470,"NV",155.237288252354,NA,1.54103066340188,5.04865371587707,9.34749021012342,0,-4,0
"33011","Hillsborough County, New Hampshire",2013,0.379661016949153,4.62915360562459,166.674164296495,10771,"NH",165.468459011858,NA,1.53237404482642,5.11604079452122,9.28461261635077,0,-4,0
"33015","Rockingham County, New Hampshire",2013,0.316666666666667,4.6440331535931,168.379204806901,9425,"NH",165.349396725079,NA,1.53558320282676,5.1262186072882,9.15112101231621,0,-4,0
"34003","Bergen County, New Jersey",2013,0.206652512384996,4.57113030905903,171.900327538423,31500,"NJ",168.775441673463,NA,1.51976050672254,5.14691481778793,10.3577428248137,0,-4,0
"34005","Burlington County, New Jersey",2013,0.252396166134185,4.60016473170928,167.917276457759,10560,"NJ",167.084063225942,NA,1.52609211409499,5.12347145609642,9.26482855726025,0,-4,0
"34007","Camden County, New Jersey",2013,0.328358208955224,4.55280739301721,181.111704787688,11449,"NJ",180.89547959973,NA,1.51574405214512,5.19911399442805,9.34565766892381,0,-4,0
"34013","Essex County, New Jersey",2013,0.663594470046083,4.571278529019,179.623164431824,18744,"NJ",176.087298269939,NA,1.51979293142867,5.19086112545665,9.83862898018763,0,-4,0
"34017","Hudson County, New Jersey",2013,0.414224446032881,4.51472726445285,198.593936823451,12866,"NJ",193.345459492968,NA,1.50734477850018,5.29126222155516,9.46234345197094,0,-4,0
"34019","Hunterdon County, New Jersey",2013,0.168539325842697,4.49643826628971,195.546658301281,3874,"NJ",189.676368783228,NA,1.50328558699757,5.27579901233795,8.26204284396694,0,-4,0
"34021","Mercer County, New Jersey",2013,0.153862989713285,4.51271727964888,186.294829848937,9704,"NJ",184.094849640932,NA,1.5068994731145,5.22733052547225,9.18029345062389,0,-4,0
"34023","Middlesex County, New Jersey",2013,0.253932265835341,4.48611378822413,230.643943819363,21529,"NJ",225.622356229065,NA,1.50098680096227,5.44087515264356,9.97715614246133,0,-4,0
"34025","Monmouth County, New Jersey",2013,0.223372781065089,4.48888601668269,196.114693231055,18967,"NJ",194.41767084287,NA,1.50160456778276,5.27869965763178,9.85045590598432,0,-4,0
"34027","Morris County, New Jersey",2013,0.286318758815233,4.55656079003911,174.551706776424,16763,"NJ",173.736541089666,NA,1.51656812625408,5.16222101165519,9.72692935563128,0,-4,0
"34029","Ocean County, New Jersey",2013,0.488372093023256,4.44405642003696,211.378410319153,12322,"NJ",207.696342850139,NA,1.49156756747469,5.35364994106448,9.41914156157452,0,-4,0
"34031","Passaic County, New Jersey",2013,0.242718446601942,4.57858172979306,180.565353768312,11865,"NJ",179.014565081793,NA,1.52138928418563,5.19609278297971,9.38134816886986,0,-4,0
"34035","Somerset County, New Jersey",2013,0.156206415620642,4.45095206700954,206.219220936026,9924,"NJ",205.511364044637,NA,1.49311802093721,5.32893978225329,9.20271134481169,0,-4,0
"34039","Union County, New Jersey",2013,0.512097420285211,4.59768872176794,169.970890439263,13668,"NJ",168.053018114216,NA,1.52555372543427,5.13562718967805,9.52281261323518,0,-4,0
"35001","Bernalillo County, New Mexico",2013,0.346491228070175,4.63340458994775,167.396164262532,15804,"NM",165.005571789284,NA,1.53329193047569,5.12036324418791,9.66801835153128,0,-4,0
"36001","Albany County, New York",2013,0.267489711934156,4.57520559973151,183.391881419229,9407,"NY",179.215390016222,NA,1.52065163754975,5.21162529177182,9.14920937197195,0,-4,0
"36005","Bronx County, New York",2013,0.444444444444444,4.14180816247577,328.705168572872,17068,"NY",328.887450412883,NA,1.42113244670906,5.79516120483274,9.74496064430789,0,-4,0
"36011","Cayuga County, New York",2013,0.384615384615385,4.52179387316102,193.71192889681,1652,"NY",188.597445113436,NA,1.50890878970339,5.26637215290912,7.40974195408092,0,-4,0
"36023","Cortland County, New York",2013,0.333333333333333,4.49433965318045,204.976073701942,1036,"NY",196.28556233346,NA,1.50281875016406,5.32289325867778,6.94312242281943,0,-4,0
"36027","Dutchess County, New York",2013,0.284090909090909,4.47559965531995,208.94572881963,7510,"NY",204.372184719813,NA,1.49864034393828,5.34207454752506,8.92399074475818,0,-4,0
"36029","Erie County, New York",2013,0.655737704918033,4.62939742015677,170.842196728416,22539,"NY",168.737297277068,NA,1.53242671279392,5.14074030428685,10.0230024210373,0,-4,0
"36047","Kings County, New York",2013,0.363013698630137,4.42640078956726,218.36978644721,53118,"NY",215.541937192765,NA,1.48758679097859,5.38618989385765,10.8802711328391,0,-4,0
"36055","Monroe County, New York",2013,0.164179104477612,4.6231067361112,171.328935254997,17463,"NY",168.598485473052,NA,1.53106693280169,5.14358530673967,9.76783963593985,0,-4,0
"36059","Nassau County, New York",2013,0.320652173913043,4.45380450491686,193.679013833893,47644,"NY",191.363801274613,NA,1.49375867584604,5.26620222088766,10.7715119830008,0,-4,0
"36061","New York County, New York",2013,0.176696490582996,4.3473593338395,213.600561298704,105240,"NY",212.689101342725,NA,1.46956861107926,5.36410773488551,11.5639987351542,0,-4,0
"36067","Onondaga County, New York",2013,0.755555555555556,4.629965773459,166.404468951277,11768,"NY",162.995659053106,NA,1.53254947572935,5.11442138470482,9.37313926228127,0,-4,0
"36069","Ontario County, New York",2013,0.0486111111111111,4.58716460512548,182.523793679011,2847,"NY",180.569342143473,NA,1.52326210010863,5.20688054084764,7.95402108727804,0,-4,0
"36071","Orange County, New York",2013,0.5,4.58644559747167,179.513643411641,9145,"NY",177.259931345843,NA,1.52310534444986,5.19025121290418,9.12096256082497,0,-4,0
"36079","Putnam County, New York",2013,0.189655172413793,4.3499781695757,233.885437531817,2823,"NY",225.507391318092,NA,1.47017082659966,5.45483141227536,7.94555542825349,0,-4,0
"36081","Queens County, New York",2013,0.248520710059172,4.40578610355408,223.821204268022,46444,"NY",219.43218874629,NA,1.48291870057306,5.41084753789557,10.7460025647469,0,-4,0
"36087","Rockland County, New York",2013,0.172413793103448,4.51503810458567,182.399622352145,9410,"NY",181.040396980108,NA,1.50741362638719,5.20620000720029,9.14952823257943,0,-4,0
"36091","Saratoga County, New York",2013,0.295454545454545,4.52693158172785,189.926948245092,5125,"NY",188.505801202272,NA,1.51004435495942,5.24663951530741,8.54188580400661,0,-4,0
"36099","Seneca County, New York",2013,0.130434782608696,4.35832743755032,233.781550422483,718,"NY",209.319007356308,NA,1.47208836852104,5.45438713412993,6.57646956904822,0,-4,0
"36101","Steuben County, New York",2013,0.533333333333333,4.48355652225659,203.225735713346,1812,"NY",197.780456030597,NA,1.50041659805663,5.31431735981723,7.50218648660292,0,-4,0
"36103","Suffolk County, New York",2013,0.348101265822785,4.55799743270864,182.494032077481,48690,"NY",178.684149295147,NA,1.5168833675738,5.20671747154255,10.7932289491767,0,-4,0
"36109","Tompkins County, New York",2013,0.358974358974359,4.56073802941627,186.190566519057,2346,"NY",195.46260492847,NA,1.51748445898643,5.22677070039659,7.76046702921342,0,-4,0
"36119","Westchester County, New York",2013,0.416666666666667,4.4849419788595,185.173549182433,31635,"NY",183.649375240683,NA,1.50072555871794,5.22129348902288,10.362019381581,0,-4,0
"36123","Yates County, New York",2013,0.15,4.27965077918718,227.968991422026,548,"NY",213.205597820982,NA,1.45387141261691,5.42920961717028,6.30627528694802,0,-4,0
"37019","Brunswick County, North Carolina",2013,0.513513513513513,4.36423692351486,255.054820415879,2300,"NC",248.326962195733,NA,1.4734433569451,5.54147850407616,7.74066440191724,0,-4,0
"37025","Cabarrus County, North Carolina",2013,0.401129943502825,4.55659280528725,182.428438789846,4019,"NC",182.015916298423,NA,1.51657515241638,5.20635797990486,8.2987883944492,0,-4,0
"37037","Chatham County, North Carolina",2013,0.237762237762238,4.52600922966118,174.861057035887,1301,"NC",175.921002376441,NA,1.50984058646273,5.16399169877558,7.1708884785125,0,-4,0
"37063","Durham County, North Carolina",2013,0.94347522679693,4.56068377810154,181.288252306803,6789,"NC",181.636892765721,NA,1.51747256362277,5.2000883186774,8.82305893430165,0,-4,0
"37067","Forsyth County, North Carolina",2013,0.575,4.62197247259782,169.90299744637,8235,"NC",169.903414916146,NA,1.53082155610053,5.13522767093762,9.01614864261174,0,-4,0
"37071","Gaston County, North Carolina",2013,0.0833333333333333,4.51806070550086,208.802202108004,3905,"NC",196.629148745451,NA,1.50808285432138,5.34138740244714,8.27001306227379,0,-4,0
"37081","Guilford County, North Carolina",2013,0.983606557377049,4.69743527061029,152.658515051332,13201,"NC",152.158134863819,NA,1.54701667267042,5.02820349916025,9.48804786328076,0,-4,0
"37097","Iredell County, North Carolina",2013,0.65,4.63437534168808,166.925685772301,4358,"NC",163.594318502558,NA,1.53350142007321,5.11754871800149,8.37976851550457,0,-4,0
"37101","Johnston County, North Carolina",2013,0.347826086956522,4.4384404290992,204.904728497507,3042,"NC",197.069781999774,NA,1.49030306003236,5.3225451320772,8.02027047281924,0,-4,0
"37119","Mecklenburg County, North Carolina",2013,0.408014571948998,4.62757215467076,157.42822173565,28704,"NC",156.501917475064,NA,1.53203235792542,5.05896961937518,10.2647917648585,0,-4,0
"37129","New Hanover County, North Carolina",2013,0.534883720930233,4.56071519318041,178.221911808387,6809,"NC",175.93685116771,NA,1.51747945183783,5.18302946936521,8.82600054548297,0,-4,0
"37141","Pender County, North Carolina",2013,0.620689655172414,4.32469989485818,225.324467232815,948,"NC",226.685165915135,NA,1.46434274950425,5.41754144000082,6.85435450225502,0,-4,0
"37179","Union County, North Carolina",2013,0.181818181818182,4.53894079311307,182.429506246282,4100,"NC",182.542970767067,NA,1.5126936793516,5.20636383125852,8.3187422526924,0,-4,0
"37183","Wake County, North Carolina",2013,0.69690063810392,4.53291876793439,181.906777508753,26029,"NC",179.98555695588,NA,1.51136605164248,5.20349434436131,10.1669665800397,0,-4,0
"38017","Cass County, North Dakota",2013,0.407407407407407,4.65936641168859,143.653370770462,5184,"ND",146.096870050329,NA,1.53887947573677,4.96740325031158,8.55333223803211,0,-4,0
"39017","Butler County, Ohio",2013,0.271428571428571,4.6564026516293,165.773428194791,6978,"OH",162.781362284668,NA,1.53824318685087,5.11062196565239,8.85051762174672,0,-4,0
"39025","Clermont County, Ohio",2013,1,4.5452963765632,182.318569214876,3520,"OH",176.861266268457,NA,1.51409293486825,5.20575553724799,8.16621626859214,0,-4,0
"39027","Clinton County, Ohio",2013,0.391304347826087,4.49187082386018,184.220679012346,720,"OH",186.173989328696,NA,1.50226927953043,5.21613438143076,6.5792512120101,0,-4,0
"39035","Cuyahoga County, Ohio",2013,0.339233038348083,4.68586423181671,154.812755947772,32992,"OH",153.652958594611,NA,1.54455036651536,5.04221636052409,10.4040203868167,0,-4,0
"39041","Delaware County, Ohio",2013,0.128270580727505,4.53352320405016,189.81850218437,4143,"OH",187.902489543043,NA,1.51149938644318,5.24606836395564,8.3291754420774,0,-4,0
"39049","Franklin County, Ohio",2013,0.128965801400906,4.61565763592745,171.865303096807,27087,"OH",170.515965723814,NA,1.52945435746196,5.14671104848341,10.2068091869756,0,-4,0
"39055","Geauga County, Ohio",2013,0.254545454545455,4.53943256949904,175.354060141636,2753,"OH",179.323134918274,NA,1.51280201955018,5.16680713081847,7.92044650514261,0,-4,0
"39057","Greene County, Ohio",2013,0.115789473684211,4.43741963446979,213.288915956576,3028,"OH",209.033291290658,NA,1.49007304409552,5.36264765955409,8.01565761455734,0,-4,0
"39061","Hamilton County, Ohio",2013,0.193962748876044,4.69016646342741,153.254732387957,20880,"OH",151.307860070469,NA,1.54546807509642,5.03210145452196,9.94654704199658,0,-4,0
"39085","Lake County, Ohio",2013,0.252427184466019,4.61311918354028,166.632255050169,6085,"OH",170.51622001556,NA,1.52890424069115,5.11578931873729,8.71358200542163,0,-4,0
"39089","Licking County, Ohio",2013,0.479166666666667,4.58400046661363,189.582742324281,2891,"OH",182.477680236009,NA,1.52257208120424,5.2448255641818,7.96935774201635,0,-4,0
"39095","Lucas County, Ohio",2013,0.380952380952381,4.61705276574318,182.179965969337,9604,"OH",181.761674003772,NA,1.52975657203723,5.20499502251973,9.16993495734114,0,-4,0
"39097","Madison County, Ohio",2013,0.153846153846154,4.38701904941102,189.72549980743,676,"OH",196.509526075775,NA,1.47864996441559,5.24557828966484,6.51619307604296,0,-4,0
"39103","Medina County, Ohio",2013,0.347826086956522,4.62394123028892,159.476016160578,3992,"OH",154.778446314007,NA,1.5312474215767,5.07189354201916,8.29204763743135,0,-4,0
"39109","Miami County, Ohio",2013,0.0909090909090909,4.60635511996415,171.77435616818,2122,"OH",168.980196893357,NA,1.52743689785422,5.14618173279881,7.66011431917393,0,-4,0
"39113","Montgomery County, Ohio",2013,0.233830845771144,4.6386558534566,173.232096083584,11479,"OH",169.535027149771,NA,1.53442463751581,5.15463229122102,9.3482745580655,0,-4,0
"39133","Portage County, Ohio",2013,0.347826086956522,4.63545054542859,170.47360542449,2973,"OH",166.98007064917,NA,1.53373339934843,5.13858047784526,7.9973268229981,0,-4,0
"39153","Summit County, Ohio",2013,0.209944751381215,4.69353621652744,152.7668575392,13395,"OH",153.282969432555,NA,1.54618628908078,5.02891295228455,9.50263678197871,0,-4,0
"39159","Union County, Ohio",2013,0.197633136094675,4.50972650524168,182.480631667533,1005,"OH",189.363199165853,NA,1.50623650982251,5.20664403954145,6.91274282049318,0,-4,0
"39165","Warren County, Ohio",2013,0.242647058823529,4.56591979056685,177.83035665924,3931,"OH",176.363786507222,NA,1.51861998127938,5.18083004337263,8.27664912542186,0,-4,0
"40109","Oklahoma County, Oklahoma",2013,0.701754385964912,4.62115140184122,164.361971253571,22947,"OK",164.588639950667,NA,1.53064389522096,5.10207113745491,10.04094248799,0,-4,0
"40139","Texas County, Oklahoma",2013,0.285714285714286,4.18258014217499,215.919779629132,488,"OK",222.933128778204,NA,1.43092831500429,5.37490694809572,6.19031540585315,0,-4,0
"40143","Tulsa County, Oklahoma",2013,0.449275362318841,4.6741256895345,155.713289896267,18590,"OK",154.952809882626,NA,1.54204212696916,5.04801643098584,9.83037908071549,0,-4,0
"41005","Clackamas County, Oregon",2013,0.368932038834951,4.63267231213586,163.56474327652,11114,"OR",162.483054347919,NA,1.53313387484521,5.09720889529922,9.31596085383987,0,-4,0
"41051","Multnomah County, Oregon",2013,0.404145077720207,4.64174452647076,180.895699738766,25332,"OR",178.723812030923,NA,1.53509027110956,5.19792062063593,10.1398236976363,0,-4,0
"41067","Washington County, Oregon",2013,0.457142857142857,4.61564171400819,164.881373250959,14373,"OR",163.835016230513,NA,1.52945090791089,5.10522626533791,9.57310672555123,0,-4,0
"42003","Allegheny County, Pennsylvania",2013,0.171612903225806,4.62694053775648,165.9140625,33600,"PA",163.512570551306,NA,1.53189585869824,5.11146995852268,10.4222813459513,0,-4,0
"42007","Beaver County, Pennsylvania",2013,0.0314245810055866,4.56070430270167,175.577613376285,3438,"PA",174.829721662915,NA,1.51747706394662,5.1680811866063,8.1426451859428,0,-4,0
"42011","Berks County, Pennsylvania",2013,0.531914893617021,4.64576147415435,172.914158925258,8257,"PA",171.897730223627,NA,1.53595529298601,5.15279528017071,9.01881660441743,0,-4,0
"42017","Bucks County, Pennsylvania",2013,0.217391304347826,4.63298766551922,162.829251526185,18938,"PA",161.322971191524,NA,1.53320194412128,5.09270211510761,9.84892576454344,0,-4,0
"42019","Butler County, Pennsylvania",2013,0.352941176470588,4.63850113738642,159.067195829982,4770,"PA",156.829331558745,NA,1.53439128331681,5.06932672822645,8.47010158388239,0,-4,0
"42029","Chester County, Pennsylvania",2013,0.224426534407936,4.59640721028444,166.293366001182,13957,"PA",165.660407619647,NA,1.52527495708091,5.11375349364842,9.54373645350864,0,-4,0
"42041","Cumberland County, Pennsylvania",2013,0.503030303030303,4.57160559433822,171.182998264755,5742,"PA",167.681436387338,NA,1.51986447675615,5.14273314957496,8.65556286068101,0,-4,0
"42043","Dauphin County, Pennsylvania",2013,0.9,4.60942698237333,169.965316790726,6731,"PA",167.732351397156,NA,1.5281035504484,5.1355943973575,8.81447900001071,0,-4,0
"42045","Delaware County, Pennsylvania",2013,0.697368421052632,4.56150284147494,172.519629317185,12635,"PA",172.903111454203,NA,1.51765213972876,5.15051102314057,9.4442260198223,0,-4,0
"42069","Lackawanna County, Pennsylvania",2013,0.375,4.59833880048041,178.686900406148,5408,"PA",179.545203847032,NA,1.52569510794144,5.18563511453243,8.5956346177228,0,-4,0
"42071","Lancaster County, Pennsylvania",2013,1,4.65705736375884,161.319259346014,12274,"PA",161.141578876328,NA,1.53838378167375,5.08338537878469,9.41523848294904,0,-4,0
"42077","Lehigh County, Pennsylvania",2013,0.333333333333333,4.6269913547799,166.990326774036,8444,"PA",163.653454260155,NA,1.53190684149431,5.11793588723036,9.04121140896821,0,-4,0
"42091","Montgomery County, Pennsylvania",2013,0.191616766467066,4.61535319096777,160.029323090953,25998,"PA",158.890037841516,NA,1.52938839611374,5.07535706776051,10.165774890968,0,-4,0
"42095","Northampton County, Pennsylvania",2013,0.270833333333333,4.59055863316227,186.160574904563,6212,"PA",184.615624380647,NA,1.52400172323811,5.22660960721748,8.73423818426858,0,-4,0
"42101","Philadelphia County, Pennsylvania",2013,0.0301925696822416,4.4662745079061,229.717353421453,27235,"PA",225.774364403655,NA,1.49655461769696,5.43684965504105,10.2122581898178,0,-4,0
"42125","Washington County, Pennsylvania",2013,0.2109375,4.62886675511044,158.997071050642,5040,"PA",156.941672992181,NA,1.53231207682396,5.06888578098542,8.52516136106541,0,-4,0
"42129","Westmoreland County, Pennsylvania",2013,0.127572016460905,4.6467675380891,162.255032951621,8672,"PA",162.43203306966,NA,1.5361718247692,5.08916937483574,9.06785472367943,0,-4,0
"42133","York County, Pennsylvania",2013,0.0878378378378378,4.63006448488375,174.752400170389,8591,"PA",175.317842730029,NA,1.53257079562183,5.16337011590022,9.05847042263806,0,-4,0
"44003","Kent County, Rhode Island",2013,1,4.55618277289538,187.450270839362,4639,"RI",185.416962799591,NA,1.5164851617459,5.23351358804277,8.44225410475174,0,-4,0
"44007","Providence County, Rhode Island",2013,0.53475935828877,4.61554379721366,179.562775402749,15512,"RI",176.818444099682,NA,1.52942969356211,5.19052487048145,9.64936919692249,0,-4,0
"45019","Charleston County, South Carolina",2013,0.317073170731707,4.58307008458457,180.201021979876,12141,"SC",180.299053009857,NA,1.52236909770432,5.19407301652262,9.40434343354397,0,-4,0
"45045","Greenville County, South Carolina",2013,0.482758620689655,4.62262075197215,171.718657518309,12261,"SC",173.528862755063,NA,1.53096180659283,5.14585742547295,9.41417877223239,0,-4,0
"45057","Lancaster County, South Carolina",2013,0.380952380952381,4.37043031635086,224.669483945417,1229,"SC",224.366565629416,NA,1.47486147482043,5.41463036198197,7.11395610956603,0,-4,0
"45079","Richland County, South Carolina",2013,0.229050279329609,4.57000358253467,180.282588500635,8663,"SC",178.610576413547,NA,1.51951398883024,5.19452555594344,9.06681636189014,0,-4,0
"45083","Spartanburg County, South Carolina",2013,0.425,4.65355541215957,170.291992487984,6140,"SC",172.743107719221,NA,1.53763153220346,5.13751456652784,8.72258002114119,0,-4,0
"45091","York County, South Carolina",2013,0.538461538461538,4.57910183008842,178.347193871128,4549,"SC",177.540794480304,NA,1.52150287192701,5.18373217784949,8.42266270757,0,-4,0
"46065","Hughes County, South Dakota",2013,0.242424242424242,4.49269257922863,165.530398675757,654,"SD",164.127598686979,NA,1.50245220558568,5.10915485574955,6.4831073514572,0,-4,0
"46119","Sully County, South Dakota",2013,0.242424242424242,3.59033581005319,323.01180663845,67,"SD",319.979843789368,NA,1.27824573853035,5.77768887561482,4.20469261939097,0,-4,0
"47001","Anderson County, Tennessee",2013,1,4.47345252202254,195.599982912555,1530,"TN",188.823547735019,NA,1.49816048678781,5.27607167024159,7.33302301438648,0,-4,0
"47037","Davidson County, Tennessee",2013,0.601279317697228,4.68321424103254,158.379296263721,18323,"TN",155.58344448892,NA,1.5439846778273,5.06499276543183,9.81591238028017,0,-4,0
"47047","Fayette County, Tennessee",2013,0.333333333333333,4.33874561829878,219.700124947938,588,"TN",217.717003567182,NA,1.4675852782939,5.39226354811111,6.37672694789863,0,-4,0
"47065","Hamilton County, Tennessee",2013,0.285714285714286,4.63618407373977,176.627055242362,8716,"TN",173.13373779793,NA,1.53389162998258,5.17404047712871,9.07291569606451,0,-4,0
"47093","Knox County, Tennessee",2013,1,4.60704265888677,170.387027004721,10981,"TN",169.72212698212,NA,1.52758614549128,5.13807247889558,9.30392178559771,0,-4,0
"47157","Shelby County, Tennessee",2013,0.401709401709402,4.63039888767231,161.074455170102,19423,"TN",160.869554001432,NA,1.53264301723219,5.08186671255803,9.87421320983213,0,-4,0
"47187","Williamson County, Tennessee",2013,0.478632478632479,4.53197286581107,170.222301243585,6226,"TN",173.290806106348,NA,1.51115735590403,5.13710523718893,8.73648935100155,0,-4,0
"48029","Bexar County, Texas",2013,0.284552845528455,4.57713341859086,186.00777264605,33870,"TX",185.788948769363,NA,1.5210729110371,5.22578846125971,10.4302849458118,0,-4,0
"48039","Brazoria County, Texas",2013,0.541666666666667,4.58770296843902,183.124400884604,5124,"TX",178.72659013164,NA,1.52337945620338,5.21016570814607,8.54169066301663,0,-4,0
"48041","Brazos County, Texas",2013,0.805342567400445,4.54104185659226,187.601131291329,3994,"TX",183.072268370337,NA,1.51315646955676,5.23431806689151,8.29254851397576,0,-4,0
"48057","Calhoun County, Texas",2013,0.636363636363636,4.34814606366188,208.869659275284,430,"TX",211.871748011781,NA,1.46974956199322,5.34171041758943,6.06378520868761,0,-4,0
"48085","Collin County, Texas",2013,0.178919631093544,4.41677935145901,218.675970918079,19915,"TX",216.149056826847,NA,1.48541077697654,5.387591049301,9.89922849561574,0,-4,0
"48113","Dallas County, Texas",2013,0.308264862252296,4.64061938638291,162.858695902912,62458,"TX",160.459139789564,NA,1.53484784577397,5.09288292853371,11.0422496098313,0,-4,0
"48121","Denton County, Texas",2013,0.181223134036733,4.54564487534036,191.746891346568,12518,"TX",187.272326963806,NA,1.51416960432802,5.25617622810327,9.43492288748465,0,-4,0
"48141","El Paso County, Texas",2013,0.25,4.60007290013176,185.306745189861,13820,"TX",184.471977802753,NA,1.5260721512242,5.22201253408514,9.53387209732166,0,-4,0
"48157","Fort Bend County, Texas",2013,0.147079037800687,4.50210519004591,196.365290565142,10769,"TX",192.192537101586,NA,1.50454510739281,5.27997665201869,9.28442691532888,0,-4,0
"48167","Galveston County, Texas",2013,0.25,4.56066709845979,197.650621957815,5375,"TX",194.031642087561,NA,1.51746890634832,5.28650093650129,8.58951385299586,0,-4,0
"48185","Grimes County, Texas",2013,0.318181818181818,4.33975670816136,197.408333131112,406,"TX",190.548584091319,NA,1.46781828851367,5.2852743405517,6.00635315960173,0,-4,0
"48201","Harris County, Texas",2013,0.31276031806134,4.65766548824192,162.151351558,95322,"TX",161.254852147413,NA,1.53851435442264,5.0885301679514,11.4650159129481,0,-4,0
"48215","Hidalgo County, Texas",2013,0.636363636363636,4.49591964511536,191.912178645149,11680,"TX",193.421615788966,NA,1.50317023990395,5.25703786449732,9.36563325638222,0,-4,0
"48245","Jefferson County, Texas",2013,0.150793650793651,4.58538229874224,184.334916879226,5629,"TX",184.259054663374,NA,1.52287348254704,5.21675430348221,8.63568708546403,0,-4,0
"48339","Montgomery County, Texas",2013,0.282828282828283,4.60026585030811,168.960445929435,9946,"TX",167.053592746981,NA,1.52611409537031,5.1296646397748,9.20492573927468,0,-4,0
"48375","Potter County, Texas",2013,NA,4.59329217889144,179.788310793595,3633,"TX",183.102899410131,NA,1.52459701727453,5.19178010765269,8.1978140322212,0,-4,0
"48381","Randall County, Texas",2013,NA,4.52024518760823,178.667442947628,2393,"TX",178.554788058102,NA,1.508566237419,5.18552621724938,7.78030308790837,0,-4,0
"48439","Tarrant County, Texas",2013,0.338485316846986,4.64828244573012,170.06369535604,38764,"TX",168.619356780045,NA,1.536497784857,5.13617304544072,10.5652472598544,0,-4,0
"48453","Travis County, Texas",2013,0.246202200104767,4.58089162716025,174.399125550037,31037,"TX",173.753559869897,NA,1.52189365759798,5.16134649741435,10.3429353201418,0,-4,0
"48473","Waller County, Texas",2013,0.454545454545455,4.56522855828578,154.338611668826,699,"TX",147.731138545953,NA,1.51846858032608,5.03914896571121,6.54965074223381,0,-4,0
"48491","Williamson County, Texas",2013,0.422727272727273,4.51982951536071,187.001394560906,8907,"TX",185.662712667827,NA,1.50847427529225,5.23111607437173,9.09459276343187,0,-4,0
"49035","Salt Lake County, Utah",2013,0.339563862928349,4.64873769961803,155.558948865668,29897,"UT",153.328073387241,NA,1.53659572029893,5.04702475216564,10.3055134198968,0,-4,0
"49049","Utah County, Utah",2013,0.43125,4.56956219263265,167.093424445377,11372,"UT",165.978654002163,NA,1.51941740001777,5.11855308381198,9.33890947277089,0,-4,0
"49051","Wasatch County, Utah",2013,0.172413793103448,4.27008312677445,228.775783148995,807,"UT",226.42431237407,NA,1.45163329467972,5.43274241102362,6.69332366826995,0,-4,0
"50007","Chittenden County, Vermont",2013,0.166666666666667,4.65025091561976,154.653996768628,5512,"VT",149.412782628834,NA,1.53692117849179,5.04119034275852,8.61468281269349,0,-4,0
"51003","Albemarle County, Virginia",2013,0.361111111111111,4.51419550792975,172.316116885512,2568,"VA",173.371844865171,NA,1.50722698891728,5.14933067883147,7.85088266480985,0,-4,0
"51013","Arlington County, Virginia",2013,0.265734265734266,4.08767175561481,356.120164536882,6203,"VA",352.856372289587,NA,1.40797555506285,5.87526821473188,8.73278832497312,0,-4,0
"51041","Chesterfield County, Virginia",2013,0.257142857142857,4.49153924432382,181.990546681039,6923,"VA",178.583880718198,NA,1.5021954591139,5.20395474441482,8.84260448067803,0,-4,0
"51059","Fairfax County, Virginia",2013,0.121125043538837,4.21960529716782,320.538205425006,29524,"VA",314.947940722178,NA,1.43974159219676,5.77000147495054,10.2929587708899,0,-4,0
"51075","Goochland County, Virginia",2013,0.969465648854962,4.40127289861176,195.403662829793,636,"VA",193.727688480623,NA,1.48189379422548,5.27506748472364,6.45519856334012,0,-4,0
"51085","Hanover County, Virginia",2013,0.139130434782609,4.50964930225422,188.278405710886,3075,"VA",187.305158040175,NA,1.50621939045879,5.23792174884724,8.03106018024062,0,-4,0
"51087","Henrico County, Virginia",2013,0.522041763341067,4.55614463760134,167.023933445519,8874,"VA",164.994155277714,NA,1.51647679170116,5.1181371161933,9.09088093193886,0,-4,0
"51107","Loudoun County, Virginia",2013,0.138177486599166,4.22970901428726,355.244099120819,8983,"VA",336.600601230969,NA,1.44213319974334,5.87280515634191,9.10308918122921,0,-4,0
"51153","Prince William County, Virginia",2013,0.197916666666667,4.3307654618788,227.416458823147,7385,"VA",228.591078347838,NA,1.46574430742484,5.42678295698726,8.90720619496548,0,-4,0
"51161","Roanoke County, Virginia",2013,0.45,4.49268823256173,172.116077310986,2015,"VA",171.347659569422,NA,1.50245123808814,5.14816911727952,7.60837447438078,0,-4,0
"51181","Surry County, Virginia",2013,0.212121212121212,3.5251314370467,390.796201607012,74,"VA",354.27319211103,NA,1.25991772267453,5.96818620058969,4.30406509320417,0,-4,0
"51183","Sussex County, Virginia",2013,0.193548387096774,4.02247977344299,267.81064115567,191,"VA",275.958706282708,NA,1.391898571517,5.59028016792571,5.25227342804663,0,-4,0
"51510","Alexandria city, Virginia",2013,0.259259259259259,4.27187709646325,260.044306694118,4634,"VA",262.281734529488,NA,1.45205333168956,5.56085202685932,8.44117570499232,0,-4,0
"51540","Charlottesville city, Virginia",2013,0.371428571428571,4.4236360361077,231.567340848815,2013,"VA",233.882276704698,NA,1.48696199051641,5.44487072042197,7.60738142563979,0,-4,0
"51550","Chesapeake city, Virginia",2013,0.114285714285714,4.50627778717611,188.83692419038,5333,"VA",188.897559126721,NA,1.50547148839574,5.24088380763175,8.5816692106006,0,-4,0
"51600","Fairfax city, Virginia",2013,0.114241001564945,4.03310057532391,359.601975655284,2206,"VA",361.145472590501,NA,1.394535453672,5.8849977966182,7.69893619981345,0,-4,0
"51610","Falls Church city, Virginia",2013,0.00285001781261133,4.18360890435603,299.130872770919,864,"VA",307.299371301775,NA,1.43117424829136,5.70088117920228,6.76157276880406,0,-4,0
"51683","Manassas city, Virginia",2013,0.0454545454545455,4.29332177769192,223.70447508698,1416,"VA",222.936391776303,NA,1.45706074047309,5.41032587315509,7.25559127425367,0,-4,0
"51685","Manassas Park city, Virginia",2013,0.0434782608695652,3.78100865582662,389.6484375,320,"VA",390.426638917794,NA,1.32999081420176,5.96524489027255,5.76832099579377,0,-4,0
"51740","Portsmouth city, Virginia",2013,0.0606060606060606,4.43080783857571,218.149859468678,1695,"VA",214.934393218439,NA,1.48858192376978,5.38518225537358,7.43543801981455,0,-4,0
"51760","Richmond city, Virginia",2013,0.553191489361702,4.57353358947224,185.19625084657,5990,"VA",178.38045616132,NA,1.52028612045645,5.22141607819815,8.6978466911095,0,-4,0
"51770","Roanoke city, Virginia",2013,0.545454545454545,4.59066166267366,177.228794727406,3184,"VA",184.534261204829,NA,1.52402416677134,5.17744152343119,8.06589354696427,0,-4,0
"51800","Suffolk city, Virginia",2013,0.108108108108108,4.39535704312852,219.636621427649,1491,"VA",218.865843148521,NA,1.4805487663195,5.39197445997425,7.30720231476474,0,-4,0
"53011","Clark County, Washington",2013,0.818181818181818,4.57618226594643,169.152008650875,9711,"WA",168.210046051226,NA,1.52086508412921,5.13079777012444,9.18101454259435,0,-4,0
"53033","King County, Washington",2013,1,4.6068351785972,175.651792637394,64037,"WA",173.388155585645,NA,1.52754110901625,5.16850358439499,11.0672163202919,0,-4,0
"53053","Pierce County, Washington",2013,0.702702702702703,4.54991101153543,187.583067901029,16579,"WA",187.37188482988,NA,1.5151076748673,5.23422177610767,9.71589211323947,0,-4,0
"53061","Snohomish County, Washington",2013,0.23463687150838,4.53052673787795,195.708539986529,17202,"WA",190.209940128782,NA,1.51083821041247,5.27662651160285,9.75278093511142,0,-4,0
"53063","Spokane County, Washington",2013,0.476190476190476,4.64733427145714,161.648148393272,12215,"WA",161.129280028778,NA,1.5362937802589,5.08542204968748,9.41041998369184,0,-4,0
"53067","Thurston County, Washington",2013,0.0275590551181102,4.52851100557381,189.806574073881,5831,"WA",191.295769905662,NA,1.51039318912114,5.24600552242467,8.67094379122216,0,-4,0
"54039","Kanawha County, West Virginia",2013,0.488372093023256,4.59140261344471,174.729045197698,5181,"WV",175.733894677631,NA,1.52418555766349,5.163236460892,8.55275336681479,0,-4,0
"55025","Dane County, Wisconsin",2013,0.961783439490446,4.64885518689064,160.472106047901,13387,"WI",158.101869187305,NA,1.53662099292036,5.07812013337205,9.5020393657859,0,-4,0
"55073","Marathon County, Wisconsin",2013,1,4.67453668028957,150.425258522733,3287,"WI",151.480100961392,NA,1.54213005200893,5.01346633972041,8.09773057366422,0,-4,0
"55079","Milwaukee County, Wisconsin",2013,0.475961538461538,4.65833056211118,159.117232369104,19390,"WI",156.275171625468,NA,1.53865713547724,5.06964124103789,9.8725127482367,0,-4,0
"55089","Ozaukee County, Wisconsin",2013,0.19047619047619,4.61599299900612,156.72631713363,2729,"WI",153.494030681947,NA,1.52952701252486,5.05450108123147,7.91169052070834,0,-4,0
"55101","Racine County, Wisconsin",2013,0.153846153846154,4.66132507266352,153.199414156208,3980,"WI",150.301344032774,NA,1.53929975807463,5.03174043325354,8.28903709827848,0,-4,0
"55133","Waukesha County, Wisconsin",2013,0.137931034482759,4.67621012326497,147.210386256208,12412,"WI",145.609141523521,NA,1.54248797914105,4.99186276261138,9.42641902556827,0,-4,0
"55141","Wood County, Wisconsin",2013,0.9,4.60490223255129,165.562445688782,1764,"WI",161.017628063339,NA,1.52712143876556,5.10934843899166,7.47533923656674,0,-4,0
"01017","Chambers County, Alabama",2014,0.22,4.11735095177111,308.037270010455,533,"AL",323.486328125,313.934802571166,1.41520998369464,5.73022078218033,6.27852142416584,0,-3,0
"01073","Jefferson County, Alabama",2014,0.65,4.5976839114041,173.826391855972,16214,"AL",174.303506393509,174.497622373589,1.52555267917676,5.15805705317852,9.69363034554765,0,-3,0
"01081","Lee County, Alabama",2014,0.209876543209877,4.4976214781062,215.133222126229,2574,"AL",216.51619389807,216.872415219872,1.50354869661813,5.37125747402784,7.85321638815607,0,-3,0
"01087","Macon County, Alabama",2014,0.242424242424242,3.99623173151227,278.065793194458,206,"AL",312.387181719722,321.745562130178,1.38535184997384,5.62785775185673,5.32787616878958,0,-3,0
"01089","Madison County, Alabama",2014,0.285714285714286,4.48217635894934,197.869063902464,8146,"AL",197.14368548152,190.730580098747,1.50010872287533,5.2876055185217,9.00528228820836,0,-3,0
"01101","Montgomery County, Alabama",2014,0.22972972972973,4.60665083512693,171.168313059174,5565,"AL",170.404402748121,167.230751642814,1.5275010930071,5.1426473593057,8.62425226370964,0,-3,0
"01117","Shelby County, Alabama",2014,0.28,4.57079853223053,164.883368639613,4886,"AL",165.001837852118,161.602430555556,1.51968792317165,5.10523836722995,8.49412925181769,0,-3,0
"04013","Maricopa County, Arizona",2014,1,4.59407762555541,172.016276441686,87430,"AZ",172.631754693233,170.576152136592,1.52476800128467,5.14758910281119,11.3785937521749,0,-3,0
"04019","Pima County, Arizona",2014,0.475,4.59212896713733,172.003662390944,19922,"AZ",171.320330262758,171.247653604626,1.52434374380087,5.14751576955737,9.89957992770511,0,-3,0
"04021","Pinal County, Arizona",2014,1,4.5890883869354,172.89268951901,3349,"AZ",176.960230117268,182.095509095444,1.52368139583637,5.1526711102396,8.1164170727942,0,-3,0
"05007","Benton County, Arkansas",2014,0.863636363636364,4.35804565790324,290.886515980681,5617,"AR",289.150481504939,319.0905737956,1.47202371326958,5.6729332116619,8.63355299253243,0,-3,0
"05119","Pulaski County, Arkansas",2014,0.299539170506912,4.58968065632985,171.117178353069,11985,"AR",170.931285891231,170.262912635936,1.52381044786774,5.14234857535039,9.39141114686849,0,-3,0
"06001","Alameda County, California",2014,0.200784826684107,4.61847888429767,188.396760343438,37816,"CA",183.928718600945,181.327232406405,1.53006540505733,5.23855016636511,10.5404875724731,0,-3,0
"06013","Contra Costa County, California",2014,0.151996565049377,4.50188897397159,187.42105240951,22673,"CA",186.501791580644,183.220306957367,1.50449708069035,5.23335770292647,10.0289300682266,0,-3,0
"06017","El Dorado County, California",2014,0.13,4.45821118279272,198.531363478634,4311,"CA",194.837241435273,192.994317288471,1.49474760548652,5.29094709005743,8.36892517474713,0,-3,0
"06019","Fresno County, California",2014,0.5,4.56142487751656,189.402884520757,16102,"CA",186.397526765916,183.95460359249,1.51763504785633,5.24387641041825,9.68669876685993,0,-3,0
"06029","Kern County, California",2014,0.96,4.55557331590545,198.068011004341,12476,"CA",193.009108934672,191.181725613985,1.51635138797388,5.28861046163629,9.43156207772769,0,-3,0
"06037","Los Angeles County, California",2014,0.287047619047619,4.62469613580374,172.752132278379,258407,"CA",170.495855093215,168.290280397573,1.53141066843926,5.15185780571707,12.4622911403069,0,-3,0
"06041","Marin County, California",2014,0.31740614334471,4.49070916156347,186.090015088044,9753,"CA",185.074390907575,184.240047979343,1.50201063172432,5.22623050873242,9.18533020897202,0,-3,0
"06053","Monterey County, California",2014,0.275862068965517,4.53568666242778,197.136541085899,8388,"CA",198.367431026316,192.708956307156,1.51197648609144,5.28389659061263,9.03455739202181,0,-3,0
"06059","Orange County, California",2014,0.306522473808719,4.58251007650462,180.292147371779,90814,"CA",178.74873834071,175.042303770943,1.52224689963921,5.19457857613701,11.4165687377261,0,-3,0
"06061","Placer County, California",2014,0.425,4.48279046348392,188.896202006833,9863,"CA",187.556090419097,187.389496662348,1.50024572383645,5.24119766846538,9.19654566095399,0,-3,0
"06065","Riverside County, California",2014,0.397849462365591,4.58333544326871,189.103669149064,35577,"CA",190.067187073864,186.159597919736,1.5224269957939,5.24229537869703,10.4794546406329,0,-3,0
"06067","Sacramento County, California",2014,0.153236459709379,4.54560900906278,188.127371338126,27932,"CA",184.229463893113,184.338988615622,1.51416171404621,5.2371192405433,10.2375282639659,0,-3,0
"06071","San Bernardino County, California",2014,0.307443365695793,4.67198965926914,175.423821875041,32934,"CA",173.700872720387,171.425177002647,1.54158503218211,5.16720488528306,10.4022608377779,0,-3,0
"06073","San Diego County, California",2014,0.594368340943683,4.58657847831471,179.12873600491,79787,"CA",176.85490399805,174.369007709614,1.52313431654063,5.18810474290172,11.2871158628989,0,-3,0
"06075","San Francisco County, California",2014,1,4.40169443687748,238.922737493695,33067,"CA",234.831789592798,227.513677862594,1.48198956608285,5.47614022558222,10.4062910851992,0,-3,0
"06077","San Joaquin County, California",2014,0.322033898305085,4.60794140123761,184.223726167229,10826,"CA",179.84368461691,174.585051103709,1.52778120656742,5.21615092208026,9.28970592735692,0,-3,0
"06081","San Mateo County, California",2014,0.1923828125,4.54868261260558,186.187025802823,20575,"CA",183.037326335524,180.648768860236,1.51483765534823,5.22675168359049,9.93183202554527,0,-3,0
"06083","Santa Barbara County, California",2014,0.434343434343434,4.60024804523511,178.349678024104,11271,"CA",176.983737244898,174.876254436601,1.52611022491846,5.18374610649967,9.32998833424208,0,-3,0
"06085","Santa Clara County, California",2014,0.273358611055677,4.47710198416376,212.286870765487,46872,"CA",210.649056451216,208.58442843804,1.49897595857583,5.35793852395883,10.7551757612246,0,-3,0
"06087","Santa Cruz County, California",2014,0.444444444444444,4.55381451670339,188.75368993943,6810,"CA",188.878890430935,187.323825900009,1.51596523705875,5.24044293728602,8.82614739914356,0,-3,0
"06095","Solano County, California",2014,0.196078431372549,4.57155399514995,192.21467382305,6730,"CA",191.938445841057,186.305063804348,1.51985318980709,5.25861284025591,8.81433042263877,0,-3,0
"06097","Sonoma County, California",2014,0.417582417582418,4.61703902121742,173.661120828287,13479,"CA",172.041178583141,170.979335331073,1.52975359512817,5.15710581876512,9.50888819773827,0,-3,0
"06111","Ventura County, California",2014,0.185022026431718,4.616011018642,173.951352446457,20228,"CA",173.649543112907,172.510356063141,1.52953091625711,5.15877567648268,9.91482306219987,0,-3,0
"08001","Adams County, Colorado",2014,0.461538461538462,4.64712403114402,163.530269569022,8828,"CO",161.001100616524,160.023008122412,1.53624854033069,5.09699810818067,9.08568376737663,0,-3,0
"08005","Arapahoe County, Colorado",2014,0.266331658291457,4.52873406365599,172.351543564179,17607,"CO",172.653169445486,170.389998261187,1.51044244429322,5.14953624890872,9.77605182922644,0,-3,0
"08013","Boulder County, Colorado",2014,0.335195530726257,4.48578922240234,201.64992186525,11913,"CO",200.911016669098,203.018120015886,1.50091444935045,5.30653313384224,9.38538551979936,0,-3,0
"08014","Broomfield County, Colorado",2014,0.366666666666667,4.41695566664657,202.006625409453,1858,"CO",199.37530032166,200.018632016365,1.48545069558113,5.30830049592003,7.52725591937378,0,-3,0
"08031","Denver County, Colorado",2014,0.386167146974063,4.59116657890715,179.18124101718,23524,"CO",177.27806812636,174.032914893748,1.52413414840478,5.18839781323753,10.0657764555798,0,-3,0
"08035","Douglas County, Colorado",2014,0.205741626794258,4.37482097269326,211.8917158976,8341,"CO",213.019979559839,212.165479055292,1.47586559844506,5.35607537011458,9.02893839224161,0,-3,0
"08041","El Paso County, Colorado",2014,0.333333333333333,4.53575955048564,173.677540531035,16284,"CO",174.506543579784,172.902961642557,1.51199255586822,5.15720036454758,9.69793830962287,0,-3,0
"08059","Jefferson County, Colorado",2014,0.575,4.50242252585251,185.082007867972,16424,"CO",184.89983959311,182.373812430729,1.50461559100211,5.22079901262904,9.70649895869877,0,-3,0
"08069","Larimer County, Colorado",2014,0.8,4.56945227722211,172.40304690556,10021,"CO",171.662094192958,171.396764794051,1.51939334591196,5.14983503153954,9.21243817005833,0,-3,0
"08123","Weld County, Colorado",2014,0.375,4.61654187991972,163.806253228306,5632,"CO",161.169196411542,161.358207117528,1.52964591397965,5.09868434668727,8.63621989783788,0,-3,0
"09001","Fairfield County, Connecticut",2014,0.357766143106457,4.57337454674207,177.568118753283,26988,"CT",177.142506966188,174.741480952205,1.52025134526732,5.17935430291964,10.2031476017473,0,-3,0
"09003","Hartford County, Connecticut",2014,0.0623548922056385,4.64243170666966,167.581740401922,22526,"CT",167.779283784558,165.894620140237,1.53523830367226,5.12147123463021,10.0224254766076,0,-3,0
"09007","Middlesex County, Connecticut",2014,0.263157894736842,4.60163909172372,179.911645679511,4157,"CT",178.334134608679,179.510464440724,1.52641256431439,5.19246587304426,8.33254893925264,0,-3,0
"09009","New Haven County, Connecticut",2014,0.320388349514563,4.62179267704172,185.542181316671,19466,"CT",184.116612371354,182.595283510178,1.53078265516499,5.22328224874043,9.87642463298644,0,-3,0
"09013","Tolland County, Connecticut",2014,0.333333333333333,4.48624074192535,197.061669444323,2416,"CT",201.581764439592,202.443079627155,1.50101509982201,5.28351672261488,7.78986855905471,0,-3,0
"10003","New Castle County, Delaware",2014,0.286885245901639,4.58658618019776,170.040132395621,15498,"DE",174.745340054121,179.643957044276,1.52313599576112,5.13603448210485,9.6484662623239,0,-3,0
"11001","District of Columbia, District of Columbia",2014,0.560869565217391,4.17613697025,278.194877323997,22131,"DC",277.839530966865,268.762793886444,1.42938664943182,5.62832186567494,10.0047346195524,0,-3,0
"12001","Alachua County, Florida",2014,0.361702127659574,4.53119379368439,182.442001126363,5937,"FL",180.265635526297,181.954999865594,1.51098543539151,5.20643232046545,8.68895923427068,0,-3,0
"12009","Brevard County, Florida",2014,0.0687830687830688,4.53482171753027,183.406696685323,13350,"FL",181.879410516299,178.546088803522,1.51178577023211,5.21170607325238,9.4992716638284,0,-3,0
"12011","Broward County, Florida",2014,0.801195814648729,4.57696605511324,170.228449872528,58533,"FL",168.45892080224,167.020731728458,1.52103634523877,5.13714135770811,10.977345976738,0,-3,0
"12031","Duval County, Florida",2014,0.18864774624374,4.58402221035655,170.150477678195,23987,"FL",169.130654994444,167.165498434369,1.52257682459192,5.1366832083376,10.085267295909,0,-3,0
"12057","Hillsborough County, Florida",2014,0.128071900014043,4.57416944517916,167.017370171892,34005,"FL",167.101048320356,167.132374391368,1.52042514020939,5.11809782001312,10.4342628516097,0,-3,0
"12065","Jefferson County, Florida",2014,0.0909090909090909,4.10294835125995,237.734277384423,245,"FL",229.512788641655,211.143280841748,1.41170582533791,5.47115356836357,5.50125821054473,0,-3,0
"12069","Lake County, Florida",2014,0.214285714285714,4.501582649773,185.501288720831,6657,"FL",184.511976883932,187.629753538414,1.5044290348939,5.22306182930546,8.8034242116007,0,-3,0
"12071","Lee County, Florida",2014,0.536585365853659,4.48257435876666,190.720313403663,16860,"FL",186.958874157454,185.844216520319,1.50019751504147,5.25080802714149,9.73269923155585,0,-3,0
"12073","Leon County, Florida",2014,0.180851063829787,4.45695555728982,194.805463690049,7469,"FL",198.954613572025,192.410528658782,1.49446592247423,5.2720014385053,8.91851640035707,0,-3,0
"12081","Manatee County, Florida",2014,0.4,4.54870353784151,174.884583495347,8238,"FL",176.336485989598,176.647526071383,1.51484225562254,5.16412623345889,9.01651287499603,0,-3,0
"12086","Miami-Dade County, Florida",2014,0.28694900605013,4.61593343935964,160.461951392122,80142,"FL",160.743662497736,160.773586729644,1.52951410955236,5.07805685148877,11.2915553402052,0,-3,0
"12095","Orange County, Florida",2014,0.225997045790251,4.59227812148761,168.08443874576,34207,"FL",166.177879604285,166.161642629067,1.52437622370923,5.12446646471827,10.4401855804695,0,-3,0
"12097","Osceola County, Florida",2014,0.28125,4.39381541251761,222.209000333662,5339,"FL",218.759492575916,218.401576001963,1.48019796409449,5.40361838193723,8.58279364850019,0,-3,0
"12099","Palm Beach County, Florida",2014,0.0907457322551662,4.50479750849454,185.155645204085,45280,"FL",185.558483881823,185.064483560918,1.50514294188019,5.22119679678996,10.7206207128771,0,-3,0
"12101","Pasco County, Florida",2014,0.463414634146341,4.4929959604623,182.388232072532,8888,"FL",180.738014161816,181.554658899153,1.50251973101401,5.20613755841271,9.09245733131947,0,-3,0
"12103","Pinellas County, Florida",2014,0.298245614035088,4.57332242920628,172.397604487811,27018,"FL",172.315669491511,173.130659315428,1.52023994934245,5.14980346305075,10.2042585895296,0,-3,0
"12105","Polk County, Florida",2014,0.774193548387097,4.61438041320427,162.275743278684,11024,"FL",160.042096037941,157.731491268753,1.52917760394815,5.08929700727376,9.30782999325344,0,-3,0
"12115","Sarasota County, Florida",2014,0.576923076923077,4.46496385440033,188.616776859745,13059,"FL",189.155517087336,188.034386774318,1.49626111897662,5.23971732096075,9.47723283022041,0,-3,0
"12117","Seminole County, Florida",2014,0.192192192192192,4.53873239179788,172.700065964269,12769,"FL",169.028270982988,168.184138533497,1.51264776421211,5.15155636711127,9.45477563742468,0,-3,0
"13057","Cherokee County, Georgia",2014,0.166219839142091,4.46885555051058,189.082451933922,4967,"GA",191.472314563829,192.322605036132,1.49713234687591,5.24218317354733,8.51057131510735,0,-3,0
"13063","Clayton County, Georgia",2014,0.260869565217391,4.45018070948632,197.811706007613,3755,"GA",200.774628339141,202.525731793198,1.49294470422696,5.28731559846687,8.23084356419823,0,-3,0
"13067","Cobb County, Georgia",2014,0.323619631901841,4.53753975669815,176.222038051546,19322,"GA",176.185660932421,176.082040733574,1.51238496135934,5.1717447797533,9.86899962207745,0,-3,0
"13089","DeKalb County, Georgia",2014,0.277930654925702,4.53915790313858,187.092930975731,16267,"GA",183.959252724596,182.084276906751,1.51274151095881,5.23160545050178,9.69689379476645,0,-3,0
"13113","Fayette County, Georgia",2014,0.215909090909091,4.47112597971935,183.882343414095,3236,"GA",183.421212814819,179.937185745525,1.49764027393369,5.21429611511446,8.08209327817838,0,-3,0
"13117","Forsyth County, Georgia",2014,0.159457478005865,4.44134041888977,209.404489116555,5794,"GA",206.421245320936,206.27035124171,1.49095622702901,5.34426773620357,8.66457817832929,0,-3,0
"13121","Fulton County, Georgia",2014,0.243104021269525,4.48574082914472,202.062426085308,34563,"GA",200.531216292496,199.405851643502,1.50090366116664,5.30857668968445,10.4505390247062,0,-3,0
"13135","Gwinnett County, Georgia",2014,0.143026004728132,4.55738123867437,172.535677350395,22005,"GA",171.132857421224,171.487034055935,1.51674816879437,5.15060404030571,9.99902497924519,0,-3,0
"13151","Henry County, Georgia",2014,0.0606060606060606,4.40020024515507,214.542232612435,3413,"GA",215.565738200736,213.690142041804,1.48165005015117,5.36850660762411,8.13534694890671,0,-3,0
"13217","Newton County, Georgia",2014,0.285714285714286,4.43899762032668,203.821928248034,1298,"GA",196.059171597633,198.807931080861,1.49042858976856,5.31724671189958,7.16857989726403,0,-3,0
"13247","Rockdale County, Georgia",2014,0.266666666666667,4.4861419505156,188.973323413753,1940,"GA",190.84877154319,192.024739583333,1.50099307860131,5.24160585913863,7.57044325205737,0,-3,0
"13285","Troup County, Georgia",2014,0.16,4.48411281696628,201.159833187983,1406,"GA",197.961900607521,192.226075254904,1.50054066478776,5.30409978205299,7.24850407237061,0,-3,0
"15003","Honolulu County, Hawaii",2014,0.413333333333333,4.49480906587945,211.081337721884,21183,"HI",208.575983853004,210.195985623881,1.50292319002017,5.35224354602868,9.96095425218446,0,-3,0
"16001","Ada County, Idaho",2014,0.686390532544379,4.59396914244991,162.575282213726,12495,"ID",161.7952471006,161.402507891016,1.52474438732008,5.09114116965238,9.43308384326905,0,-3,0
"16015","Boise County, Idaho",2014,0.789855072463768,3.69902955064819,373.406603306157,149,"ID",340.774527433007,329.029571012078,1.30807050163922,5.92266791522056,5.00394630594546,0,-3,0
"16039","Elmore County, Idaho",2014,0.789855072463768,4.29790894725093,203.831417624521,435,"ID",212.800318689068,207.441697964888,1.45812861308454,5.31729326800704,6.07534603108868,0,-3,0
"17031","Cook County, Illinois",2014,0.375,4.60724135074883,170.197339627587,130760,"IL",168.656832068157,166.915941813481,1.52762927241506,5.13695858515687,11.7811188608381,0,-3,0
"17043","DuPage County, Illinois",2014,0.189097103918228,4.61939369839421,157.163434957419,33673,"IL",156.455964658883,155.49038648783,1.53026346236789,5.05728625088701,10.424451608275,0,-3,0
"17089","Kane County, Illinois",2014,0.218954248366013,4.64361912003491,158.653444573751,12350,"IL",157.300338445459,154.623758255671,1.53549404497583,5.06672222957259,9.42141134205612,0,-3,0
"17093","Kendall County, Illinois",2014,0.150684931506849,4.42411403991354,199.455599122649,2064,"IL",196.973522081631,198.075472072373,1.48707004144511,5.29559165077086,7.63240112660145,0,-3,0
"17097","Lake County, Illinois",2014,0.449678800856531,4.56374317234303,173.411872140541,19615,"IL",172.122080395561,170.975714918007,1.51814315792371,5.15566952878782,9.88404985864365,0,-3,0
"17111","McHenry County, Illinois",2014,0.470588235294118,4.58846311598593,170.573620017907,7829,"IL",169.250933882391,169.128720650564,1.5235451348848,5.13916699249088,8.96559006690791,0,-3,0
"17113","McLean County, Illinois",2014,0.106854838709677,4.54356917603276,176.23537151304,3657,"IL",177.29115474176,172.596542952943,1.51371286531144,5.17182043974024,8.20439841814938,0,-3,0
"17143","Peoria County, Illinois",2014,0.4625,4.61904099060406,166.819212612534,4522,"IL",170.057034088482,166.137580565384,1.53018710575507,5.11691066681991,8.41670965283791,0,-3,0
"17161","Rock Island County, Illinois",2014,0.260869565217391,4.58856359009982,180.433342821659,3261,"IL",180.768547353852,174.486997573185,1.5235670317621,5.19536141772114,8.08978917578932,0,-3,0
"17163","St. Clair County, Illinois",2014,0.521739130434783,4.56302478191242,178.210766369957,5222,"IL",175.660824104338,175.579944320254,1.51798573298737,5.18296693055148,8.56063574925907,0,-3,0
"17167","Sangamon County, Illinois",2014,0.170634920634921,4.55831305938955,174.261369727398,5026,"IL",177.519343592637,174.876970426034,1.51695261196413,5.16055629702358,8.52237971810354,0,-3,0
"17197","Will County, Illinois",2014,0.248618784530387,4.57902333830951,174.520617514158,14573,"IL",172.035827134607,170.296852739139,1.52148573047558,5.16204288660669,9.5869257805337,0,-3,0
"18003","Allen County, Indiana",2014,0.346153846153846,4.67554143009665,150.801374583814,9070,"IN",151.446571778128,149.839611766482,1.54234496995915,5.01596357080959,9.11272754310918,0,-3,0
"18005","Bartholomew County, Indiana",2014,0.583333333333333,4.61469228430372,168.408506471665,1801,"IN",167.816297888859,185.72956393192,1.52924518844115,5.12639261402216,7.49609734517596,0,-3,0
"18011","Boone County, Indiana",2014,0.464285714285714,4.54476963185921,174.270797565689,1441,"IN",166.78169313613,173.38732851126,1.51397704028528,5.1606103972713,7.27309259599952,0,-3,0
"18057","Hamilton County, Indiana",2014,0.326666666666667,4.48758671892675,183.789065922085,8262,"IN",179.777484328912,178.042901703423,1.5013150781796,5.2137887191536,9.01942196795671,0,-3,0
"18063","Hendricks County, Indiana",2014,0.27027027027027,4.49807447791811,193.159750670339,3029,"IN",191.001697307444,192.153694244118,1.50364941140762,5.26351757021107,8.01598781102724,0,-3,0
"18085","Kosciusko County, Indiana",2014,0.465116279069767,4.660940732631,165.490573498651,1901,"IN",163.128796296928,162.159487909395,1.5392173017189,5.10891423548289,7.55013534248843,0,-3,0
"18097","Marion County, Indiana",2014,0.187604690117253,4.68008881855982,156.638043447818,22803,"IN",154.874955271141,152.222758840917,1.54331708807422,5.05393768794716,10.0346473852342,0,-3,0
"18157","Tippecanoe County, Indiana",2014,0.380952380952381,4.57395725906747,189.691469166378,3419,"IN",190.146612462693,192.481407999897,1.52037875123412,5.24539890579999,8.1371033896393,0,-3,0
"19049","Dallas County, Iowa",2014,0.163461538461538,4.40651136407813,190.418388429752,1760,"IA",187.604776379931,186.258574082716,1.48308330248949,5.24922369558127,7.4730690880322,0,-3,0
"19113","Linn County, Iowa",2014,0.5,4.65042433895747,157.61411936992,5394,"IA",153.769692678477,156.15581044301,1.5369584711255,5.0601497633215,8.59304250369967,0,-3,0
"19153","Polk County, Iowa",2014,0.251633986928105,4.62694966410123,157.483971341439,12078,"IA",158.187553488582,157.500804247904,1.53189783113243,5.05932368382614,9.39914089486785,0,-3,0
"19169","Story County, Iowa",2014,0.043956043956044,4.57072996540267,172.670870303646,2008,"IA",171.42662150811,174.650698602794,1.51967292199807,5.15138729868294,7.60489448081162,0,-3,0
"20091","Johnson County, Kansas",2014,0.239700374531835,4.55382508822282,166.065267712967,17414,"KS",166.298857483597,163.600653559633,1.51596755852071,5.11238089007571,9.76502975938856,0,-3,0
"20173","Sedgwick County, Kansas",2014,0.441176470588235,4.64362739431155,164.25460110313,11855,"KS",164.44318295632,161.920238091529,1.5354958268337,5.10141766977681,9.38050499849951,0,-3,0
"20177","Shawnee County, Kansas",2014,0.4,4.58940607753566,161.759048859446,4218,"KS",163.812734232501,164.069234173055,1.52375062082781,5.08610787530585,8.34711636103872,0,-3,0
"21015","Boone County, Kentucky",2014,0.153846153846154,4.65608638099542,166.273382916881,3014,"KY",168.003613825689,165.176086949292,1.53817526287633,5.1136333187699,8.01102337918644,0,-3,0
"21029","Bullitt County, Kentucky",2014,0.25974025974026,4.35843237177229,201.306490151816,1073,"KY",203.125617617886,204.842324775659,1.4721124449495,5.30482857331735,6.9782137426307,0,-3,0
"21067","Fayette County, Kentucky",2014,0.40625,4.59911648931269,173.664233281129,8481,"KY",171.008639816829,169.195908922603,1.525864217507,5.15712374117018,9.0455836463617,0,-3,0
"21111","Jefferson County, Kentucky",2014,0.229166666666667,4.65201876885468,160.802063293609,19557,"KY",160.737597234742,159.76710961904,1.53730126922581,5.08017418809046,9.88108855759265,0,-3,0
"21117","Kenton County, Kentucky",2014,0.27027027027027,4.53357622067599,179.810926375877,3070,"KY",178.814692698495,173.401137046794,1.51151108072893,5.19190588980111,8.02943284058124,0,-3,0
"22033","East Baton Rouge Parish, Louisiana",2014,0.269230769230769,4.61067982071583,164.184650023628,12055,"LA",163.220794808156,160.888639752642,1.52837531266915,5.10099170923574,9.39723479061527,0,-3,0
"22049","Jackson Parish, Louisiana",2014,0.04,4.04153807076863,271.455576559546,230,"LA",287.893039505509,284.883336638244,1.39662533010747,5.60379850373796,5.4380793089232,0,-3,0
"22051","Jefferson Parish, Louisiana",2014,0.147058823529412,4.59863394527931,170.936446717784,11657,"LA",169.932157154497,167.044836631523,1.52575929097366,5.14129183080007,9.36366213691983,0,-3,0
"22061","Lincoln Parish, Louisiana",2014,0.04,4.50232467904616,186.366835381116,1033,"LA",184.648984445145,180.949634755863,1.50459385873043,5.22771696464641,6.94022246911964,0,-3,0
"22071","Orleans Parish, Louisiana",2014,0.555555555555556,4.44365999782768,248.486743142422,8829,"LA",250.517521636184,242.583259735166,1.4914783607109,5.51538949659825,9.08579703690158,0,-3,0
"22111","Union Parish, Louisiana",2014,0.04,4.12758580724176,241.600569545733,331,"LA",259.324776995747,273.371458135087,1.41769268575214,5.48728582344916,5.80211837537706,0,-3,0
"23005","Cumberland County, Maine",2014,0.645161290322581,4.6516295473817,162.006256949236,10922,"ME",161.973729574291,158.900202617832,1.53721759850654,5.08763495762997,9.2985343827121,0,-3,0
"24003","Anne Arundel County, Maryland",2014,0.371134020618557,4.51691991519426,185.953268274075,13873,"MD",183.83631075544,179.866778566648,1.50783032687046,5.22549539630737,9.53769978408073,0,-3,0
"24005","Baltimore County, Maryland",2014,0.223529411764706,4.53494320475768,175.945924725658,19861,"MD",176.642722308341,174.282618906679,1.51181255973072,5.17017670195152,9.89651328879879,0,-3,0
"24021","Frederick County, Maryland",2014,0.354166666666667,4.48303265181756,185.832315579003,5971,"MD",188.813574673104,186.717366919997,1.50029974862159,5.22484473794625,8.69466969654699,0,-3,0
"24027","Howard County, Maryland",2014,0.25398773006135,4.42915985941835,221.572422541402,9133,"MD",213.549222327481,208.066351020408,1.48820991808476,5.40074950011362,9.11964950669168,0,-3,0
"24031","Montgomery County, Maryland",2014,0.303016400963413,4.38092241572492,209.282345673257,27035,"MD",209.994075022705,208.629693615155,1.47725929941335,5.34368427650713,10.2048876018161,0,-3,0
"24033","Prince George's County, Maryland",2014,0.331775700934579,4.46634300253083,197.615815066765,14468,"MD",197.536018916553,192.643321934645,1.49656995354329,5.28632481787406,9.57969459307199,0,-3,0
"24510","Baltimore city, Maryland",2014,0.272401433691756,4.55666073925128,204.48183227678,12347,"MD",205.151790472958,206.908143267085,1.51659006124421,5.32047913181403,9.42116839756774,0,-3,0
"25005","Bristol County, Massachusetts",2014,0.407894736842105,4.61329068010326,182.704447084423,12711,"MA",181.163297344055,177.317036584539,1.52894141583632,5.20786980399863,9.45022303929467,0,-3,0
"25009","Essex County, Massachusetts",2014,0.516320474777448,4.61142517188478,180.424461205136,18305,"MA",182.652184041113,180.098320783115,1.52853695714646,5.19531219269995,9.81492952555434,0,-3,0
"25013","Hampden County, Massachusetts",2014,1,4.62204224857871,171.320655014157,9668,"MA",172.088159162855,169.171152380068,1.53083665256738,5.14353697607723,9.17657674182337,0,-3,0
"25017","Middlesex County, Massachusetts",2014,0.383210509452099,4.58128785797218,174.975896271744,42997,"MA",173.479594997103,170.957398910831,1.5219801502961,5.16464822884706,10.6688856248,0,-3,0
"25021","Norfolk County, Massachusetts",2014,0.119428090832632,4.56982702787575,173.516846331891,19599,"MA",172.799947974596,171.305140158789,1.51947535470966,5.15627469168709,9.88323382350886,0,-3,0
"25023","Plymouth County, Massachusetts",2014,0.445378151260504,4.57564666182287,184.019129310352,12006,"MA",181.218749895275,177.984461844626,1.52074803558549,5.21503971584836,9.39316180381179,0,-3,0
"25025","Suffolk County, Massachusetts",2014,0.497264021887825,4.4769273878365,217.400502026036,20431,"MA",214.03902714166,213.154496655387,1.4989369601942,5.38174128391184,9.92480863423981,0,-3,0
"25027","Worcester County, Massachusetts",2014,0.314176245210728,4.63787592483468,173.347098296823,17645,"MA",172.996899460744,171.817942529202,1.53425648660717,5.1552959330052,9.77820773610937,0,-3,0
"26021","Berrien County, Michigan",2014,1,4.63201389951674,169.02856076736,3543,"MI",170.77012885558,171.034951584766,1.53299174102542,5.13006769926785,8.17272910486547,0,-3,0
"26045","Eaton County, Michigan",2014,0.333333333333333,4.56027833287472,183.883366894275,2056,"MI",181.719230665313,181.820345032719,1.51738365957468,5.21430168105034,7.62851762657506,0,-3,0
"26065","Ingham County, Michigan",2014,0.380952380952381,4.56272655703741,188.267951125243,6112,"MI",190.323747848482,191.805241562589,1.51792037401274,5.23786622003675,8.71800933084636,0,-3,0
"26075","Jackson County, Michigan",2014,0.315789473684211,4.65250781619992,157.646637542754,2906,"MI",158.656673965893,163.166368767361,1.53740638953284,5.06035605714169,7.97453284413023,0,-3,0
"26077","Kalamazoo County, Michigan",2014,0.615384615384615,4.65466953651281,169.570405613814,5507,"MI",167.089848380075,170.126511215373,1.53787091712694,5.13326821293017,8.61377528926248,0,-3,0
"26081","Kent County, Michigan",2014,0.34640522875817,4.73681633636824,141.20711448571,15746,"MI",142.389803412011,143.317838863642,1.55536525104899,4.95022770966595,9.66434164374441,0,-3,0
"26099","Macomb County, Michigan",2014,0.401606425702811,4.58402874827615,172.865453570809,18569,"MI",171.254270600521,172.336701577836,1.52257825083172,5.15251356688855,9.8292488026006,0,-3,0
"26111","Midland County, Michigan",2014,0.710526315789474,4.47047046374915,201.630169424087,1861,"MI",164.384048059928,163.331929371537,1.49749365224806,5.30643517492185,7.52886925664225,0,-3,0
"26125","Oakland County, Michigan",2014,0.35038503850385,4.59345664073564,167.340556938944,38584,"MI",167.438091290491,168.289340210784,1.52463282141971,5.1200309990497,10.5605929617488,0,-3,0
"26139","Ottawa County, Michigan",2014,0.521739130434783,4.68831393153791,152.932297325123,5882,"MI",153.289387189192,154.19919093388,1.54507301495116,5.02999532231692,8.67965211911394,0,-3,0
"26159","Van Buren County, Michigan",2014,1,4.4647406724408,199.555415518115,1271,"MI",203.670407340815,199.11625972232,1.4962111325613,5.29609196977904,7.14755927118945,0,-3,0
"26161","Washtenaw County, Michigan",2014,0.279228149829739,4.59356372740428,177.484644314192,8042,"MI",176.130019196453,177.236234937627,1.52465613402039,5.17888409426723,8.99243308745722,0,-3,0
"26163","Wayne County, Michigan",2014,0.28169014084507,4.62005186790267,177.559486496414,31870,"MI",175.665583504439,176.17833998604,1.53040593184939,5.17930568796128,10.3694204074114,0,-3,0
"27003","Anoka County, Minnesota",2014,0.428571428571429,4.59102815128414,165.607342863581,7422,"MN",163.173060026332,163.879909989656,1.52410399708974,5.10961958193178,8.91220384162054,0,-3,0
"27037","Dakota County, Minnesota",2014,0.204301075268817,4.62455680289145,158.481903868112,10344,"MN",158.909481126059,157.76347265663,1.5313805399709,5.06564041562021,9.24416192045169,0,-3,0
"27053","Hennepin County, Minnesota",2014,0.49493487698987,4.65058130999731,153.546044704567,39541,"MN",153.265045814244,152.315975775742,1.53699222468845,5.03400048754866,10.5850933872495,0,-3,0
"27109","Olmsted County, Minnesota",2014,1,4.5876300091952,159.548673161714,3542,"MN",159.941823577037,162.202829547988,1.52336355285818,5.07234903656128,8.17244681834278,0,-3,0
"27123","Ramsey County, Minnesota",2014,0.410493827160494,4.67753816180072,150.930360090626,13278,"MN",147.989093625097,146.413767682518,1.54277193772197,5.01681853898063,9.49386380927911,0,-3,0
"27139","Scott County, Minnesota",2014,0.102564102564103,4.56024824853429,175.401864154099,3243,"MN",177.857357750798,178.949017150912,1.51737706251251,5.16707970789813,8.08425410630732,0,-3,0
"27163","Washington County, Minnesota",2014,0.26530612244898,4.55859990823411,168.183665566866,5590,"MN",169.870723367662,168.893568023184,1.51701553871262,5.12505662966531,8.62873456614915,0,-3,0
"29051","Cole County, Missouri",2014,0.2,4.48647759739069,180.969807003855,2254,"MO",176.236440488169,172.25523053183,1.50106789440587,5.19833020521774,7.72046169459972,0,-3,0
"29071","Franklin County, Missouri",2014,0.225806451612903,4.62282788964436,160.491547256706,2565,"MO",161.232404481471,163.124073158675,1.53100661516411,5.07824127611596,7.84971375760487,0,-3,0
"29095","Jackson County, Missouri",2014,0.330578512396694,4.55303009155485,195.622046752598,17900,"MO",170.823845865996,161.282059795618,1.51579296550165,5.27618446470812,9.79255599182885,0,-3,0
"29101","Johnson County, Missouri",2014,0.0476190476190476,4.44970483416403,184.707576133178,916,"MO",190.66208076356,192.308419019979,1.49283776457692,5.21877390495182,6.82001636467413,0,-3,0
"29129","Mercer County, Missouri",2014,NA,3.57580526867815,343.316289262235,74,"MO",327.932098765432,318.222222222222,1.2741904007609,5.83865214839779,4.30406509320417,0,-3,0
"29183","St. Charles County, Missouri",2014,0.0533333333333333,4.53782318812505,181.674636528538,8172,"MO",181.968426438748,181.368331838277,1.51244742308759,5.20221737583213,9.00846895593751,0,-3,0
"29189","St. Louis County, Missouri",2014,0.313926940639269,4.50579568397853,206.410250753938,31580,"MO",174.382061991512,158.077121789514,1.50536449787917,5.32986569687968,10.3602792878096,0,-3,0
"29510","St. Louis city, Missouri",2014,0.477272727272727,4.07495515899155,716.070365187156,10735,"MO",388.544080411526,192.761816304399,1.40485974270383,6.57377843753299,9.28126471031288,0,-3,0
"31055","Douglas County, Nebraska",2014,0.662962962962963,4.59735023225493,160.485403516977,15140,"NE",159.551806470404,157.814050594362,1.52548010105598,5.07820299461497,9.62509552699144,0,-3,0
"31109","Lancaster County, Nebraska",2014,0.815789473684211,4.55387190018487,172.61844692914,8114,"NE",168.056534281337,167.923836861264,1.51597783816925,5.15108364970052,9.00134624376639,0,-3,0
"32003","Clark County, Nevada",2014,0.448087431693989,4.53241796760998,191.803985390928,42018,"NV",190.993877728483,190.4537306456,1.51125556477597,5.25647394112255,10.6458533768836,0,-3,0
"32031","Washoe County, Nevada",2014,0.317073170731707,4.66101132119354,158.156608298284,11642,"NV",155.812555250078,155.237288252354,1.5392324463071,5.06358573388207,9.36237452783168,0,-3,0
"33011","Hillsborough County, New Hampshire",2014,0.379661016949153,4.62526906663132,166.936246174914,10890,"NH",166.674164296495,165.468459011858,1.53153454584113,5.11761198009642,9.29560021592701,0,-3,0
"33015","Rockingham County, New Hampshire",2014,0.316666666666667,4.64519510600049,167.328123720838,9492,"NH",168.379204806901,165.349396725079,1.53583337482835,5.11995669739657,9.15820461755565,0,-3,0
"34003","Bergen County, New Jersey",2014,0.206652512384996,4.56760708725858,173.025238627604,31548,"NJ",171.900327538423,168.775441673463,1.51898945448146,5.15343747187799,10.3592654745179,0,-3,0
"34005","Burlington County, New Jersey",2014,0.252396166134185,4.59181634202093,168.566078360425,10533,"NJ",167.917276457759,167.084063225942,1.52427566301294,5.12732782936087,9.26226846483654,0,-3,0
"34007","Camden County, New Jersey",2014,0.328358208955224,4.55522577182817,179.692622844192,11398,"NJ",181.111704787688,180.89547959973,1.51627509519778,5.19124774032687,9.34119318039495,0,-3,0
"34013","Essex County, New Jersey",2014,0.663594470046083,4.56229575419964,181.681248618818,18727,"NJ",179.623164431824,176.087298269939,1.51782595170376,5.20225377040038,9.83772161176051,0,-3,0
"34017","Hudson County, New Jersey",2014,0.414224446032881,4.50595165708773,201.050250903584,13130,"NJ",198.593936823451,193.345459492968,1.50539911338786,5.3035548813086,9.48265496729684,0,-3,0
"34019","Hunterdon County, New Jersey",2014,0.168539325842697,4.49564023493079,196.536319302442,3861,"NJ",195.546658301281,189.676368783228,1.50310809046862,5.28084724528585,8.25868149626424,0,-3,0
"34021","Mercer County, New Jersey",2014,0.153862989713285,4.50071333586409,189.406533429323,9619,"NJ",186.294829848937,184.094849640932,1.50423590329436,5.24389567556,9.17149558815261,0,-3,0
"34023","Middlesex County, New Jersey",2014,0.253932265835341,4.48124653747457,230.471710647508,21558,"NJ",230.643943819363,225.622356229065,1.49990125269594,5.44012812452514,9.97850225634157,0,-3,0
"34025","Monmouth County, New Jersey",2014,0.223372781065089,4.4824778499259,198.27727139284,18996,"NJ",196.114693231055,194.41767084287,1.50017598502948,5.28966641167399,9.85198370966901,0,-3,0
"34027","Morris County, New Jersey",2014,0.286318758815233,4.55074776587232,176.052099119809,16764,"NJ",174.551706776424,173.736541089666,1.5152915636076,5.17077996895974,9.72698900904496,0,-3,0
"34029","Ocean County, New Jersey",2014,0.488372093023256,4.44624626718431,210.23770735077,12546,"NJ",211.378410319153,207.696342850139,1.49206020473771,5.34823883032226,9.43715716865669,0,-3,0
"34031","Passaic County, New Jersey",2014,0.242718446601942,4.57531682472439,180.820825375405,11939,"NJ",180.565353768312,179.014565081793,1.5206759476356,5.19750662592332,9.38756563134539,0,-3,0
"34035","Somerset County, New Jersey",2014,0.156206415620642,4.46094841667364,203.481411391651,9909,"NJ",206.219220936026,205.511364044637,1.49536139290367,5.31557465619771,9.2011987140589,0,-3,0
"34039","Union County, New Jersey",2014,0.512097420285211,4.59352957188462,170.479621487805,13664,"NJ",169.970890439263,168.053018114216,1.52464869847608,5.13861576751458,9.52251991602835,0,-3,0
"35001","Bernalillo County, New Mexico",2014,0.346491228070175,4.63131664038505,167.361082577148,15775,"NM",167.396164262532,165.005571789284,1.53284119924566,5.12015364940934,9.66618168740941,0,-3,0
"36001","Albany County, New York",2014,0.267489711934156,4.57588110017141,182.03874976048,9398,"NY",183.391881419229,179.215390016222,1.52079927038577,5.20421957518638,9.14825217966276,0,-3,0
"36005","Bronx County, New York",2014,0.444444444444444,4.13403675524075,328.897778341186,17448,"NY",328.705168572872,328.887450412883,1.41925435218298,5.79574699835671,9.76698030788146,0,-3,0
"36011","Cayuga County, New York",2014,0.384615384615385,4.52401525551657,194.576537271474,1655,"NY",193.71192889681,188.597445113436,1.50939993037829,5.27082559347709,7.41155628781116,0,-3,0
"36023","Cortland County, New York",2014,0.333333333333333,4.49699797839028,198.475149756958,1023,"NY",204.976073701942,196.28556233346,1.50341005824217,5.29066390214904,6.93049476595163,0,-3,0
"36027","Dutchess County, New York",2014,0.284090909090909,4.4805237108169,209.435345895205,7474,"NY",208.94572881963,204.372184719813,1.49973993933057,5.34441508025314,8.91918561004543,0,-3,0
"36029","Erie County, New York",2014,0.655737704918033,4.62757414459754,173.443582285279,22559,"NY",170.842196728416,168.737297277068,1.53203278794062,5.15585237235809,10.0238893783884,0,-3,0
"36047","Kings County, New York",2014,0.363013698630137,4.42603741895429,217.304962473969,54569,"NY",218.36978644721,215.541937192765,1.48750469594339,5.38130172397341,10.9072212349253,0,-3,0
"36055","Monroe County, New York",2014,0.164179104477612,4.61956339822342,171.077485754336,17490,"NY",171.328935254997,168.598485473052,1.53030019807896,5.14211658693517,9.76938456801265,0,-3,0
"36059","Nassau County, New York",2014,0.320652173913043,4.45727467890281,193.350544001363,47775,"NY",193.679013833893,191.363801274613,1.49453752071764,5.26450483160695,10.7742577691085,0,-3,0
"36061","New York County, New York",2014,0.176696490582996,4.34697283954885,213.991813812894,105710,"NY",213.600561298704,212.689101342725,1.46947970389623,5.3659377610794,11.5684547747627,0,-3,0
"36067","Onondaga County, New York",2014,0.755555555555556,4.63384260438878,166.865227733023,11809,"NY",166.404468951277,162.995659053106,1.53338646004465,5.11718646703842,9.37661723160128,0,-3,0
"36069","Ontario County, New York",2014,0.0486111111111111,4.58359376095167,185.45402844702,2876,"NY",182.523793679011,180.569342143473,1.52248335440152,5.22280702625033,7.96415571884094,0,-3,0
"36071","Orange County, New York",2014,0.5,4.58310046586524,180.086879242949,9185,"NY",179.513643411641,177.259931345843,1.52237572670614,5.19343939690698,9.12532699764923,0,-3,0
"36079","Putnam County, New York",2014,0.189655172413793,4.35496851525643,233.829176128068,2874,"NY",233.885437531817,225.507391318092,1.47131738071609,5.45459083221915,7.96346006663897,0,-3,0
"36081","Queens County, New York",2014,0.248520710059172,4.39323936993804,228.360722160059,47442,"NY",223.821204268022,219.43218874629,1.48006685245478,5.43092649346651,10.767263191299,0,-3,0
"36087","Rockland County, New York",2014,0.172413793103448,4.50998991428206,181.126532902224,9532,"NY",182.399622352145,181.040396980108,1.50629491721099,5.19919586383333,9.16240983821863,0,-3,0
"36091","Saratoga County, New York",2014,0.295454545454545,4.51540194406897,193.423916016956,5194,"NY",189.926948245092,188.505801202272,1.50749420706356,5.26488423626811,8.55525939222269,0,-3,0
"36099","Seneca County, New York",2014,0.130434782608696,4.3695850038759,227.755063824475,716,"NY",233.781550422483,209.319007356308,1.47466803980994,5.4282707700289,6.57368016696065,0,-3,0
"36101","Steuben County, New York",2014,0.533333333333333,4.49559436583027,198.465480740558,1798,"NY",203.225735713346,197.780456030597,1.50309788739806,5.29061518445345,7.49443021503157,0,-3,0
"36103","Suffolk County, New York",2014,0.348101265822785,4.54786837776956,184.999459574709,48818,"NY",182.494032077481,178.684149295147,1.51465863478559,5.22035290385627,10.7958543762909,0,-3,0
"36109","Tompkins County, New York",2014,0.358974358974359,4.55335939048747,189.213390187499,2359,"NY",186.190566519057,195.46260492847,1.5158652881128,5.24287542677471,7.76599307940768,0,-3,0
"36119","Westchester County, New York",2014,0.416666666666667,4.47966015786877,188.337739527978,31627,"NY",185.173549182433,183.649375240683,1.49954718593098,5.23823683792843,10.3617664651369,0,-3,0
"36123","Yates County, New York",2014,0.15,4.28444184743681,227.570171530408,536,"NY",227.968991422026,213.205597820982,1.45499028625789,5.42745863711873,6.2841341610708,0,-3,0
"37019","Brunswick County, North Carolina",2014,0.513513513513513,4.35979632580348,253.384579723813,2297,"NC",255.054820415879,248.326962195733,1.47242534200454,5.5349084125382,7.7393592026891,0,-3,0
"37025","Cabarrus County, North Carolina",2014,0.401129943502825,4.55810381578339,183.51930880929,4057,"NC",182.428438789846,182.015916298423,1.51690670717302,5.2123198870776,8.30819906320645,0,-3,0
"37037","Chatham County, North Carolina",2014,0.237762237762238,4.52697186128099,175.785420633012,1334,"NC",174.861057035887,175.921002376441,1.51005325268036,5.16926405025923,7.19593722647557,0,-3,0
"37063","Durham County, North Carolina",2014,0.94347522679693,4.57067315890703,177.851844524612,6934,"NC",181.288252306803,181.636892765721,1.51966049360062,5.18095086957831,8.84419212624497,0,-3,0
"37067","Forsyth County, North Carolina",2014,0.575,4.61960727236131,168.382441450842,8243,"NC",169.90299744637,169.903414916146,1.53030969549803,5.12623782945306,9.01711963431323,0,-3,0
"37071","Gaston County, North Carolina",2014,0.0833333333333333,4.51869518321159,208.793649352957,3919,"NC",208.802202108004,196.629148745451,1.5082232758885,5.34134644056968,8.27359179819963,0,-3,0
"37081","Guilford County, North Carolina",2014,0.983606557377049,4.69383001541263,153.091504677491,13203,"NC",152.658515051332,152.158134863819,1.54624888361007,5.0310358124075,9.4881993554792,0,-3,0
"37097","Iredell County, North Carolina",2014,0.65,4.63533379508318,164.934958451414,4434,"NC",166.925685772301,163.594318502558,1.53370821262395,5.10555120498325,8.39705739017626,0,-3,0
"37101","Johnston County, North Carolina",2014,0.347826086956522,4.44566248493666,202.205593955252,3061,"NC",204.904728497507,197.069781999774,1.49192889834113,5.30928497165993,8.02649693894541,0,-3,0
"37119","Mecklenburg County, North Carolina",2014,0.408014571948998,4.61693233800573,159.267192255802,29253,"NC",157.42822173565,156.501917475064,1.52973048844795,5.07058324627551,10.2837374115032,0,-3,0
"37129","New Hanover County, North Carolina",2014,0.534883720930233,4.55408653883219,181.135467392009,6922,"NC",178.221911808387,175.93685116771,1.51602497027878,5.19924518995519,8.84246002419529,0,-3,0
"37141","Pender County, North Carolina",2014,0.620689655172414,4.28711232024376,236.867527318805,978,"NC",225.324467232815,226.685165915135,1.45561338746944,5.46750102839999,6.88550967003482,0,-3,0
"37179","Union County, North Carolina",2014,0.181818181818182,4.53929668402166,180.703110454127,4210,"NC",182.429506246282,182.542970767067,1.51277208463889,5.1968554108099,8.34521792667643,0,-3,0
"37183","Wake County, North Carolina",2014,0.69690063810392,4.53280481655691,181.239142119303,26735,"NC",181.906777508753,179.98555695588,1.51134091269435,5.1998173863917,10.1937288473828,0,-3,0
"38017","Cass County, North Dakota",2014,0.407407407407407,4.65730243927129,144.18267980339,5325,"ND",143.653370770462,146.096870050329,1.53843640483148,4.97108110531633,8.58016799057763,0,-3,0
"39017","Butler County, Ohio",2014,0.271428571428571,4.65485713938612,167.447031054091,7005,"OH",165.773428194791,162.781362284668,1.53791122054512,5.12066706874018,8.85437945877111,0,-3,0
"39025","Clermont County, Ohio",2014,1,4.53677604645903,184.153781536505,3523,"OH",182.318569214876,176.861266268457,1.51221663787193,5.2157711777685,8.16706817834124,0,-3,0
"39027","Clinton County, Ohio",2014,0.391304347826087,4.48164624631537,186.922860602721,723,"OH",184.220679012346,186.173989328696,1.49999044462331,5.230696021603,6.58340922215876,0,-3,0
"39035","Cuyahoga County, Ohio",2014,0.339233038348083,4.67947956183122,156.598888038573,33010,"OH",154.812755947772,153.652958594611,1.54318689900893,5.05368768288381,10.4045658248472,0,-3,0
"39041","Delaware County, Ohio",2014,0.128270580727505,4.52487429535007,191.085186092924,4225,"OH",189.81850218437,187.902489543043,1.50958979673288,5.25271932910449,8.34877453979127,0,-3,0
"39049","Franklin County, Ohio",2014,0.128965801400906,4.61806323373019,170.409884392083,27374,"OH",171.865303096807,170.515965723814,1.5299754037208,5.13820661970867,10.2173489367712,0,-3,0
"39055","Geauga County, Ohio",2014,0.254545454545455,4.52817245859975,178.222862770072,2742,"OH",175.354060141636,179.323134918274,1.51031842732217,5.18303480518019,7.91644286012226,0,-3,0
"39057","Greene County, Ohio",2014,0.115789473684211,4.41704555568498,219.851540858726,3040,"OH",213.288915956576,209.033291290658,1.48547104627752,5.3929525042842,8.01961279440027,0,-3,0
"39061","Hamilton County, Ohio",2014,0.193962748876044,4.67740856552599,157.646528266635,20935,"OH",153.254732387957,151.307860070469,1.54274423125212,5.06035536397018,9.94917767845324,0,-3,0
"39085","Lake County, Ohio",2014,0.252427184466019,4.59489025424209,170.31574712967,5998,"OH",166.632255050169,170.51622001556,1.52494487178839,5.13765405039131,8.69918135930895,0,-3,0
"39089","Licking County, Ohio",2014,0.479166666666667,4.59463186473718,185.937877526913,2895,"OH",189.582742324281,182.477680236009,1.52488863611005,5.22541262613473,7.9707403900071,0,-3,0
"39095","Lucas County, Ohio",2014,0.380952380952381,4.61355711289286,182.550563839774,9634,"OH",182.179965969337,181.761674003772,1.52899916747494,5.20702719678367,9.17305378719017,0,-3,0
"39097","Madison County, Ohio",2014,0.153846153846154,4.38072090279188,195.216759401794,682,"OH",189.72549980743,196.509526075775,1.47721330052347,5.2741105278846,6.52502965784346,0,-3,0
"39103","Medina County, Ohio",2014,0.347826086956522,4.62994813812898,161.371372810356,3986,"OH",159.476016160578,154.778446314007,1.53254566676737,5.08370837213871,8.29054350077274,0,-3,0
"39109","Miami County, Ohio",2014,0.0909090909090909,4.59704483933488,174.290668144113,2099,"OH",171.77435616818,168.980196893357,1.52541367081935,5.16072441204574,7.64921631982063,0,-3,0
"39113","Montgomery County, Ohio",2014,0.233830845771144,4.63149198261112,175.557289633413,11457,"OH",173.232096083584,169.535027149771,1.5328790586538,5.16796542629469,9.34635617589363,0,-3,0
"39133","Portage County, Ohio",2014,0.347826086956522,4.64345444182893,169.894324766543,3005,"OH",170.47360542449,166.98007064917,1.53545858101511,5.13517662474472,8.00803284696931,0,-3,0
"39153","Summit County, Ohio",2014,0.209944751381215,4.68656400851845,155.35102311873,13420,"OH",152.7668575392,153.282969432555,1.54469969317546,5.04568722171199,9.50450141052567,0,-3,0
"39159","Union County, Ohio",2014,0.197633136094675,4.49898535915918,185.25989201305,997,"OH",182.480631667533,189.363199165853,1.50385189561039,5.22175966093167,6.90475076996184,0,-3,0
"39165","Warren County, Ohio",2014,0.242647058823529,4.57383984857485,172.75314845401,4062,"OH",177.83035665924,176.363786507222,1.52035308155841,5.15186368797524,8.30943074214033,0,-3,0
"40109","Oklahoma County, Oklahoma",2014,0.701754385964912,4.60971114415918,166.079346400722,23290,"OK",164.361971253571,164.588639950667,1.52816519651163,5.11246566452134,10.0557793628784,0,-3,0
"40139","Texas County, Oklahoma",2014,0.285714285714286,4.17958940813622,225.490694169249,486,"OK",215.919779629132,222.933128778204,1.4302130139934,5.41827889054907,6.18620862390049,0,-3,0
"40143","Tulsa County, Oklahoma",2014,0.449275362318841,4.67168249874026,155.658663956795,18606,"OK",155.713289896267,154.952809882626,1.54151928489907,5.04766555840816,9.8312393883285,0,-3,0
"41005","Clackamas County, Oregon",2014,0.368932038834951,4.62918125144171,163.311652786601,11217,"OR",163.56474327652,162.483054347919,1.53238001691915,5.09566035558487,9.32518576364522,0,-3,0
"41051","Multnomah County, Oregon",2014,0.404145077720207,4.64383221055565,181.273839549168,25808,"OR",180.895699738766,178.723812030923,1.53553993281162,5.2000088136328,10.158439800365,0,-3,0
"41067","Washington County, Oregon",2014,0.457142857142857,4.61454048695073,165.090601997235,14668,"OR",164.881373250959,163.835016230513,1.52921229353932,5.10649442621223,9.59342352919122,0,-3,0
"42003","Allegheny County, Pennsylvania",2014,0.171612903225806,4.62150529922056,167.40378591167,33605,"PA",165.9140625,163.512570551306,1.53072047436719,5.12040877375944,10.4224301444041,0,-3,0
"42007","Beaver County, Pennsylvania",2014,0.0314245810055866,4.54528593607329,178.975581806221,3446,"PA",175.577613376285,174.829721662915,1.5140906378779,5.18724938204507,8.14496941708788,0,-3,0
"42011","Berks County, Pennsylvania",2014,0.531914893617021,4.64970659695994,170.805373508903,8284,"PA",172.914158925258,171.897730223627,1.53680412018057,5.14052474168455,9.02208122251547,0,-3,0
"42017","Bucks County, Pennsylvania",2014,0.217391304347826,4.63045056445422,163.499901889566,18965,"PA",162.829251526185,161.322971191524,1.53265417750041,5.09681239027331,9.850350454123,0,-3,0
"42019","Butler County, Pennsylvania",2014,0.352941176470588,4.64803032945407,155.966826581436,4815,"PA",159.067195829982,156.829331558745,1.53644354479813,5.0496433345173,8.47949132423223,0,-3,0
"42029","Chester County, Pennsylvania",2014,0.224426534407936,4.59296462837719,166.846913760534,14018,"PA",166.293366001182,165.660407619647,1.52452570411156,5.11707670793631,9.54809749706027,0,-3,0
"42041","Cumberland County, Pennsylvania",2014,0.503030303030303,4.58223612273876,168.701584142201,5813,"PA",171.182998264755,167.681436387338,1.52218711538332,5.12813137979948,8.66785206770135,0,-3,0
"42043","Dauphin County, Pennsylvania",2014,0.9,4.61323499216872,169.200136029087,6718,"PA",169.965316790726,167.732351397156,1.52892934456778,5.13108225112621,8.81254577017224,0,-3,0
"42045","Delaware County, Pennsylvania",2014,0.697368421052632,4.55451885605745,174.63333002055,12674,"PA",172.519629317185,172.903111454203,1.51611989528801,5.16268851877613,9.44730792988346,0,-3,0
"42069","Lackawanna County, Pennsylvania",2014,0.375,4.60274162190298,175.95262207062,5379,"PA",178.686900406148,179.545203847032,1.52665213071627,5.1702147660187,8.59025776227324,0,-3,0
"42071","Lancaster County, Pennsylvania",2014,1,4.65131411550025,163.420961550146,12419,"PA",161.319259346014,161.141578876328,1.53714978515778,5.09632945785888,9.42698283694803,0,-3,0
"42077","Lehigh County, Pennsylvania",2014,0.333333333333333,4.63161193656349,166.721437282569,8449,"PA",166.990326774036,163.653454260155,1.53290495795352,5.11632437946456,9.04180337015285,0,-3,0
"42091","Montgomery County, Pennsylvania",2014,0.191616766467066,4.61204533819309,161.28692789968,25981,"PA",160.029323090953,158.890037841516,1.52867143284269,5.08318493968762,10.1651207806309,0,-3,0
"42095","Northampton County, Pennsylvania",2014,0.270833333333333,4.59530980594845,184.705141957041,6239,"PA",186.160574904563,184.615624380647,1.52503617593931,5.21876072632521,8.73857519211079,0,-3,0
"42101","Philadelphia County, Pennsylvania",2014,0.0301925696822416,4.47196362442975,227.52777749458,27373,"PA",229.717353421453,225.774364403655,1.49782760174766,5.42727232981482,10.2173124050891,0,-3,0
"42125","Washington County, Pennsylvania",2014,0.2109375,4.62695637956756,159.387073801252,5087,"PA",158.997071050642,156.941672992181,1.53189928251227,5.07133567022759,8.53444354482276,0,-3,0
"42129","Westmoreland County, Pennsylvania",2014,0.127572016460905,4.64072842040397,164.164095225888,8676,"PA",162.255032951621,162.43203306966,1.534871341073,5.10086650822271,9.06831587194677,0,-3,0
"42133","York County, Pennsylvania",2014,0.0878378378378378,4.63101365348547,174.514518151385,8618,"PA",174.752400170389,175.317842730029,1.53277577577444,5.16200793675695,9.06160831817578,0,-3,0
"44003","Kent County, Rhode Island",2014,1,4.55622726568943,186.917766425898,4668,"RI",187.450270839362,185.416962799591,1.51649492706459,5.23066876840227,8.44848599340645,0,-3,0
"44007","Providence County, Rhode Island",2014,0.53475935828877,4.61158203051307,180.356783270038,15552,"RI",179.562775402749,176.818444099682,1.52857097178504,5.19493701834193,9.65194452670022,0,-3,0
"45019","Charleston County, South Carolina",2014,0.317073170731707,4.57548991529572,182.220469590381,12358,"SC",180.201021979876,180.299053009857,1.5207137783048,5.2052173253342,9.42205890562093,0,-3,0
"45045","Greenville County, South Carolina",2014,0.482758620689655,4.61125406380979,174.120377798942,12311,"SC",171.718657518309,173.528862755063,1.52849985120996,5.15974688644364,9.41824845064762,0,-3,0
"45057","Lancaster County, South Carolina",2014,0.380952380952381,4.37139186097636,227.850351581721,1255,"SC",224.669483945417,224.366565629416,1.4750814620519,5.42868906074895,7.13489085156588,0,-3,0
"45079","Richland County, South Carolina",2014,0.229050279329609,4.5580232954755,183.347497033766,8754,"SC",180.282588500635,178.610576413547,1.51688904170896,5.21138324312209,9.07726601775084,0,-3,0
"45083","Spartanburg County, South Carolina",2014,0.425,4.65074150352726,171.906261461487,6142,"SC",170.291992487984,172.743107719221,1.53702667001051,5.14694933674862,8.72290570100077,0,-3,0
"45091","York County, South Carolina",2014,0.538461538461538,4.58007667260398,179.072533808526,4630,"SC",178.347193871128,177.540794480304,1.5217157387292,5.18779094057001,8.44031214708028,0,-3,0
"46065","Hughes County, South Dakota",2014,0.242424242424242,4.51242277117872,160.973370064279,660,"SD",165.530398675757,164.127598686979,1.50683420909232,5.08123894797637,6.49223983502047,0,-3,0
"46119","Sully County, South Dakota",2014,0.242424242424242,3.64066380509578,306.122448979592,70,"SD",323.01180663845,319.979843789368,1.29216602905965,5.72398518197372,4.24849524204936,0,-3,0
"47001","Anderson County, Tennessee",2014,1,4.46849165177254,196.355448615357,1505,"TN",195.599982912555,188.823547735019,1.49705091359823,5.27992653014427,7.31654817718298,0,-3,0
"47037","Davidson County, Tennessee",2014,0.601279317697228,4.67007400849247,161.652210219661,18605,"TN",158.379296263721,155.58344448892,1.54117491919816,5.08544717694936,9.83118564078072,0,-3,0
"47047","Fayette County, Tennessee",2014,0.333333333333333,4.31460549282944,224.522382621215,581,"TN",219.700124947938,217.717003567182,1.4620058934332,5.41397540208439,6.36475075685191,0,-3,0
"47065","Hamilton County, Tennessee",2014,0.285714285714286,4.63799113253555,176.709999211716,8736,"TN",176.627055242362,173.13373779793,1.53428132691593,5.17450996635908,9.07520769798469,0,-3,0
"47093","Knox County, Tennessee",2014,1,4.60253822979671,170.769413620281,10952,"TN",170.387027004721,169.72212698212,1.52660794040167,5.14031418815361,9.30127736696828,0,-3,0
"47157","Shelby County, Tennessee",2014,0.401709401709402,4.62522853720079,163.961647098489,19369,"TN",161.074455170102,160.869554001432,1.5315257831924,5.09963254131933,9.87142912884224,0,-3,0
"47187","Williamson County, Tennessee",2014,0.478632478632479,4.53206398195782,170.316407561168,6324,"TN",170.222301243585,173.290806106348,1.51117746088557,5.13765792807278,8.75210719832936,0,-3,0
"48029","Bexar County, Texas",2014,0.284552845528455,4.57847806896368,186.033360740397,34426,"TX",186.00777264605,185.788948769363,1.52136664354952,5.22592601644967,10.4465673718315,0,-3,0
"48039","Brazoria County, Texas",2014,0.541666666666667,4.56949310674572,187.87696912501,5158,"TX",183.124400884604,178.72659013164,1.51940228119319,5.23578732905619,8.54830418644129,0,-3,0
"48041","Brazos County, Texas",2014,0.805342567400445,4.54868178744185,186.760410936235,4095,"TX",187.601131291329,183.072268370337,1.51483747394102,5.22982657044426,8.31752199628717,0,-3,0
"48057","Calhoun County, Texas",2014,0.636363636363636,4.32420558167976,210.768252726295,429,"TX",208.869659275284,211.871748011781,1.46422844297603,5.35075920156012,6.06145691892802,0,-3,0
"48085","Collin County, Texas",2014,0.178919631093544,4.4061563126252,222.49877270409,20595,"TX",218.675970918079,216.149056826847,1.48300272496946,5.40492158565441,9.93280360687018,0,-3,0
"48113","Dallas County, Texas",2014,0.308264862252296,4.63854062780908,163.401527543286,63419,"TX",162.858695902912,160.459139789564,1.53439979689768,5.09621053087233,11.0575187800715,0,-3,0
"48121","Denton County, Texas",2014,0.181223134036733,4.53974692538697,194.627923498531,13057,"TX",191.746891346568,187.272326963806,1.51287126719271,5.2710896512284,9.47707966740804,0,-3,0
"48141","El Paso County, Texas",2014,0.25,4.58676808865521,186.87233402985,13879,"TX",185.306745189861,184.471977802753,1.52317565594477,5.23042567798219,9.53813218535584,0,-3,0
"48157","Fort Bend County, Texas",2014,0.147079037800687,4.49574030809532,197.120486348329,11330,"TX",196.365290565142,192.192537101586,1.50313035026822,5.28381514761245,9.33520935402205,0,-3,0
"48167","Galveston County, Texas",2014,0.25,4.56191064917903,197.250594609356,5461,"TX",197.650621957815,194.031642087561,1.51774153778241,5.28447497421754,8.60538720215215,0,-3,0
"48185","Grimes County, Texas",2014,0.318181818181818,4.32939116018258,196.964723113053,398,"TX",197.408333131112,190.548584091319,1.46542692247033,5.28302464221083,5.98645200528444,0,-3,0
"48201","Harris County, Texas",2014,0.31276031806134,4.65704584983809,162.66238063215,97402,"TX",162.151351558,161.254852147413,1.53838130931104,5.09167676826506,11.4866020233007,0,-3,0
"48215","Hidalgo County, Texas",2014,0.636363636363636,4.50807721890561,188.334744253767,11775,"TX",191.912178645149,193.421615788966,1.50587072533553,5.23822093406319,9.37373391888462,0,-3,0
"48245","Jefferson County, Texas",2014,0.150793650793651,4.58068746605625,184.332154511456,5610,"TX",184.334916879226,184.259054663374,1.52184908862096,5.21673931777839,8.63230599851674,0,-3,0
"48339","Montgomery County, Texas",2014,0.282828282828283,4.59745172933568,169.113075384146,10268,"TX",168.960445929435,167.053592746981,1.52550217811239,5.13056757629871,9.23678754199103,0,-3,0
"48375","Potter County, Texas",2014,NA,4.5892565895617,178.995901428357,3621,"TX",179.788310793595,183.102899410131,1.52371804789657,5.18736290853033,8.19450550976564,0,-3,0
"48381","Randall County, Texas",2014,NA,4.52033816581395,178.153431648301,2461,"TX",178.667442947628,178.554788058102,1.50858680649117,5.18264515455676,7.80832305039106,0,-3,0
"48439","Tarrant County, Texas",2014,0.338485316846986,4.64497999821163,170.15194065146,39602,"TX",170.06369535604,168.619356780045,1.53578706616646,5.13669180641499,10.5866349010177,0,-3,0
"48453","Travis County, Texas",2014,0.246202200104767,4.57638040215646,174.699853795277,32155,"TX",174.399125550037,173.753559869897,1.52090838046429,5.16306938024943,10.378323238569,0,-3,0
"48473","Waller County, Texas",2014,0.454545454545455,4.55895054982776,155.684874565993,715,"TX",154.338611668826,147.731138545953,1.5170924544578,5.04783392939402,6.57228254269401,0,-3,0
"48491","Williamson County, Texas",2014,0.422727272727273,4.52927280853402,183.156169458496,9243,"TX",187.001394560906,185.662712667827,1.51056139869152,5.21033917393456,9.13162178726478,0,-3,0
"49035","Salt Lake County, Utah",2014,0.339563862928349,4.63991690445329,157.701563654026,30283,"UT",155.558948865668,153.328073387241,1.53469645755481,5.06070440929096,10.318341777941,0,-3,0
"49049","Utah County, Utah",2014,0.43125,4.55989644771965,169.821594583844,11735,"UT",167.093424445377,165.978654002163,1.51729991443504,5.13474844237429,9.37033110828512,0,-3,0
"49051","Wasatch County, Utah",2014,0.172413793103448,4.29409138971329,219.718093073093,822,"UT",228.775783148995,226.42431237407,1.45723998234918,5.39234532954131,6.71174039505618,0,-3,0
"50007","Chittenden County, Vermont",2014,0.166666666666667,4.65088128024587,153.171066887145,5542,"VT",154.653996768628,149.412782628834,1.53705672427564,5.03155538103149,8.62011072542292,0,-3,0
"51003","Albemarle County, Virginia",2014,0.361111111111111,4.52951792141679,167.973743266068,2622,"VA",172.316116885512,173.371844865171,1.51061551471873,5.12380767710576,7.87169266432365,0,-3,0
"51013","Arlington County, Virginia",2014,0.265734265734266,4.08108550512218,354.704892872787,6304,"VA",356.120164536882,352.856372289587,1.40636300820667,5.87128615608192,8.74893963153771,0,-3,0
"51041","Chesterfield County, Virginia",2014,0.257142857142857,4.48971758085272,182.356098269628,7040,"VA",181.990546681039,178.583880718198,1.50178980018853,5.20596135935866,8.85936344915209,0,-3,0
"51059","Fairfax County, Virginia",2014,0.121125043538837,4.21238722566043,326.489342155504,30088,"VA",320.538205425006,314.947940722178,1.43802952396355,5.78839730547468,10.3118817001502,0,-3,0
"51075","Goochland County, Virginia",2014,0.969465648854962,4.40857101826143,195.381349142766,632,"VA",195.403662829793,193.727688480623,1.48355060480873,5.27495328542547,6.44888939414686,0,-3,0
"51085","Hanover County, Virginia",2014,0.139130434782609,4.50453131386662,190.291611494346,3063,"VA",188.278405710886,187.305158040175,1.50508384877054,5.24855769290145,8.02715010683277,0,-3,0
"51087","Henrico County, Virginia",2014,0.522041763341067,4.55171203068933,167.32965143699,8999,"VA",167.023933445519,164.994155277714,1.51550343267204,5.11996582741694,9.10486873903395,0,-3,0
"51107","Loudoun County, Virginia",2014,0.138177486599166,4.21478126304257,367.177626451117,9470,"VA",355.244099120819,336.600601230969,1.43859769521816,5.905845726746,9.15588418618012,0,-3,0
"51153","Prince William County, Virginia",2014,0.197916666666667,4.32897554664519,228.629567178443,7653,"VA",227.416458823147,228.591078347838,1.46533091971328,5.43210308323514,8.94285300680992,0,-3,0
"51161","Roanoke County, Virginia",2014,0.45,4.492563447673,176.115749830629,2014,"VA",172.116077310986,171.347659569422,1.50242346259711,5.17114144836056,7.60787807327851,0,-3,0
"51181","Surry County, Virginia",2014,0.212121212121212,3.47334611788283,439.111111111111,75,"VA",390.796201607012,354.27319211103,1.24511842842274,6.08475248153154,4.31748811353631,0,-3,0
"51183","Sussex County, Virginia",2014,0.193548387096774,3.97478707009936,290.565213320433,179,"VA",267.81064115567,275.958706282708,1.37997117940092,5.67182803757174,5.18738580584075,0,-3,0
"51510","Alexandria city, Virginia",2014,0.259259259259259,4.26252004455056,258.161121212238,4651,"VA",260.044306694118,262.281734529488,1.44986054513243,5.55358389082475,8.4448375292241,0,-3,0
"51540","Charlottesville city, Virginia",2014,0.371428571428571,4.41221919390081,242.340149472014,2027,"VA",231.567340848815,233.882276704698,1.48437778145836,5.49034231558958,7.614312146452,0,-3,0
"51550","Chesapeake city, Virginia",2014,0.114285714285714,4.50265571663196,187.860503576715,5307,"VA",188.83692419038,188.897559126721,1.50466738195233,5.23569968515851,8.57678198282789,0,-3,0
"51600","Fairfax city, Virginia",2014,0.114241001564945,4.04239107080744,357.94405678779,2230,"VA",359.601975655284,361.145472590501,1.39683636610915,5.88037670823401,7.70975686445416,0,-3,0
"51610","Falls Church city, Virginia",2014,0.00285001781261133,4.15072897515444,304.905290431007,845,"VA",299.130872770919,307.299371301775,1.4232839754805,5.72000120520808,6.73933662735717,0,-3,0
"51683","Manassas city, Virginia",2014,0.0454545454545455,4.28725090826224,225.123365205499,1438,"VA",223.70447508698,222.936391776303,1.45564571360604,5.4166485417507,7.27100853828099,0,-3,0
"51685","Manassas Park city, Virginia",2014,0.0434782608695652,3.7339999693083,420.894255622854,322,"VA",389.6484375,390.426638917794,1.31748003690001,6.04238162784033,5.77455154554441,0,-3,0
"51740","Portsmouth city, Virginia",2014,0.0606060606060606,4.42769681993935,215.637600201385,1658,"VA",218.149859468678,214.934393218439,1.48787954365391,5.37359922179489,7.41336733569524,0,-3,0
"51760","Richmond city, Virginia",2014,0.553191489361702,4.57206233638048,188.046121328139,6036,"VA",185.19625084657,178.38045616132,1.51996438021855,5.2366872589559,8.70549681988774,0,-3,0
"51770","Roanoke city, Virginia",2014,0.545454545454545,4.59884739594322,173.712544182003,3132,"VA",177.228794727406,184.534261204829,1.52580570599882,5.15740188815247,8.04942705711069,0,-3,0
"51800","Suffolk city, Virginia",2014,0.108108108108108,4.39788799076001,218.670156849368,1516,"VA",219.636621427649,218.865843148521,1.48112442358633,5.38756446134998,7.32383056620232,0,-3,0
"53011","Clark County, Washington",2014,0.818181818181818,4.57883204792713,168.264183785128,9855,"WA",169.152008650875,168.210046051226,1.52144395423554,5.12553526681489,9.19573421958682,0,-3,0
"53033","King County, Washington",2014,1,4.60123695124877,176.372655787476,65108,"WA",175.651792637394,173.388155585645,1.52632516979265,5.17259911901435,11.0838027085114,0,-3,0
"53053","Pierce County, Washington",2014,0.702702702702703,4.54834796796772,187.301218100602,16594,"WA",187.583067901029,187.37188482988,1.51476408306878,5.23271811290248,9.71679646322423,0,-3,0
"53061","Snohomish County, Washington",2014,0.23463687150838,4.52267074803406,196.963906867205,17488,"WA",195.708539986529,190.209940128782,1.50910269280601,5.28302049808022,9.76927021041632,0,-3,0
"53063","Spokane County, Washington",2014,0.476190476190476,4.65657563920985,158.379449609909,12379,"WA",161.648148393272,161.129280028778,1.53828033663802,5.06499373365253,9.42375676753181,0,-3,0
"53067","Thurston County, Washington",2014,0.0275590551181102,4.52309507150914,188.317593159478,5909,"WA",189.806574073881,191.295769905662,1.50919650984348,5.23812986284128,8.68423189134568,0,-3,0
"54039","Kanawha County, West Virginia",2014,0.488372093023256,4.58226093177223,176.701982576622,5075,"WV",174.729045197698,175.733894677631,1.5221925295448,5.17446459927754,8.53208180390999,0,-3,0
"55025","Dane County, Wisconsin",2014,0.961783439490446,4.65033339066718,159.630823743463,13583,"WI",160.472106047901,158.101869187305,1.53693891394684,5.07286379759298,9.51657428982249,0,-3,0
"55073","Marathon County, Wisconsin",2014,1,4.68011616325048,150.889480319372,3245,"WI",150.425258522733,151.480100961392,1.54332293082888,5.01654765041712,8.08487062913819,0,-3,0
"55079","Milwaukee County, Wisconsin",2014,0.475961538461538,4.6573782722591,160.427767998605,19403,"WI",159.117232369104,156.275171625468,1.53845268729787,5.07784379764765,9.87318297227127,0,-3,0
"55089","Ozaukee County, Wisconsin",2014,0.19047619047619,4.63195220110746,154.210909090909,2750,"WI",156.72631713363,153.494030681947,1.53297842094013,5.03832120500107,7.91935619066062,0,-3,0
"55101","Racine County, Wisconsin",2014,0.153846153846154,4.66131947976699,151.62718827143,3990,"WI",153.199414156208,150.301344032774,1.5392985582227,5.02142479928822,8.29154650988391,0,-3,0
"55133","Waukesha County, Wisconsin",2014,0.137931034482759,4.67965349069236,146.588704826349,12396,"WI",147.210386256208,145.609141523521,1.54322406673808,4.987630738915,9.42512911890764,0,-3,0
"55141","Wood County, Wisconsin",2014,0.9,4.61549308424943,165.228138714898,1767,"WI",165.562445688782,161.017628063339,1.52941870607178,5.10732717778615,7.4770384723197,0,-3,0
"01017","Chambers County, Alabama",2015,0.22,4.10223105818157,305.201124567474,544,"AL",308.037270010455,323.486328125,1.4115309862407,5.7209709840938,6.29894924685594,0,-2,0
"01073","Jefferson County, Alabama",2015,0.65,4.5858481869783,177.921104053727,16353,"AL",173.826391855972,174.303506393509,1.52297508030694,5.18134021638091,9.70216664573239,0,-2,0
"01081","Lee County, Alabama",2015,0.209876543209877,4.49724094931047,219.085907045143,2661,"AL",215.133222126229,216.51619389807,1.50346408636444,5.38946392251141,7.88645727097769,0,-2,0
"01087","Macon County, Alabama",2015,0.242424242424242,3.9582814029973,299.583581201666,205,"AL",278.065793194458,312.387181719722,1.37580994192375,5.70239344774371,5.32300997913841,0,-2,0
"01089","Madison County, Alabama",2015,0.285714285714286,4.48104514395021,196.500854687848,8211,"AL",197.869063902464,197.14368548152,1.49985631027908,5.28066678085633,9.01322999770879,0,-2,0
"01101","Montgomery County, Alabama",2015,0.22972972972973,4.60161750146398,170.887494668702,5563,"AL",171.168313059174,170.404402748121,1.52640787244048,5.14100541406041,8.62389281007529,0,-2,0
"01117","Shelby County, Alabama",2015,0.28,4.55066671988222,168.679436213439,4976,"AL",164.883368639613,165.001837852118,1.51527375407036,5.12800008652892,8.51238163441901,0,-2,0
"04013","Maricopa County, Arizona",2015,1,4.58554164933948,175.588419960189,88802,"AZ",172.016276441686,172.631754693233,1.52290823381052,5.16814273346951,11.3941644512492,0,-2,0
"04019","Pima County, Arizona",2015,0.475,4.58291619126794,173.314653547664,20134,"AZ",172.003662390944,171.320330262758,1.52233551848829,5.15510874910573,9.91016520728937,0,-2,0
"04021","Pinal County, Arizona",2015,1,4.57720881784227,177.975244800312,3367,"AZ",172.89268951901,176.960230117268,1.52108938393039,5.18164446646483,8.12177741916107,0,-2,0
"05007","Benton County, Arkansas",2015,0.863636363636364,4.3927579952027,269.878433933753,5759,"AR",290.886515980681,289.150481504939,1.47995727474474,5.597971612918,8.65851912750667,0,-2,0
"05119","Pulaski County, Arkansas",2015,0.299539170506912,4.59045131339854,171.630670619011,12046,"AR",171.117178353069,170.931285891231,1.52397834459799,5.145344904294,9.39648793360367,0,-2,0
"06001","Alameda County, California",2015,0.200784826684107,4.61683639928781,189.85651756639,38656,"CA",188.396760343438,183.928718600945,1.52970970847811,5.24626861617224,10.5624572812945,0,-2,0
"06013","Contra Costa County, California",2015,0.151996565049377,4.5026459565735,188.642518234749,23097,"CA",187.42105240951,186.501791580644,1.50466521432735,5.23985378612081,10.0474580179462,0,-2,0
"06017","El Dorado County, California",2015,0.13,4.45043182198449,205.185666937371,4321,"CA",198.531363478634,194.837241435273,1.4930011301184,5.32391526162396,8.37124213593193,0,-2,0
"06019","Fresno County, California",2015,0.5,4.56635413496742,188.410058673411,16334,"CA",189.402884520757,186.397526765916,1.51871510422563,5.23862075070333,9.70100410391822,0,-2,0
"06029","Kern County, California",2015,0.96,4.55617789971912,197.936516165104,12632,"CA",198.068011004341,193.009108934672,1.51648409217097,5.28794635385445,9.44398855593548,0,-2,0
"06037","Los Angeles County, California",2015,0.287047619047619,4.61694691205801,174.351340985729,264367,"CA",172.752132278379,170.495855093215,1.52973364509574,5.16107246443552,12.4850935682776,0,-2,0
"06041","Marin County, California",2015,0.31740614334471,4.48421600672144,186.997759155595,9865,"CA",186.090015088044,185.074390907575,1.50056367682427,5.23109663365763,9.19674841845672,0,-2,0
"06053","Monterey County, California",2015,0.275862068965517,4.51420937389344,204.107274324174,8516,"CA",197.136541085899,198.367431026316,1.50723006054817,5.31864571016144,9.04970202601337,0,-2,0
"06059","Orange County, California",2015,0.306522473808719,4.57791799290455,181.334402362282,92600,"CA",180.292147371779,178.74873834071,1.52124430806817,5.20034285355069,11.4360444206343,0,-2,0
"06061","Placer County, California",2015,0.425,4.47019746396763,192.542299774532,10100,"CA",188.896202006833,187.556090419097,1.49743258303403,5.26031586867722,9.22029070282935,0,-2,0
"06065","Riverside County, California",2015,0.397849462365591,4.57654218423048,190.920840898041,36429,"CA",189.103669149064,190.067187073864,1.52094373137489,5.25185889658034,10.5031204397219,0,-2,0
"06067","Sacramento County, California",2015,0.153236459709379,4.54599440247084,186.898216193381,28384,"CA",188.127371338126,184.229463893113,1.51424649412093,5.2305641702393,10.2535808851093,0,-2,0
"06071","San Bernardino County, California",2015,0.307443365695793,4.66745236128131,177.752197768928,33713,"CA",175.423821875041,173.700872720387,1.54061338990738,5.18039043298907,10.425638798632,0,-2,0
"06073","San Diego County, California",2015,0.594368340943683,4.57940170130681,180.804908227914,81498,"CA",179.12873600491,176.85490399805,1.52156835669043,5.19741859486788,11.3083337590505,0,-2,0
"06075","San Francisco County, California",2015,1,4.40688211128178,239.202743927893,33827,"CA",238.922737493695,234.831789592798,1.4831674351689,5.47731149328114,10.429014579155,0,-2,0
"06077","San Joaquin County, California",2015,0.322033898305085,4.59925619227194,186.293061572836,11021,"CA",184.223726167229,179.84368461691,1.52589459308844,5.22732103361199,9.30755782269154,0,-2,0
"06081","San Mateo County, California",2015,0.1923828125,4.53980286948578,189.35242499649,20985,"CA",186.187025802823,183.037326335524,1.51288359029244,5.24360996121848,9.95156317576769,0,-2,0
"06083","Santa Barbara County, California",2015,0.434343434343434,4.59975694660916,179.815443728318,11421,"CA",178.349678024104,176.983737244898,1.52600346440543,5.1919310122772,9.34320904505061,0,-2,0
"06085","Santa Clara County, California",2015,0.273358611055677,4.46988743996742,215.351320677795,47601,"CA",212.286870765487,210.649056451216,1.49736322709308,5.37227074418526,10.7706090484022,0,-2,0
"06087","Santa Cruz County, California",2015,0.444444444444444,4.54833529602331,190.5237627223,6942,"CA",188.75368993943,188.878890430935,1.5147612970106,5.24977692548727,8.84534519642173,0,-2,0
"06095","Solano County, California",2015,0.196078431372549,4.56070596214604,195.257439847748,6832,"CA",192.21467382305,191.938445841057,1.51747742780359,5.27431889220767,8.82937273546841,0,-2,0
"06097","Sonoma County, California",2015,0.417582417582418,4.60864587959531,176.486973991997,13696,"CA",173.661120828287,172.041178583141,1.52793407841415,5.17324707190481,9.52485909838152,0,-2,0
"06111","Ventura County, California",2015,0.185022026431718,4.62020408257222,173.136832661098,20568,"CA",173.951352446457,173.649543112907,1.53043887783495,5.15408222210695,9.93149174894573,0,-2,0
"08001","Adams County, Colorado",2015,0.461538461538462,4.63066250630785,166.522581556101,9202,"CO",163.530269569022,161.001100616524,1.53269994777706,5.11513092518583,9.12717613071541,0,-2,0
"08005","Arapahoe County, Colorado",2015,0.266331658291457,4.51737741471031,174.613216127923,18115,"CO",172.351543564179,172.653169445486,1.5079316074681,5.16257333428614,9.80449560332918,0,-2,0
"08013","Boulder County, Colorado",2015,0.335195530726257,4.47532977730375,204.449967647178,12053,"CO",201.64992186525,200.911016669098,1.49858004226384,5.32032328856744,9.39706887058834,0,-2,0
"08014","Broomfield County, Colorado",2015,0.366666666666667,4.44408087250794,197.067193252396,1937,"CO",202.006625409453,199.37530032166,1.4915730697459,5.28354475308205,7.568895663407,0,-2,0
"08031","Denver County, Colorado",2015,0.386167146974063,4.57754598110636,182.670499375798,24244,"CO",179.18124101718,177.27806812636,1.52116304254204,5.20768398004408,10.0959244430712,0,-2,0
"08035","Douglas County, Colorado",2015,0.205741626794258,4.38266656491922,211.211628206887,8662,"CO",211.8917158976,213.019979559839,1.47765734391799,5.35286060811424,9.06670092177457,0,-2,0
"08041","El Paso County, Colorado",2015,0.333333333333333,4.52254781859582,175.859848250774,16504,"CO",173.677540531035,174.506543579784,1.50907551171861,5.16968736105258,9.71135805475109,0,-2,0
"08059","Jefferson County, Colorado",2015,0.575,4.49674964238812,185.967900847489,16815,"CO",185.082007867972,184.89983959311,1.5033548340992,5.22557408273146,9.73002662417437,0,-2,0
"08069","Larimer County, Colorado",2015,0.8,4.56813397475434,172.788487060948,10283,"CO",172.40304690556,171.662094192958,1.51910480089787,5.15206822834566,9.23824732522919,0,-2,0
"08123","Weld County, Colorado",2015,0.375,4.60891779172404,166.032724572817,5824,"CO",163.806253228306,161.169196411542,1.5279930771124,5.11218490490863,8.66974258987652,0,-2,0
"09001","Fairfield County, Connecticut",2015,0.357766143106457,4.57102378970857,177.554707452455,27143,"CT",177.568118753283,177.142506966188,1.51973720382273,5.17927877242796,10.2088744652314,0,-2,0
"09003","Hartford County, Connecticut",2015,0.0623548922056385,4.633379326734,169.904127790641,22678,"CT",167.581740401922,167.779283784558,1.53328647805251,5.1352343237956,10.0291505705318,0,-2,0
"09007","Middlesex County, Connecticut",2015,0.263157894736842,4.60180548206669,179.912801327159,4198,"CT",179.911645679511,178.334134608679,1.52644872259006,5.19247229644133,8.34236350038058,0,-2,0
"09009","New Haven County, Connecticut",2015,0.320388349514563,4.61710001522772,186.435484466329,19559,"CT",185.542181316671,184.116612371354,1.5297668056744,5.22808525144257,9.88119081753752,0,-2,0
"09013","Tolland County, Connecticut",2015,0.333333333333333,4.47139265708089,200.992396145574,2430,"CT",197.061669444323,201.581764439592,1.4976999164958,5.30326707722198,7.79564653633459,0,-2,0
"10003","New Castle County, Delaware",2015,0.286885245901639,4.594022706837,167.548484927589,15736,"DE",170.040132395621,174.745340054121,1.52475604697063,5.12127277163327,9.6637063600689,0,-2,0
"11001","District of Columbia, District of Columbia",2015,0.560869565217391,4.18826550055534,273.459455773359,22460,"DC",278.194877323997,277.839530966865,1.43228668654695,5.61115336872814,10.0194912282924,0,-2,0
"12001","Alachua County, Florida",2015,0.361702127659574,4.53266316084486,182.932636809931,6062,"FL",182.442001126363,180.265635526297,1.51130966097907,5.20911798021043,8.70979505761775,0,-2,0
"12009","Brevard County, Florida",2015,0.0687830687830688,4.52617377220292,185.715296925388,13647,"FL",183.406696685323,181.879410516299,1.50987694068618,5.22421483936235,9.52127499623811,0,-2,0
"12011","Broward County, Florida",2015,0.801195814648729,4.57107275821098,171.524644423764,59494,"FL",170.228449872528,168.45892080224,1.51974791657383,5.14472695554618,10.9936307461129,0,-2,0
"12031","Duval County, Florida",2015,0.18864774624374,4.57679597058139,171.388273275682,24592,"FL",170.150477678195,169.130654994444,1.52099918357094,5.14393158652837,10.1101764657784,0,-2,0
"12057","Hillsborough County, Florida",2015,0.128071900014043,4.5703173365867,166.795260872938,35022,"FL",167.017370171892,167.101048320356,1.51958264157338,5.11676707748827,10.4637317144318,0,-2,0
"12065","Jefferson County, Florida",2015,0.0909090909090909,4.09283839258806,236.394001480691,241,"FL",237.734277384423,229.512788641655,1.40923871287736,5.46549991076284,5.48479693349065,0,-2,0
"12069","Lake County, Florida",2015,0.214285714285714,4.4971691033353,188.621560222089,6882,"FL",185.501288720831,184.511976883932,1.50344811066959,5.23974268085594,8.83666458635743,0,-2,0
"12071","Lee County, Florida",2015,0.536585365853659,4.47274408501403,193.991855759454,17458,"FL",190.720313403663,186.958874157454,1.49800210953743,5.26781617756075,9.7675532752953,0,-2,0
"12073","Leon County, Florida",2015,0.180851063829787,4.45500162210334,194.951442881871,7467,"FL",194.805463690049,198.954613572025,1.4940274250312,5.27275051669319,8.9182485910357,0,-2,0
"12081","Manatee County, Florida",2015,0.4,4.52839939232555,180.803021205872,8475,"FL",174.884583495347,176.336485989598,1.51036854202994,5.19740815802793,9.04487593224865,0,-2,0
"12086","Miami-Dade County, Florida",2015,0.28694900605013,4.61231283237936,162.315348921479,82220,"FL",160.461951392122,160.743662497736,1.52872943019738,5.08954104134581,11.3171538604519,0,-2,0
"12095","Orange County, Florida",2015,0.225997045790251,4.58766756964756,169.582192434713,35307,"FL",168.08443874576,166.177879604285,1.52337174015719,5.13333772040835,10.4718365235458,0,-2,0
"12097","Osceola County, Florida",2015,0.28125,4.39997721620059,218.316981549324,5631,"FL",222.209000333662,218.759492575916,1.48159936277458,5.38594805049525,8.63604232525462,0,-2,0
"12099","Palm Beach County, Florida",2015,0.0907457322551662,4.50433661701595,184.707245616018,46515,"FL",185.155645204085,185.558483881823,1.50504062539282,5.21877211554251,10.7475301202027,0,-2,0
"12101","Pasco County, Florida",2015,0.463414634146341,4.49815622450933,181.225205479452,9125,"FL",182.388232072532,180.738014161816,1.50366758492805,5.19974048702243,9.11877317845069,0,-2,0
"12103","Pinellas County, Florida",2015,0.298245614035088,4.56605740785899,174.941068825348,27487,"FL",172.397604487811,172.315669491511,1.51865012092804,5.16444916764121,10.2214684446112,0,-2,0
"12105","Polk County, Florida",2015,0.774193548387097,4.60815927592693,162.594829123419,11224,"FL",162.275743278684,160.042096037941,1.52782848788454,5.09126139539906,9.3258096217823,0,-2,0
"12115","Sarasota County, Florida",2015,0.576923076923077,4.45210858530688,191.608731265723,13394,"FL",188.616776859745,189.155517087336,1.49337782334652,5.25545543477886,9.50256212447,0,-2,0
"12117","Seminole County, Florida",2015,0.192192192192192,4.53332051197096,174.242892289828,13044,"FL",172.700065964269,169.028270982988,1.5114546758282,5.16045025850641,9.47608353690921,0,-2,0
"13057","Cherokee County, Georgia",2015,0.166219839142091,4.45077109269309,194.55167377156,5083,"GA",189.082451933922,191.472314563829,1.49307736042391,5.27069780269121,8.5336569174469,0,-2,0
"13063","Clayton County, Georgia",2015,0.260869565217391,4.44118201190997,202.442669582561,3746,"GA",197.811706007613,200.774628339141,1.49092055991281,5.31045673328996,8.22844388300403,0,-2,0
"13067","Cobb County, Georgia",2015,0.323619631901841,4.53599652136664,176.520057585948,19667,"GA",176.222038051546,176.185660932421,1.51204479953068,5.17343451063032,9.88669738322865,0,-2,0
"13089","DeKalb County, Georgia",2015,0.277930654925702,4.53462459018525,187.495471582895,16526,"GA",187.092930975731,183.959252724596,1.51174229958608,5.23375469356092,9.71269017726113,0,-2,0
"13113","Fayette County, Georgia",2015,0.215909090909091,4.46208792465655,186.636542795616,3282,"GA",183.882343414095,183.421212814819,1.49561680102833,5.22916310415764,8.09620827165004,0,-2,0
"13117","Forsyth County, Georgia",2015,0.159457478005865,4.43229375789583,211.496387215564,5986,"GA",209.404489116555,206.421245320936,1.48891722836217,5.35420791661734,8.69717868841264,0,-2,0
"13121","Fulton County, Georgia",2015,0.243104021269525,4.48738554186153,201.402895379338,35314,"GA",202.062426085308,200.531216292496,1.50127024749725,5.30530735644398,10.4720347648627,0,-2,0
"13135","Gwinnett County, Georgia",2015,0.143026004728132,4.55341320790549,173.676867909921,22555,"GA",172.535677350395,171.132857421224,1.51587710732042,5.15719649172434,10.0237120498425,0,-2,0
"13151","Henry County, Georgia",2015,0.0606060606060606,4.39162479769461,215.312568304342,3527,"GA",214.542232612435,215.565738200736,1.47969927198209,5.37209077844144,8.16820293023605,0,-2,0
"13217","Newton County, Georgia",2015,0.285714285714286,4.43286421059331,207.433935788458,1347,"GA",203.821928248034,196.059171597633,1.48904592380116,5.33481290723415,7.20563517641036,0,-2,0
"13247","Rockdale County, Georgia",2015,0.266666666666667,4.50365327341138,183.764308476871,1946,"GA",188.973323413753,190.84877154319,1.50488890594948,5.21365400432318,7.57353126274595,0,-2,0
"13285","Troup County, Georgia",2015,0.16,4.47789790619783,202.184866728661,1423,"GA",201.159833187983,197.961900607521,1.49915371894342,5.3091824607027,7.26052259808985,0,-2,0
"15003","Honolulu County, Hawaii",2015,0.413333333333333,4.48810353839185,213.584705693645,21156,"HI",211.081337721884,208.575983853004,1.50143023800594,5.36403350196461,9.95967883218587,0,-2,0
"16001","Ada County, Idaho",2015,0.686390532544379,4.58544042644856,163.850177993328,12738,"ID",162.575282213726,161.7952471006,1.52288615920824,5.09895246146299,9.45234493093131,0,-2,0
"16015","Boise County, Idaho",2015,0.789855072463768,3.74066862072654,352.888888888889,150,"ID",373.406603306157,340.774527433007,1.31926437104332,5.86615324503081,5.01063529409626,0,-2,0
"16039","Elmore County, Idaho",2015,0.789855072463768,4.2778943622493,209.814049586777,440,"ID",203.831417624521,212.800318689068,1.45346091709897,5.3462216602919,6.08677472691231,0,-2,0
"17031","Cook County, Illinois",2015,0.375,4.60043436350458,172.81907611029,132139,"IL",170.197339627587,168.656832068157,1.52615072588594,5.15224524443374,11.791609677824,0,-2,0
"17043","DuPage County, Illinois",2015,0.189097103918228,4.61504902248502,159.341944385685,33688,"IL",157.163434957419,156.455964658883,1.52932249032202,5.07105248662463,10.4248969698418,0,-2,0
"17089","Kane County, Illinois",2015,0.218954248366013,4.64065402882855,159.424213564175,12529,"IL",158.653444573751,157.300338445459,1.53485531079392,5.07156865923747,9.43580123624555,0,-2,0
"17093","Kendall County, Illinois",2015,0.150684931506849,4.41973197035616,206.151361441824,2102,"IL",199.455599122649,196.973522081631,1.48607905406,5.32861066326316,7.6506445514369,0,-2,0
"17097","Lake County, Illinois",2015,0.449678800856531,4.56624124214514,173.786017854041,19555,"IL",173.411872140541,172.122080395561,1.51869038117208,5.15782475996352,9.88098628718961,0,-2,0
"17111","McHenry County, Illinois",2015,0.470588235294118,4.57611612018601,173.236292911222,7903,"IL",170.573620017907,169.250933882391,1.52085062967031,5.15465651754452,8.97499771320498,0,-2,0
"17113","McLean County, Illinois",2015,0.106854838709677,4.54105296593077,179.874898871388,3634,"IL",176.23537151304,177.29115474176,1.51315891598322,5.19226160299132,8.19808924895612,0,-2,0
"17143","Peoria County, Illinois",2015,0.4625,4.62143859098263,165.269701560722,4481,"IL",166.819212612534,170.057034088482,1.53070603995349,5.1075786943831,8.40760151478614,0,-2,0
"17161","Rock Island County, Illinois",2015,0.260869565217391,4.58196885332009,181.196054873275,3171,"IL",180.433342821659,180.768547353852,1.52212878639146,5.19957962114931,8.06180227453835,0,-2,0
"17163","St. Clair County, Illinois",2015,0.521739130434783,4.56878120577097,177.705989069745,5258,"IL",178.210766369957,175.660824104338,1.51924647475713,5.18013043785515,8.56750600528983,0,-2,0
"17167","Sangamon County, Illinois",2015,0.170634920634921,4.54781900751512,178.110128071775,4990,"IL",174.261369727398,177.519343592637,1.51464777903553,5.18240205601043,8.51519118874556,0,-2,0
"17197","Will County, Illinois",2015,0.248618784530387,4.56595563607512,178.398102216953,14756,"IL",174.520617514158,172.035827134607,1.51862783191391,5.18401758229198,9.59940505871657,0,-2,0
"18003","Allen County, Indiana",2015,0.346153846153846,4.68195322469064,149.446870790725,9085,"IN",150.801374583814,151.446571778128,1.54371537856402,5.00694095034229,9.11437998083027,0,-2,0
"18005","Bartholomew County, Indiana",2015,0.583333333333333,4.60711289765801,170.467114881502,1824,"IN",168.408506471665,167.816297888859,1.52760139133141,5.13854240352558,7.50878717063428,0,-2,0
"18011","Boone County, Indiana",2015,0.464285714285714,4.56832036294767,168.609480274498,1454,"IN",174.270797565689,166.78169313613,1.51914560188837,5.12758527337305,7.28207365809346,0,-2,0
"18057","Hamilton County, Indiana",2015,0.326666666666667,4.46779513810707,188.738668622181,8435,"IN",183.789065922085,179.777484328912,1.49689502923972,5.24036335253726,9.04014499498007,0,-2,0
"18063","Hendricks County, Indiana",2015,0.27027027027027,4.4912568962597,192.644083193688,3117,"IN",193.159750670339,191.001697307444,1.50213259493224,5.26084435787635,8.04462627976734,0,-2,0
"18085","Kosciusko County, Indiana",2015,0.465116279069767,4.64375604089362,169.014628741167,1917,"IN",165.490573498651,163.128796296928,1.53552353034847,5.12998527177554,7.55851674304564,0,-2,0
"18097","Marion County, Indiana",2015,0.187604690117253,4.66605931533666,159.928879842997,23095,"IN",156.638043447818,154.874955271141,1.54031488576376,5.07472921543271,10.0473714228647,0,-2,0
"18157","Tippecanoe County, Indiana",2015,0.380952380952381,4.55781930785469,194.239425408102,3487,"IN",189.691469166378,190.146612462693,1.51684428718001,5.26909154971242,8.15679704667565,0,-2,0
"19049","Dallas County, Iowa",2015,0.163461538461538,4.37118899922539,196.625238289477,1834,"IA",190.418388429752,187.604776379931,1.47503505430246,5.28129957327587,7.51425465281641,0,-2,0
"19113","Linn County, Iowa",2015,0.5,4.64570833376155,158.363136224419,5413,"IA",157.61411936992,153.769692678477,1.53594385445284,5.06489072643952,8.59655874679698,0,-2,0
"19153","Polk County, Iowa",2015,0.251633986928105,4.6175868430791,158.348645379779,12294,"IA",157.483971341439,158.187553488582,1.52987224029482,5.06479921835241,9.41686661746695,0,-2,0
"19169","Story County, Iowa",2015,0.043956043956044,4.57271413202037,171.348568181077,2049,"IA",172.670870303646,171.42662150811,1.52010693058996,5.14369989217877,7.6251071482389,0,-2,0
"20091","Johnson County, Kansas",2015,0.239700374531835,4.54904449033397,166.638735149378,17604,"KS",166.065267712967,166.298857483597,1.51491720878492,5.11582820660573,9.77588142793098,0,-2,0
"20173","Sedgwick County, Kansas",2015,0.441176470588235,4.63234838991426,167.741414891935,11936,"KS",164.25460110313,164.44318295632,1.53306395115434,5.12242359655071,9.38731432244354,0,-2,0
"20177","Shawnee County, Kansas",2015,0.4,4.59141944228813,161.324543611931,4194,"KS",161.759048859446,163.812734232501,1.52418922295142,5.08341813482011,8.34141021146186,0,-2,0
"21015","Boone County, Kentucky",2015,0.153846153846154,4.6546071650419,167.712255876135,3078,"KY",166.273382916881,168.003613825689,1.53785751727367,5.12224974830629,8.03203531439882,0,-2,0
"21029","Bullitt County, Kentucky",2015,0.25974025974026,4.34993505008693,199.910777371058,1091,"KY",201.306490151816,203.125617617886,1.47016091397462,5.29787115386525,6.99484998583307,0,-2,0
"21067","Fayette County, Kentucky",2015,0.40625,4.59696742522715,172.68107772598,8533,"KY",173.664233281129,171.008639816829,1.52539683070526,5.15144641184211,9.05169627853659,0,-2,0
"21111","Jefferson County, Kentucky",2015,0.229166666666667,4.64568165904636,163.125500797237,19657,"KY",160.802063293609,160.737597234742,1.53593811263913,5.09451984809362,9.8861887879578,0,-2,0
"21117","Kenton County, Kentucky",2015,0.27027027027027,4.55760547474705,173.761268741535,3087,"KY",179.810926375877,178.814692698495,1.51679737041798,5.15768233840823,8.03495502450216,0,-2,0
"22033","East Baton Rouge Parish, Louisiana",2015,0.269230769230769,4.59884408247791,166.568275811008,12169,"LA",164.184650023628,163.220794808156,1.52580498549948,5.11540529029783,9.4066470133368,0,-2,0
"22049","Jackson Parish, Louisiana",2015,0.04,4.03711973036831,278.655558747486,236,"LA",271.455576559546,287.893039505509,1.39553149968424,5.62997646266813,5.46383180502561,0,-2,0
"22051","Jefferson Parish, Louisiana",2015,0.147058823529412,4.60074017423818,170.883938001675,11721,"LA",170.936446717784,169.932157154497,1.52621719799392,5.14098460092808,9.36913738372318,0,-2,0
"22061","Lincoln Parish, Louisiana",2015,0.04,4.51881660784584,179.473913143014,1045,"LA",186.366835381116,184.648984445145,1.5082501471418,5.19002986668722,6.95177216439891,0,-2,0
"22071","Orleans Parish, Louisiana",2015,0.555555555555556,4.43989582508112,249.861141375881,9095,"LA",248.486743142422,250.517521636184,1.49063091334931,5.52090532905489,9.11548009095222,0,-2,0
"22111","Union Parish, Louisiana",2015,0.04,4.14635048649805,244.182294094446,334,"LA",241.600569545733,259.324776995747,1.422228546499,5.49791505329218,5.8111409929767,0,-2,0
"23005","Cumberland County, Maine",2015,0.645161290322581,4.64413360232757,163.539923488777,11163,"ME",162.006256949236,161.973729574291,1.53560483222622,5.09705714088963,9.32036001701473,0,-2,0
"24003","Anne Arundel County, Maryland",2015,0.371134020618557,4.50507809365301,190.520573976058,13956,"MD",185.953268274075,183.83631075544,1.50520522579418,5.24976018860951,9.54366480230667,0,-2,0
"24005","Baltimore County, Maryland",2015,0.223529411764706,4.5313027022347,176.50189882701,19811,"MD",175.945924725658,176.642722308341,1.51100947039121,5.17333163454217,9.89399261797433,0,-2,0
"24021","Frederick County, Maryland",2015,0.354166666666667,4.47618483249217,189.314861923884,6037,"MD",185.832315579003,188.813574673104,1.49877108371957,5.24341156503255,8.70566247879643,0,-2,0
"24027","Howard County, Maryland",2015,0.25398773006135,4.41753323763809,225.210322303302,9214,"MD",221.572422541402,213.549222327481,1.48558144926673,5.4170347313754,9.12847934549586,0,-2,0
"24031","Montgomery County, Maryland",2015,0.303016400963413,4.37884211280113,209.818276173312,27058,"MD",209.282345673257,209.994075022705,1.47678433163171,5.34624180452901,10.2057379891633,0,-2,0
"24033","Prince George's County, Maryland",2015,0.331775700934579,4.47433078680007,194.173733117102,14737,"MD",197.615815066765,197.536018916553,1.49835679569473,5.26875328984566,9.59811661721326,0,-2,0
"24510","Baltimore city, Maryland",2015,0.272401433691756,4.54160343374979,209.883081663372,12417,"MD",204.48183227678,205.151790472958,1.51328012894019,5.34655062168848,9.42682178041684,0,-2,0
"25005","Bristol County, Massachusetts",2015,0.407894736842105,4.6063891550019,182.302974302035,12690,"MA",182.704447084423,181.163297344055,1.52744428654031,5.20566999697684,9.44856956070843,0,-2,0
"25009","Essex County, Massachusetts",2015,0.516320474777448,4.60719481025599,182.056337762499,18420,"MA",180.424461205136,182.652184041113,1.5276191707676,5.20431618732225,9.8211923098093,0,-2,0
"25013","Hampden County, Massachusetts",2015,1,4.62333463334787,171.154259223405,9595,"MA",171.320655014157,172.088159162855,1.53111622684414,5.14256525057601,9.1689974084418,0,-2,0
"25017","Middlesex County, Massachusetts",2015,0.383210509452099,4.57314097514024,176.741130135274,43382,"MA",174.975896271744,173.479594997103,1.52020027191565,5.17468612040728,10.6777998875136,0,-2,0
"25021","Norfolk County, Massachusetts",2015,0.119428090832632,4.56349571219664,174.745878997858,19842,"MA",173.516846331891,172.799947974596,1.51808893338777,5.16333279856322,9.89555618220985,0,-2,0
"25023","Plymouth County, Massachusetts",2015,0.445378151260504,4.56297287115614,185.71199067864,12139,"MA",184.019129310352,181.218749895275,1.51797435653117,5.22419703643371,9.4041786888978,0,-2,0
"25025","Suffolk County, Massachusetts",2015,0.497264021887825,4.47170057745404,217.674867429368,20813,"MA",217.400502026036,214.03902714166,1.49776877865908,5.38300251568437,9.94333307045825,0,-2,0
"25027","Worcester County, Massachusetts",2015,0.314176245210728,4.63020417086298,175.980169045542,17796,"MA",173.347098296823,172.996899460744,1.5326009645045,5.17037131281214,9.78672899192593,0,-2,0
"26021","Berrien County, Michigan",2015,1,4.63514404643326,173.118193519342,3542,"MI",169.02856076736,170.77012885558,1.53366727651404,5.15397456075699,8.17244681834278,0,-2,0
"26045","Eaton County, Michigan",2015,0.333333333333333,4.56991548046174,178.615685884094,2071,"MI",183.883366894275,181.719230665313,1.51949471030659,5.18523649148446,7.63578686139558,0,-2,0
"26065","Ingham County, Michigan",2015,0.380952380952381,4.56785782482906,187.954984070546,6076,"MI",188.267951125243,190.323747848482,1.51904434770758,5.23620248772481,8.71210186371566,0,-2,0
"26075","Jackson County, Michigan",2015,0.315789473684211,4.64533846738617,160.902564437972,2884,"MI",157.646637542754,158.656673965893,1.53586423664798,5.08079899195692,7.96693349840484,0,-2,0
"26077","Kalamazoo County, Michigan",2015,0.615384615384615,4.64344550499155,173.409420442425,5537,"MI",169.570405613814,167.089848380075,1.53545665640358,5.15565539068172,8.61920811682297,0,-2,0
"26081","Kent County, Michigan",2015,0.34640522875817,4.74183071661428,141.505586139179,16086,"MI",141.20711448571,142.389803412011,1.5564232882743,4.95233919431946,9.68570460746401,0,-2,0
"26099","Macomb County, Michigan",2015,0.401606425702811,4.58192185604435,173.462355895933,18741,"MI",172.865453570809,171.254270600521,1.52211852933423,5.15596060694624,9.83846891616168,0,-2,0
"26111","Midland County, Michigan",2015,0.710526315789474,4.50823338683155,183.031309397254,1802,"MI",201.630169424087,164.384048059928,1.50590536653918,5.20965722780974,7.49665243816828,0,-2,0
"26125","Oakland County, Michigan",2015,0.35038503850385,4.59709671728225,167.300794692963,38735,"MI",167.340556938944,167.438091290491,1.52542495582014,5.11979335808886,10.564498863066,0,-2,0
"26139","Ottawa County, Michigan",2015,0.521739130434783,4.68491568716276,154.633905841393,5945,"MI",152.932297325123,153.289387189192,1.54434791919179,5.04106042544139,8.69030580912488,0,-2,0
"26159","Van Buren County, Michigan",2015,1,4.46581328909833,202.494968519481,1269,"MI",199.555415518115,203.670407340815,1.49645134535601,5.31071503942053,7.14598446771439,0,-2,0
"26161","Washtenaw County, Michigan",2015,0.279228149829739,4.60388031524254,178.01915855805,8084,"MI",177.484644314192,176.130019196453,1.52689949470127,5.18189117684874,8.99764207852351,0,-2,0
"26163","Wayne County, Michigan",2015,0.28169014084507,4.61878054470893,178.365512484518,32032,"MI",177.559486496414,175.665583504439,1.53013071889065,5.18383488578829,10.3744906821149,0,-2,0
"27003","Anoka County, Minnesota",2015,0.428571428571429,4.5780383084318,168.222697797491,7566,"MN",165.607342863581,163.173060026332,1.5212705894359,5.12528868372285,8.93141980519298,0,-2,0
"27037","Dakota County, Minnesota",2015,0.204301075268817,4.63037528498631,156.870205055718,10382,"MN",158.481903868112,158.909481126059,1.532637919886,5.05541874403704,9.24782881638717,0,-2,0
"27053","Hennepin County, Minnesota",2015,0.49493487698987,4.64589592365281,155.391886668146,39818,"MN",153.546044704567,153.265045814244,1.53598423281724,5.0459502272279,10.5920743503397,0,-2,0
"27109","Olmsted County, Minnesota",2015,1,4.58130208641702,163.843816562014,3577,"MN",159.548673161714,159.941823577037,1.5219832560653,5.09891363602572,8.18227973925902,0,-2,0
"27123","Ramsey County, Minnesota",2015,0.410493827160494,4.67816193313231,151.036004949672,13395,"MN",150.930360090626,147.989093625097,1.54290528345263,5.01751825176713,9.50263678197871,0,-2,0
"27139","Scott County, Minnesota",2015,0.102564102564103,4.55361511082759,177.40553840217,3277,"MN",175.401864154099,177.857357750798,1.51592144734332,5.17843828924255,8.09468364869882,0,-2,0
"27163","Washington County, Minnesota",2015,0.26530612244898,4.55073027486658,169.256756129309,5731,"MN",168.183665566866,169.870723367662,1.51528772005479,5.13141682904182,8.65364531455174,0,-2,0
"29051","Cole County, Missouri",2015,0.2,4.48520144805379,180.657912202988,2255,"MO",180.969807003855,176.236440488169,1.50078341045609,5.19660525515646,7.72090525193678,0,-2,0
"29071","Franklin County, Missouri",2015,0.225806451612903,4.61517457863778,165.22747112275,2598,"MO",160.491547256706,161.232404481471,1.52934969576323,5.1073231373515,7.86249719723055,0,-2,0
"29095","Jackson County, Missouri",2015,0.330578512396694,4.50251337821007,226.899195421079,18498,"MO",195.622046752598,170.823845865996,1.50463576934842,5.42450584581688,9.8254178971142,0,-2,0
"29101","Johnson County, Missouri",2015,0.0476190476190476,4.43405983249382,192.498653211066,917,"MO",184.707576133178,190.66208076356,1.48931560512514,5.26008915739721,6.82110747225646,0,-2,0
"29129","Mercer County, Missouri",2015,NA,3.59259154316654,330.612244897959,70,"MO",343.316289262235,327.932098765432,1.27887382039073,5.80094622310985,4.24849524204936,0,-2,0
"29183","St. Charles County, Missouri",2015,0.0533333333333333,4.52974435782167,183.052818425431,8315,"MO",181.674636528538,181.968426438748,1.51066550475058,5.20977473647274,9.02581639162703,0,-2,0
"29189","St. Louis County, Missouri",2015,0.313926940639269,4.45099599544022,243.093585694759,32559,"MO",206.410250753938,174.382061991512,1.49312789033442,5.49344649551432,10.3908091071141,0,-2,0
"29510","St. Louis city, Missouri",2015,0.477272727272727,3.80538541743441,1093.08274843058,11943,"MO",716.070365187156,388.544080411526,1.33641727854514,6.99675719293262,9.38790061166843,0,-2,0
"31055","Douglas County, Nebraska",2015,0.662962962962963,4.5854740780189,163.189525811206,15326,"NE",160.485403516977,159.551806470404,1.52289349796826,5.09491226039198,9.63730601153035,0,-2,0
"31109","Lancaster County, Nebraska",2015,0.815789473684211,4.54365369079899,175.03713263243,8302,"NE",172.61844692914,168.056534281337,1.51373146610234,5.16499813788618,9.02425172861298,0,-2,0
"32003","Clark County, Nevada",2015,0.448087431693989,4.52861730449764,193.719905776853,43376,"NV",191.803985390928,190.993877728483,1.51041666210732,5.26641333114658,10.6776615717384,0,-2,0
"32031","Washoe County, Nevada",2015,0.317073170731707,4.65806998392164,157.808139928613,11877,"NV",158.156608298284,155.812555250078,1.53860119580648,5.06137999091289,9.38235903577424,0,-2,0
"33011","Hillsborough County, New Hampshire",2015,0.379661016949153,4.63057604619359,165.720292408207,10936,"NH",166.936246174914,166.674164296495,1.53268127638364,5.11030138167908,9.29981537840379,0,-2,0
"33015","Rockingham County, New Hampshire",2015,0.316666666666667,4.62610696143707,174.753396019511,9624,"NH",167.328123720838,168.379204806901,1.53171568533984,5.16337581451313,9.17201525765451,0,-2,0
"34003","Bergen County, New Jersey",2015,0.206652512384996,4.56602200844102,174.508906314355,31662,"NJ",173.025238627604,171.900327538423,1.51864236816629,5.16197577939078,10.3628725026337,0,-2,0
"34005","Burlington County, New Jersey",2015,0.252396166134185,4.58675721364435,169.396411178932,10456,"NJ",168.566078360425,167.917276457759,1.52317328498911,5.13224159650908,9.25493125530406,0,-2,0
"34007","Camden County, New Jersey",2015,0.328358208955224,4.53825734606403,185.014443009134,11387,"NJ",179.692622844192,181.111704787688,1.51254309388682,5.22043389235064,9.3402276328106,0,-2,0
"34013","Essex County, New Jersey",2015,0.663594470046083,4.56311314350962,182.618152893453,18553,"NJ",181.681248618818,179.623164431824,1.51800509749795,5.2073973766559,9.82838678002688,0,-2,0
"34017","Hudson County, New Jersey",2015,0.414224446032881,4.49510050134751,207.208809049812,13170,"NJ",201.050250903584,198.593936823451,1.50298802614917,5.33372702420077,9.48569679473733,0,-2,0
"34019","Hunterdon County, New Jersey",2015,0.168539325842697,4.48146234809247,202.537490387636,3795,"NJ",196.536319302442,195.546658301281,1.49994941014939,5.31092500712745,8.24143968982973,0,-2,0
"34021","Mercer County, New Jersey",2015,0.153862989713285,4.49735290119595,190.180289315591,9658,"NJ",189.406533429323,186.294829848937,1.50348897951411,5.24797251338257,9.17554186643349,0,-2,0
"34023","Middlesex County, New Jersey",2015,0.253932265835341,4.47364976643406,233.582187429627,21674,"NJ",230.471710647508,230.643943819363,1.49820457802656,5.45353399560504,9.98386866448294,0,-2,0
"34025","Monmouth County, New Jersey",2015,0.223372781065089,4.47483098167781,199.984310727628,19106,"NJ",198.27727139284,196.114693231055,1.49846858155606,5.2982389171091,9.85775770082995,0,-2,0
"34027","Morris County, New Jersey",2015,0.286318758815233,4.54472369862666,177.267646024403,16650,"NJ",176.052099119809,174.551706776424,1.51396693340014,5.17766071489653,9.72016549540859,0,-2,0
"34029","Ocean County, New Jersey",2015,0.488372093023256,4.45595036538554,206.114704487501,12679,"NJ",210.23770735077,211.378410319153,1.49424036373564,5.3284328317245,9.44770236052795,0,-2,0
"34031","Passaic County, New Jersey",2015,0.242718446601942,4.57147916880391,181.101601548579,12016,"NJ",180.820825375405,180.565353768312,1.51983682185902,5.19905820829907,9.39399437400392,0,-2,0
"34035","Somerset County, New Jersey",2015,0.156206415620642,4.45207816857126,204.939708796691,9954,"NJ",203.481411391651,206.219220936026,1.49337099133896,5.32271583245074,9.2057297594185,0,-2,0
"34039","Union County, New Jersey",2015,0.512097420285211,4.57809442831827,174.308695141572,13643,"NJ",170.479621487805,169.970890439263,1.52128284786162,5.16082783734924,9.52098184856287,0,-2,0
"35001","Bernalillo County, New Mexico",2015,0.346491228070175,4.62473217417241,169.616456003396,15743,"NM",167.361082577148,167.396164262532,1.53141846100059,5.13353974697277,9.66415110101463,0,-2,0
"36001","Albany County, New York",2015,0.267489711934156,4.56778095510224,183.580004702641,9457,"NY",182.03874976048,183.391881419229,1.51902751916856,5.21265056540725,9.15451048701551,0,-2,0
"36005","Bronx County, New York",2015,0.444444444444444,4.13783721671392,326.87816444724,17709,"NY",328.897778341186,328.705168572872,1.42017323991108,5.78958751568167,9.7818282639088,0,-2,0
"36011","Cayuga County, New York",2015,0.384615384615385,4.52156072341608,197.129709727028,1632,"NY",194.576537271474,193.71192889681,1.50885722703547,5.28386193708164,7.39756153552405,0,-2,0
"36023","Cortland County, New York",2015,0.333333333333333,4.49040934432924,202.15972239074,1015,"NY",198.475149756958,204.976073701942,1.50194386560067,5.30905808986342,6.92264389147589,0,-2,0
"36027","Dutchess County, New York",2015,0.284090909090909,4.47769380317278,208.469842622832,7481,"NY",209.435345895205,208.94572881963,1.4991081378067,5.33979439107888,8.9201217518724,0,-2,0
"36029","Erie County, New York",2015,0.655737704918033,4.62572425466219,173.448713521352,22683,"NY",173.443582285279,170.842196728416,1.53163295430721,5.15588195638827,10.0293710242264,0,-2,0
"36047","Kings County, New York",2015,0.363013698630137,4.41874637078079,221.200464443078,56243,"NY",217.304962473969,218.36978644721,1.48585602933982,5.39906936929823,10.9374368678784,0,-2,0
"36055","Monroe County, New York",2015,0.164179104477612,4.61672589561592,172.624564326679,17512,"NY",171.077485754336,171.328935254997,1.52968577325823,5.15111908791268,9.7706416392027,0,-2,0
"36059","Nassau County, New York",2015,0.320652173913043,4.45206318529397,194.017652393199,47851,"NY",193.350544001363,193.679013833893,1.49336762587637,5.26794914664136,10.7758472953043,0,-2,0
"36061","New York County, New York",2015,0.176696490582996,4.34519924760408,215.293137898801,105058,"NY",213.991813812894,213.600561298704,1.4690716144218,5.37200053158557,11.5622678575858,0,-2,0
"36067","Onondaga County, New York",2015,0.755555555555556,4.62974153951504,166.869884863407,11794,"NY",166.865227733023,166.404468951277,1.53250104354107,5.11721437618079,9.37534620656045,0,-2,0
"36069","Ontario County, New York",2015,0.0486111111111111,4.58145756517285,186.57681630026,2889,"NY",185.45402844702,182.523793679011,1.52201719316761,5.22884303793059,7.96866570046623,0,-2,0
"36071","Orange County, New York",2015,0.5,4.57493863570661,185.748496802178,9292,"NY",180.086879242949,179.513643411641,1.52059328567723,5.22439359097927,9.1369090938903,0,-2,0
"36079","Putnam County, New York",2015,0.189655172413793,4.35905822378116,233.181331080657,2871,"NY",233.829176128068,233.885437531817,1.47225603030886,5.45181639587146,7.96241568012106,0,-2,0
"36081","Queens County, New York",2015,0.248520710059172,4.38909153454144,228.705389082552,48481,"NY",228.360722160059,223.821204268022,1.47912226593211,5.43243466473254,10.7889272475932,0,-2,0
"36087","Rockland County, New York",2015,0.172413793103448,4.49648918702189,184.751654249604,9793,"NY",181.126532902224,182.399622352145,1.50329691161515,5.21901251377796,9.1894231237208,0,-2,0
"36091","Saratoga County, New York",2015,0.295454545454545,4.50580937176281,196.506042151935,5228,"NY",193.423916016956,189.926948245092,1.5053675356919,5.28069317970139,8.56178407474411,0,-2,0
"36099","Seneca County, New York",2015,0.130434782608696,4.35357993037316,230.470144812537,710,"NY",227.755063824475,233.781550422483,1.47099847914398,5.44012133045794,6.56526497003536,0,-2,0
"36101","Steuben County, New York",2015,0.533333333333333,4.49729165385451,197.411008202822,1805,"NY",198.465480740558,203.225735713346,1.50347536089004,5.28528789141626,7.49831587076698,0,-2,0
"36103","Suffolk County, New York",2015,0.348101265822785,4.53829588234609,187.827287869708,48753,"NY",184.999459574709,182.494032077481,1.51255158527801,5.23552285903933,10.7945220129941,0,-2,0
"36109","Tompkins County, New York",2015,0.358974358974359,4.55956140697204,190.764719817279,2365,"NY",189.213390187499,186.190566519057,1.51722643621887,5.25104083529881,7.76853330092603,0,-2,0
"36119","Westchester County, New York",2015,0.416666666666667,4.47363904031865,190.225233759355,31652,"NY",188.337739527978,185.173549182433,1.49820218040295,5.248208810919,10.3625566167291,0,-2,0
"36123","Yates County, New York",2015,0.15,4.25585126794213,236.642399248131,534,"NY",227.570171530408,227.968991422026,1.44829480498653,5.46655013772165,6.2803958389602,0,-2,0
"37019","Brunswick County, North Carolina",2015,0.513513513513513,4.36382548809777,252.500224918666,2348,"NC",253.384579723813,255.054820415879,1.47334907819273,5.53141213948201,7.76131918094799,0,-2,0
"37025","Cabarrus County, North Carolina",2015,0.401129943502825,4.54059636588733,186.022882189756,4117,"NC",183.51930880929,182.428438789846,1.5130583615515,5.22586968867212,8.3228800217699,0,-2,0
"37037","Chatham County, North Carolina",2015,0.237762237762238,4.53370101479399,174.3276916164,1355,"NC",175.785420633012,174.861057035887,1.51153860698952,5.16093681320815,7.2115567333138,0,-2,0
"37063","Durham County, North Carolina",2015,0.94347522679693,4.55419057008464,180.176363533867,7069,"NC",177.851844524612,181.288252306803,1.51604781351273,5.19393616861241,8.86347430617095,0,-2,0
"37067","Forsyth County, North Carolina",2015,0.575,4.61536083542053,172.373209874551,8357,"NC",168.382441450842,169.90299744637,1.52939005242174,5.1496619509953,9.03085479000144,0,-2,0
"37071","Gaston County, North Carolina",2015,0.0833333333333333,4.53376400133124,201.604304871793,3963,"NC",208.793649352957,208.802202108004,1.51155249985531,5.30630688949995,8.28475659319044,0,-2,0
"37081","Guilford County, North Carolina",2015,0.983606557377049,4.69161122332783,153.902385875641,13236,"NC",153.091504677491,152.658515051332,1.54577606787989,5.03631854349037,9.4906956690415,0,-2,0
"37097","Iredell County, North Carolina",2015,0.65,4.61862349484965,167.441034997915,4535,"NC",164.934958451414,166.925685772301,1.53009671586153,5.12063125942487,8.41958036254924,0,-2,0
"37101","Johnston County, North Carolina",2015,0.347826086956522,4.43883859473483,201.873562408088,3124,"NC",202.205593955252,204.904728497507,1.49039276446428,5.30764157275324,8.04686951095958,0,-2,0
"37119","Mecklenburg County, North Carolina",2015,0.408014571948998,4.60705639050042,160.264700563056,29977,"NC",159.267192255802,157.42822173565,1.52758912605695,5.07682682677624,10.3081856999384,0,-2,0
"37129","New Hanover County, North Carolina",2015,0.534883720930233,4.54740899088851,183.798000728857,7057,"NC",181.135467392009,178.221911808387,1.5145576182112,5.2138373324351,8.86177531100083,0,-2,0
"37141","Pender County, North Carolina",2015,0.620689655172414,4.27419399314425,255.224353063807,1007,"NC",236.867527318805,225.324467232815,1.45259554499752,5.54214297428375,6.91473089271856,0,-2,0
"37179","Union County, North Carolina",2015,0.181818181818182,4.52116946183905,184.987207097954,4351,"NC",180.703110454127,182.429506246282,1.50877069087454,5.22028667186543,8.37816098272068,0,-2,0
"37183","Wake County, North Carolina",2015,0.69690063810392,4.52553226757212,182.727172472791,27354,"NC",181.239142119303,181.906777508753,1.50973519842697,5.20799417959823,10.2166180494415,0,-2,0
"38017","Cass County, North Dakota",2015,0.407407407407407,4.64843631767452,146.931922292534,5437,"ND",144.18267980339,143.653370770462,1.53653088727697,4.98996936585225,8.60098271714592,0,-2,0
"39017","Butler County, Ohio",2015,0.271428571428571,4.66086601645858,165.610477631289,7114,"OH",167.447031054091,165.773428194791,1.53920127131311,5.10963851067,8.8698199525084,0,-2,0
"39025","Clermont County, Ohio",2015,1,4.55032841279461,180.439573692493,3585,"OH",184.153781536505,182.318569214876,1.51519940899429,5.19539594993761,8.18451375303372,0,-2,0
"39027","Clinton County, Ohio",2015,0.391304347826087,4.48313468307018,182.660911990993,730,"OH",186.922860602721,184.220679012346,1.5003225077892,5.20763149408471,6.59304453414244,0,-2,0
"39035","Cuyahoga County, Ohio",2015,0.339233038348083,4.67868793120572,157.374562116472,33148,"OH",156.598888038573,154.812755947772,1.54301771404233,5.05862870993949,10.4087376619689,0,-2,0
"39041","Delaware County, Ohio",2015,0.128270580727505,4.52178641986395,191.634437032072,4248,"OH",191.085186092924,189.81850218437,1.50890714139668,5.25558958337439,8.35420356292178,0,-2,0
"39049","Franklin County, Ohio",2015,0.128965801400906,4.61362630702787,171.552554887411,27738,"OH",170.409884392083,171.865303096807,1.52901416536365,5.14488966215428,10.2305585932163,0,-2,0
"39055","Geauga County, Ohio",2015,0.254545454545455,4.52100505117587,179.501726935213,2745,"OH",178.222862770072,175.354060141636,1.50873432558145,5.19018482869104,7.91753635394363,0,-2,0
"39057","Greene County, Ohio",2015,0.115789473684211,4.42096682892627,216.073356871852,3074,"OH",219.851540858726,213.288915956576,1.48635841174567,5.37561796517546,8.03073492409854,0,-2,0
"39061","Hamilton County, Ohio",2015,0.193962748876044,4.67706847872122,157.817281010738,20911,"OH",157.646528266635,153.254732387957,1.54267152022759,5.06143791452436,9.9480306152868,0,-2,0
"39085","Lake County, Ohio",2015,0.252427184466019,4.58263244168779,176.623455954492,6061,"OH",170.31574712967,166.632255050169,1.52227360193717,5.17402009902447,8.70963008195129,0,-2,0
"39089","Licking County, Ohio",2015,0.479166666666667,4.60335581972875,183.708139303722,2938,"OH",185.937877526913,189.582742324281,1.52678556354828,5.21334829882648,7.98548435673382,0,-2,0
"39095","Lucas County, Ohio",2015,0.380952380952381,4.60878558591032,184.581854417423,9577,"OH",182.550563839774,182.179965969337,1.52796439191646,5.21809302047362,9.16711966952162,0,-2,0
"39097","Madison County, Ohio",2015,0.153846153846154,4.38839471431593,193.490264979024,668,"OH",195.216759401794,189.72549980743,1.47896349149323,5.26522720101831,6.50428817353665,0,-2,0
"39103","Medina County, Ohio",2015,0.347826086956522,4.62746333898118,162.952240077693,3994,"OH",161.371372810356,159.476016160578,1.53200884300975,5.09345715221389,8.29254851397576,0,-2,0
"39109","Miami County, Ohio",2015,0.0909090909090909,4.59815105563395,173.582861753206,2105,"OH",174.290668144113,171.77435616818,1.52565427826633,5.15665507473307,7.65207074611648,0,-2,0
"39113","Montgomery County, Ohio",2015,0.233830845771144,4.62928024403343,175.459605290405,11399,"OH",175.557289633413,173.232096083584,1.53240140116139,5.16740884712746,9.34128091123678,0,-2,0
"39133","Portage County, Ohio",2015,0.347826086956522,4.63360236420554,173.666442247613,3014,"OH",169.894324766543,170.47360542449,1.5333346139999,5.15713646084419,8.01102337918644,0,-2,0
"39153","Summit County, Ohio",2015,0.209944751381215,4.68558380235327,156.052997930622,13473,"OH",155.35102311873,152.7668575392,1.54449051888829,5.05019567987876,9.50844296175585,0,-2,0
"39159","Union County, Ohio",2015,0.197633136094675,4.49239778227966,190.473167092586,1004,"OH",185.25989201305,182.480631667533,1.50238658644614,5.24951132948871,6.91174730025167,0,-2,0
"39165","Warren County, Ohio",2015,0.242647058823529,4.58115277889054,172.528986720173,4122,"OH",172.75314845401,177.83035665924,1.52195066490307,5.15056526131198,8.3240937614504,0,-2,0
"40109","Oklahoma County, Oklahoma",2015,0.701754385964912,4.60676901078636,166.851376885154,23582,"OK",166.079346400722,164.361971253571,1.52752674594844,5.1171034573968,10.0682389881366,0,-2,0
"40139","Texas County, Oklahoma",2015,0.285714285714286,4.18831884702356,221.399208706797,483,"OK",225.490694169249,215.919779629132,1.43229942359251,5.39996744622478,6.18001665365257,0,-2,0
"40143","Tulsa County, Oklahoma",2015,0.449275362318841,4.6629496436521,158.315020635046,18721,"OK",155.658663956795,155.713289896267,1.53964821863686,5.06458684953042,9.83740116740827,0,-2,0
"41005","Clackamas County, Oregon",2015,0.368932038834951,4.61577026983504,167.226635835301,11465,"OR",163.311652786601,163.56474327652,1.52947875973401,5.11934999319792,9.347054195292,0,-2,0
"41051","Multnomah County, Oregon",2015,0.404145077720207,4.64595967805555,179.462556860891,26531,"OR",181.273839549168,180.895699738766,1.53599795545897,5.18996658929372,10.186069139599,0,-2,0
"41067","Washington County, Oregon",2015,0.457142857142857,4.59829202507921,167.493410565933,15052,"OR",165.090601997235,164.881373250959,1.52568493565072,5.12094401058641,9.61926615171333,0,-2,0
"42003","Allegheny County, Pennsylvania",2015,0.171612903225806,4.61402047140276,169.975549668136,33785,"PA",167.40378591167,165.9140625,1.52909959654336,5.13565460122483,10.4277721959863,0,-2,0
"42007","Beaver County, Pennsylvania",2015,0.0314245810055866,4.54379426105114,181.465134215247,3384,"PA",178.975581806221,175.577613376285,1.51376240333641,5.20106353726411,8.12681372072611,0,-2,0
"42011","Berks County, Pennsylvania",2015,0.531914893617021,4.65080717148459,169.851486582337,8411,"PA",170.805373508903,172.914158925258,1.53704078980059,5.13492444689291,9.03729565196244,0,-2,0
"42017","Bucks County, Pennsylvania",2015,0.217391304347826,4.62565791069628,164.520858567282,19041,"PA",163.499901889566,162.829251526185,1.53161861180904,5.10303736196812,9.85434982797458,0,-2,0
"42019","Butler County, Pennsylvania",2015,0.352941176470588,4.64397362624834,156.648174528587,4861,"PA",155.966826581436,159.067195829982,1.53557038471709,5.05400236414541,8.48899945704546,0,-2,0
"42029","Chester County, Pennsylvania",2015,0.224426534407936,4.59070656640635,167.524003277845,14184,"PA",166.846913760534,166.293366001182,1.52403394826176,5.12112664414952,9.55986984775404,0,-2,0
"42041","Cumberland County, Pennsylvania",2015,0.503030303030303,4.59006890519166,167.867359931177,5931,"PA",168.701584142201,171.182998264755,1.5238950359841,5.12317414334568,8.68794811183873,0,-2,0
"42043","Dauphin County, Pennsylvania",2015,0.9,4.61845254243043,167.510307024965,6772,"PA",169.200136029087,169.965316790726,1.53005970146032,5.12104488384936,8.82055174325303,0,-2,0
"42045","Delaware County, Pennsylvania",2015,0.697368421052632,4.55531831488913,173.989765312237,12791,"PA",174.63333002055,172.519629317185,1.51629541079256,5.15899647743995,9.45649707759939,0,-2,0
"42069","Lackawanna County, Pennsylvania",2015,0.375,4.59051786015648,181.035159241284,5338,"PA",175.95262207062,178.686900406148,1.52399284127186,5.19869126235359,8.58260632996447,0,-2,0
"42071","Lancaster County, Pennsylvania",2015,1,4.65907193716692,162.091392436144,12595,"PA",163.420961550146,161.319259346014,1.53881627318915,5.08816032699952,9.44105518878671,0,-2,0
"42077","Lehigh County, Pennsylvania",2015,0.333333333333333,4.63009135274837,166.447241628489,8446,"PA",166.721437282569,166.990326774036,1.5325765985187,5.11467839211135,9.04144823549389,0,-2,0
"42091","Montgomery County, Pennsylvania",2015,0.191616766467066,4.60670611185663,163.244004334463,26058,"PA",161.28692789968,160.029323090953,1.52751309226644,5.09524604058753,10.1680801017629,0,-2,0
"42095","Northampton County, Pennsylvania",2015,0.270833333333333,4.59114090965192,186.836148585279,6264,"PA",184.705141957041,186.160574904563,1.52412855737981,5.23023202198363,8.74257423767064,0,-2,0
"42101","Philadelphia County, Pennsylvania",2015,0.0301925696822416,4.47307695850768,230.88984214956,27247,"PA",227.52777749458,229.717353421453,1.49807652942403,5.44194072296989,10.2126987022877,0,-2,0
"42125","Washington County, Pennsylvania",2015,0.2109375,4.62308908087404,159.304298741553,5126,"PA",159.387073801252,158.997071050642,1.53106311388253,5.07081620174684,8.54208090692402,0,-2,0
"42129","Westmoreland County, Pennsylvania",2015,0.127572016460905,4.63329149035177,166.028914785087,8671,"PA",164.164095225888,162.255032951621,1.53326752056843,5.11216195864035,9.06773940337716,0,-2,0
"42133","York County, Pennsylvania",2015,0.0878378378378378,4.62329737761402,174.998069155956,8683,"PA",174.514518151385,174.752400170389,1.53110816861628,5.16477494046811,9.06912237006065,0,-2,0
"44003","Kent County, Rhode Island",2015,1,4.54575042065094,191.561345120807,4682,"RI",186.917766425898,187.450270839362,1.51419282305455,5.25520809737921,8.45148064805086,0,-2,0
"44007","Providence County, Rhode Island",2015,0.53475935828877,4.6060332929023,181.714310096509,15678,"RI",180.356783270038,179.562775402749,1.52736702953179,5.20243572902365,9.66001373474867,0,-2,0
"45019","Charleston County, South Carolina",2015,0.317073170731707,4.55965652657624,184.004038205247,12844,"SC",182.220469590381,180.201021979876,1.51724729757012,5.2149577041358,9.46063205520941,0,-2,0
"45045","Greenville County, South Carolina",2015,0.482758620689655,4.60227228406943,175.958398590724,12581,"SC",174.120377798942,171.718657518309,1.52655015632737,5.17024759545436,9.43994301835113,0,-2,0
"45057","Lancaster County, South Carolina",2015,0.380952380952381,4.37532720059293,227.209903251007,1290,"SC",227.850351581721,224.669483945417,1.47598130572,5.42587427414973,7.16239749735572,0,-2,0
"45079","Richland County, South Carolina",2015,0.229050279329609,4.55403248767934,183.736396476548,8765,"SC",183.347497033766,180.282588500635,1.51601310149387,5.21350210257169,9.07852179735533,0,-2,0
"45083","Spartanburg County, South Carolina",2015,0.425,4.65331510167506,172.347883257608,6139,"SC",171.906261461487,170.291992487984,1.5375798906803,5.14951501123737,8.7224171414275,0,-2,0
"45091","York County, South Carolina",2015,0.538461538461538,4.57790529230985,177.041239002658,4697,"SC",179.072533808526,178.347193871128,1.52124153374755,5.17638269415176,8.45467928602699,0,-2,0
"46065","Hughes County, South Dakota",2015,0.242424242424242,4.50767619280704,161.668972838991,671,"SD",160.973370064279,165.530398675757,1.50578176414049,5.08555086715108,6.50876913697168,0,-2,0
"46119","Sully County, South Dakota",2015,0.242424242424242,3.6305931688664,302.768166089965,68,"SD",306.122448979592,323.01180663845,1.28939604232844,5.71296738423327,4.21950770517611,0,-2,0
"47001","Anderson County, Tennessee",2015,1,4.45443551159476,200.673734680803,1524,"TN",196.355448615357,195.599982912555,1.49390034393711,5.30168037868222,7.32909373624659,0,-2,0
"47037","Davidson County, Tennessee",2015,0.601279317697228,4.67456248818879,160.248784070317,19051,"TN",161.652210219661,158.379296263721,1.5421355729471,5.07672750806726,9.85487487261543,0,-2,0
"47047","Fayette County, Tennessee",2015,0.333333333333333,4.33576468153352,211.992438563327,575,"TN",224.522382621215,219.700124947938,1.46689799180059,5.35655060688181,6.35437004079735,0,-2,0
"47065","Hamilton County, Tennessee",2015,0.285714285714286,4.6377232048991,177.551864136088,8815,"TN",176.709999211716,176.627055242362,1.53422355721178,5.1792627585516,9.08421009483197,0,-2,0
"47093","Knox County, Tennessee",2015,1,4.60662814683723,172.409640490374,11181,"TN",170.769413620281,170.387027004721,1.52749616787898,5.14987327598388,9.32197118814737,0,-2,0
"47157","Shelby County, Tennessee",2015,0.401709401709402,4.62415514618502,164.17390202542,19294,"TN",163.961647098489,161.074455170102,1.53129368318286,5.10092624422412,9.8675494457305,0,-2,0
"47187","Williamson County, Tennessee",2015,0.478632478632479,4.54098259570376,167.185140800096,6565,"TN",170.316407561168,170.222301243585,1.51314341940725,5.11910182588853,8.7895077867369,0,-2,0
"48029","Bexar County, Texas",2015,0.284552845528455,4.56307221370486,191.165893290056,35094,"TX",186.033360740397,186.00777264605,1.51799612774703,5.25314160233109,10.4657854546711,0,-2,0
"48039","Brazoria County, Texas",2015,0.541666666666667,4.56195520723361,190.588514705367,5354,"TX",187.87696912501,183.124400884604,1.51775130514534,5.25011673077576,8.5855992240803,0,-2,0
"48041","Brazos County, Texas",2015,0.805342567400445,4.55705518754252,182.905955725825,4136,"TX",186.760410936235,187.601131291329,1.5166766227071,5.20897211761038,8.32748441618826,0,-2,0
"48057","Calhoun County, Texas",2015,0.636363636363636,4.31792163794743,222.413658078158,452,"TX",210.768252726295,208.869659275284,1.46277418416218,5.40453897271271,6.11368217983223,0,-2,0
"48085","Collin County, Texas",2015,0.178919631093544,4.39685403800263,226.553482307978,21569,"TX",222.49877270409,218.675970918079,1.48088929383295,5.42298104203001,9.97901237762237,0,-2,0
"48113","Dallas County, Texas",2015,0.308264862252296,4.63035560375351,165.418007149894,64413,"TX",163.401527543286,162.858695902912,1.53263366941526,5.1084756469774,11.0730707550748,0,-2,0
"48121","Denton County, Texas",2015,0.181223134036733,4.5256726172607,198.656168571132,13591,"TX",194.627923498531,191.746891346568,1.50976621080386,5.29157553423825,9.51716308795535,0,-2,0
"48141","El Paso County, Texas",2015,0.25,4.57729667679772,188.46864051152,14169,"TX",186.87233402985,185.306745189861,1.52110857862212,5.23893162971404,9.55881175856423,0,-2,0
"48157","Fort Bend County, Texas",2015,0.147079037800687,4.49266461594305,198.959557093325,12118,"TX",197.120486348329,196.365290565142,1.50244598139559,5.29310157338353,9.40244722950493,0,-2,0
"48167","Galveston County, Texas",2015,0.25,4.55485103374425,200.339171290791,5568,"TX",197.250594609356,197.650621957815,1.51619282627906,5.30001178666109,8.62479120201426,0,-2,0
"48185","Grimes County, Texas",2015,0.318181818181818,4.34928383181318,194.396386005383,408,"TX",196.964723113053,197.408333131112,1.47001119518175,5.26989930134624,6.01126717440416,0,-2,0
"48201","Harris County, Texas",2015,0.31276031806134,4.64933740161884,165.544303711174,98994,"TX",162.66238063215,162.151351558,1.53672471517047,5.10923885513292,11.5028145212195,0,-2,0
"48215","Hidalgo County, Texas",2015,0.636363636363636,4.49987546090013,192.137762327828,11857,"TX",188.334744253767,191.912178645149,1.50404972103778,5.25821262686313,9.38067368945807,0,-2,0
"48245","Jefferson County, Texas",2015,0.150793650793651,4.56936659291445,188.920963394705,5658,"TX",184.332154511456,184.334916879226,1.51937459418728,5.24132874449991,8.64082575186151,0,-2,0
"48339","Montgomery County, Texas",2015,0.282828282828283,4.58531380322163,172.366518038944,10738,"TX",169.113075384146,168.960445929435,1.52285854463614,5.14962312845721,9.28154413098251,0,-2,0
"48375","Potter County, Texas",2015,NA,4.57760298456271,182.756182509035,3578,"TX",178.995901428357,179.788310793595,1.5211754953064,5.20815292847645,8.18255926406867,0,-2,0
"48381","Randall County, Texas",2015,NA,4.49808907425648,181.849242404332,2498,"TX",178.153431648301,178.667442947628,1.50365265642163,5.2031780053772,7.82324569068552,0,-2,0
"48439","Tarrant County, Texas",2015,0.338485316846986,4.63422461088056,172.927125278807,40445,"TX",170.15194065146,170.06369535604,1.53346889502988,5.15287026458783,10.6076983054521,0,-2,0
"48453","Travis County, Texas",2015,0.246202200104767,4.57413160819558,175.762475155878,33303,"TX",174.699853795277,174.399125550037,1.52041686829456,5.1691335105664,10.4134027620008,0,-2,0
"48473","Waller County, Texas",2015,0.454545454545455,4.55078122251033,157.50370301887,713,"TX",155.684874565993,154.338611668826,1.51529891547959,5.05944896922022,6.5694814204143,0,-2,0
"48491","Williamson County, Texas",2015,0.422727272727273,4.5109750157972,189.494605386663,9829,"TX",183.156169458496,187.001394560906,1.50651331990443,5.24436055650072,9.19309247856663,0,-2,0
"49035","Salt Lake County, Utah",2015,0.339563862928349,4.64054832239311,157.765594422654,30937,"UT",157.701563654026,155.558948865668,1.53483253218584,5.06111035182962,10.3397081575643,0,-2,0
"49049","Utah County, Utah",2015,0.43125,4.54673639914939,172.81403822859,12229,"UT",169.821594583844,167.093424445377,1.51440970068591,5.15221609281897,9.41156545918937,0,-2,0
"49051","Wasatch County, Utah",2015,0.172413793103448,4.26643295993698,227.981115519404,862,"UT",219.718093073093,228.775783148995,1.45077810574248,5.42926279885484,6.75925527066369,0,-2,0
"50007","Chittenden County, Vermont",2015,0.166666666666667,4.65291955725693,152.666997411099,5596,"VT",153.171066887145,154.653996768628,1.53749488435221,5.02825906189197,8.62980733578537,0,-2,0
"51003","Albemarle County, Virginia",2015,0.361111111111111,4.53021095398868,167.298523914937,2656,"VA",167.973743266068,172.316116885512,1.5107685066201,5.11977978497081,7.88457651059632,0,-2,0
"51013","Arlington County, Virginia",2015,0.265734265734266,4.08937077505466,347.066998562377,6257,"VA",354.704892872787,356.120164536882,1.40839111348949,5.84951784073991,8.74145611599836,0,-2,0
"51041","Chesterfield County, Virginia",2015,0.257142857142857,4.49155334429583,180.337868785336,7131,"VA",182.356098269628,181.990546681039,1.50219859833837,5.1948321402429,8.8722067560283,0,-2,0
"51059","Fairfax County, Virginia",2015,0.121125043538837,4.21226662455529,326.618369822822,30337,"VA",326.489342155504,320.538205425006,1.43800089344476,5.78879242458484,10.3201233686465,0,-2,0
"51075","Goochland County, Virginia",2015,0.969465648854962,4.3881582305127,198.61026193457,642,"VA",195.381349142766,195.403662829793,1.47890960158798,5.29134442164861,6.46458830368996,0,-2,0
"51085","Hanover County, Virginia",2015,0.139130434782609,4.51870789604456,185.499699314702,3112,"VA",190.291611494346,188.278405710886,1.50822608927037,5.22305326110117,8.04302088529828,0,-2,0
"51087","Henrico County, Virginia",2015,0.522041763341067,4.54416118343673,169.292964874545,9132,"VA",167.32965143699,167.023933445519,1.51384315249677,5.13163073407926,9.11954000764969,0,-2,0
"51107","Loudoun County, Virginia",2015,0.138177486599166,4.18314617752903,390.956682654814,9852,"VA",367.177626451117,355.244099120819,1.43106363746961,5.96859676779907,9.19542975924043,0,-2,0
"51153","Prince William County, Virginia",2015,0.197916666666667,4.32867416443424,228.226141229746,7848,"VA",228.629567178443,227.416458823147,1.4652612975361,5.4303369848976,8.9680140012452,0,-2,0
"51161","Roanoke County, Virginia",2015,0.45,4.4840882275658,175.076386959925,1990,"VA",176.115749830629,172.116077310986,1.50053518110149,5.16522237560031,7.59588991771854,0,-2,0
"51181","Surry County, Virginia",2015,0.212121212121212,3.47705682614646,405.092592592593,72,"VA",439.111111111111,390.796201607012,1.24618619633378,6.00411566466154,4.27666611901606,0,-2,0
"51183","Sussex County, Virginia",2015,0.193548387096774,3.97577598305942,286.195811616367,179,"VA",290.565213320433,267.81064115567,1.38021994491816,5.65667623255114,5.18738580584075,0,-2,0
"51510","Alexandria city, Virginia",2015,0.259259259259259,4.25517707537421,262.354169689939,4701,"VA",258.161121212238,260.044306694118,1.44813637699355,5.56969538362158,8.45553053102413,0,-2,0
"51540","Charlottesville city, Virginia",2015,0.371428571428571,4.42103965858081,238.110130894493,2027,"VA",242.340149472014,231.567340848815,1.48637488530394,5.47273330149353,7.614312146452,0,-2,0
"51550","Chesapeake city, Virginia",2015,0.114285714285714,4.48595343214703,193.897875059965,5359,"VA",187.860503576715,188.83692419038,1.50095105533683,5.26733160324046,8.58653266949485,0,-2,0
"51600","Fairfax city, Virginia",2015,0.114241001564945,4.05799131053618,347.167733365536,2275,"VA",357.94405678779,359.601975655284,1.40068810008447,5.84980804461255,7.72973533138505,0,-2,0
"51610","Falls Church city, Virginia",2015,0.00285001781261133,4.14384081838835,310.936150096989,858,"VA",304.905290431007,299.130872770919,1.42162309166833,5.73958758594687,6.75460409948796,0,-2,0
"51683","Manassas city, Virginia",2015,0.0454545454545455,4.25950938321554,235.495399864867,1486,"VA",225.123365205499,223.70447508698,1.44915398538964,5.46169137978317,7.3038432252777,0,-2,0
"51685","Manassas Park city, Virginia",2015,0.0434782608695652,3.71528741335277,426.260687335452,337,"VA",420.894255622854,389.6484375,1.3124560408172,6.05505110121115,5.82008293035236,0,-2,0
"51740","Portsmouth city, Virginia",2015,0.0606060606060606,4.44715182244769,203.660290905216,1644,"VA",215.637600201385,218.149859468678,1.49226385136578,5.3164533651291,7.40488757561612,0,-2,0
"51760","Richmond city, Virginia",2015,0.553191489361702,4.58005254983797,185.998084115094,6027,"VA",188.046121328139,185.19625084657,1.52171047182402,5.22573637320367,8.70400465348304,0,-2,0
"51770","Roanoke city, Virginia",2015,0.545454545454545,4.5953096820552,176.161250487345,3151,"VA",173.712544182003,177.228794727406,1.52503614897851,5.17139977153764,8.05547514175727,0,-2,0
"51800","Suffolk city, Virginia",2015,0.108108108108108,4.39555114972448,219.616468197861,1545,"VA",218.670156849368,219.636621427649,1.48059292708008,5.39188269861717,7.34277918933185,0,-2,0
"53011","Clark County, Washington",2015,0.818181818181818,4.5642313012124,170.205738570067,10228,"WA",168.264183785128,169.152008650875,1.51825011021006,5.13700793219877,9.23288433641108,0,-2,0
"53033","King County, Washington",2015,1,4.59168515351171,177.348107941714,66621,"WA",176.372655787476,175.651792637394,1.52424709253591,5.17811451266379,11.1067751221424,0,-2,0
"53053","Pierce County, Washington",2015,0.702702702702703,4.54079974440117,188.520185946718,16989,"WA",187.301218100602,187.583067901029,1.5131031516942,5.23920508840513,9.74032135478191,0,-2,0
"53061","Snohomish County, Washington",2015,0.23463687150838,4.50508650516794,200.986986714634,17820,"WA",196.963906867205,195.708539986529,1.505207092911,5.30324016324991,9.7880767010248,0,-2,0
"53063","Spokane County, Washington",2015,0.476190476190476,4.64664122146974,160.330257264199,12665,"WA",158.379449609909,161.648148393272,1.53614464063846,5.07723579579123,9.44659756243577,0,-2,0
"53067","Thurston County, Washington",2015,0.0275590551181102,4.52860446454548,188.269682633458,6017,"WA",188.317593159478,189.806574073881,1.51041382681136,5.23787541703625,8.70234407522035,0,-2,0
"54039","Kanawha County, West Virginia",2015,0.488372093023256,4.57707078425992,176.223024671094,4975,"WV",176.701982576622,174.729045197698,1.52105922676056,5.17175037846728,8.51218064959269,0,-2,0
"55025","Dane County, Wisconsin",2015,0.961783439490446,4.64103562466624,161.581175370888,13815,"WI",159.630823743463,160.472106047901,1.53493753630504,5.08500765026009,9.53351023735752,0,-2,0
"55073","Marathon County, Wisconsin",2015,1,4.68425380188532,149.531651363153,3276,"WI",150.889480319372,150.425258522733,1.54420662912775,5.00750808522602,8.09437844497296,0,-2,0
"55079","Milwaukee County, Wisconsin",2015,0.475961538461538,4.65479217494597,160.74716413221,19558,"WI",160.427767998605,159.117232369104,1.53789726417835,5.07983272148286,9.88113968887222,0,-2,0
"55089","Ozaukee County, Wisconsin",2015,0.19047619047619,4.63325119269254,155.55921734886,2774,"WI",154.210909090909,156.72631713363,1.53325882311553,5.04702647808988,7.92804560087478,0,-2,0
"55101","Racine County, Wisconsin",2015,0.153846153846154,4.64986595418346,153.961288982115,4007,"WI",151.62718827143,153.199414156208,1.53683839212644,5.03670120056883,8.29579811063615,0,-2,0
"55133","Waukesha County, Wisconsin",2015,0.137931034482759,4.67476185235667,146.905040687097,12471,"WI",146.588704826349,147.210386256208,1.54217822077076,4.98978639632222,9.43116122792075,0,-2,0
"55141","Wood County, Wisconsin",2015,0.9,4.62994010428078,161.332032265133,1772,"WI",165.228138714898,165.562445688782,1.53254393157403,5.08346455354368,7.47986413116503,0,-2,0
"01017","Chambers County, Alabama",2016,0.22,4.07926732865922,319.055471453287,544,"AL",305.201124567474,308.037270010455,1.4059173959813,5.76536497937053,6.29894924685594,0,-1,1
"01073","Jefferson County, Alabama",2016,0.65,4.58191884754576,179.620512985832,16475,"AL",177.921104053727,173.826391855972,1.52211787273211,5.19084636418924,9.70959935937071,0,-1,1
"01081","Lee County, Alabama",2016,0.209876543209877,4.49691493617549,213.199585286341,2716,"AL",219.085907045143,215.133222126229,1.5033915919271,5.36222874710378,7.90691548867859,0,-1,1
"01087","Macon County, Alabama",2016,0.242424242424242,4.04846045107653,256.5,200,"AL",299.583581201666,278.065793194458,1.39833667331196,5.54712866461082,5.29831736654804,0,-1,1
"01089","Madison County, Alabama",2016,0.285714285714286,4.47814399482525,196.55911786025,8324,"AL",196.500854687848,197.869063902464,1.49920867371701,5.28096324031238,9.02689818751353,0,-1,1
"01101","Montgomery County, Alabama",2016,0.22972972972973,4.60153531618376,170.167424733787,5584,"AL",170.887494668702,171.168313059174,1.52639001219588,5.13678280377754,8.62766064444221,0,-1,1
"01117","Shelby County, Alabama",2016,0.28,4.56093585283288,167.941639761039,5123,"AL",168.679436213439,164.883368639613,1.51752783335372,5.12361653667726,8.5414954839392,0,-1,1
"04013","Maricopa County, Arizona",2016,1,4.57472713768129,177.304661617307,91177,"AZ",175.588419960189,172.016276441686,1.52054705491195,5.17786950499232,11.420557951274,0,-1,1
"04019","Pima County, Arizona",2016,0.475,4.57447668204414,176.005719454683,20176,"AZ",173.314653547664,172.003662390944,1.52049230574642,5.17051649141175,9.9122490582047,0,-1,1
"04021","Pinal County, Arizona",2016,1,4.55734864829514,182.175929973498,3482,"AZ",177.975244800312,172.89268951901,1.516741017649,5.20497286837931,8.15536212032814,0,-1,1
"05007","Benton County, Arkansas",2016,0.863636363636364,4.38411819846842,268.971872387876,6056,"AR",269.878433933753,290.886515980681,1.47798851061174,5.59460681052084,8.70880479511728,0,-1,1
"05119","Pulaski County, Arkansas",2016,0.299539170506912,4.58016431560397,174.538154676998,12076,"AR",171.630670619011,171.117178353069,1.52173487425196,5.16214336918585,9.39897529082673,0,-1,1
"06001","Alameda County, California",2016,0.200784826684107,4.61210115429113,190.04106382617,39144,"CA",189.85651756639,188.396760343438,1.52868353501346,5.24724017420965,10.575002432969,0,-1,1
"06013","Contra Costa County, California",2016,0.151996565049377,4.49842872842654,189.510459287039,23531,"CA",188.642518234749,187.42105240951,1.50372816434096,5.2444442171262,10.0660739797559,0,-1,1
"06017","El Dorado County, California",2016,0.13,4.4408952654622,209.541844103138,4427,"CA",205.185666937371,198.531363478634,1.49085599248361,5.34492345260738,8.39547743273214,0,-1,1
"06019","Fresno County, California",2016,0.5,4.56180341542657,189.882157844942,16598,"CA",188.410058673411,189.402884520757,1.51771803118154,5.24640365787461,9.71703748515839,0,-1,1
"06029","Kern County, California",2016,0.96,4.55499747191306,201.547852580438,12711,"CA",197.936516165104,198.068011004341,1.51622497569817,5.30602683498118,9.45022303929467,0,-1,1
"06037","Los Angeles County, California",2016,0.287047619047619,4.60773417587196,176.541801903799,268774,"CA",174.351340985729,172.752132278379,1.52773623420181,5.17355768631353,12.5016261567624,0,-1,1
"06041","Marin County, California",2016,0.31740614334471,4.47164060901039,190.363206749413,9923,"CA",186.997759155595,186.090015088044,1.49775536791193,5.24893386182132,9.20261057391424,0,-1,1
"06053","Monterey County, California",2016,0.275862068965517,4.51409063882689,202.07879503969,8602,"CA",204.107274324174,197.136541085899,1.50720375768575,5.30865769579585,9.05975001334368,0,-1,1
"06059","Orange County, California",2016,0.306522473808719,4.57082071265587,182.954235170401,94556,"CA",181.334402362282,180.292147371779,1.51969277579671,5.20923604052988,11.4569475305608,0,-1,1
"06061","Placer County, California",2016,0.425,4.46825795266445,193.610379320959,10370,"CA",192.542299774532,188.896202006833,1.49699861290313,5.26584778560043,9.24667230122357,0,-1,1
"06065","Riverside County, California",2016,0.397849462365591,4.56921703074432,193.354851796335,37331,"CA",190.920840898041,189.103669149064,1.51934186216308,5.26452711107354,10.5275793596559,0,-1,1
"06067","Sacramento County, California",2016,0.153236459709379,4.54163514816816,188.014695771309,29085,"CA",186.898216193381,188.127371338126,1.51328711200424,5.23652012877123,10.2779778563449,0,-1,1
"06071","San Bernardino County, California",2016,0.307443365695793,4.65965440591488,180.315252115191,34446,"CA",177.752197768928,175.423821875041,1.53894128356659,5.19470671961646,10.4471481593957,0,-1,1
"06073","San Diego County, California",2016,0.594368340943683,4.57122543900204,183.121851078605,82967,"CA",180.804908227914,179.12873600491,1.51978131753884,5.2101517841483,11.3261982173573,0,-1,1
"06075","San Francisco County, California",2016,1,4.40437758743758,237.945021740766,34151,"CA",239.202743927893,238.922737493695,1.48259895256884,5.47203964589739,10.4385471471471,0,-1,1
"06077","San Joaquin County, California",2016,0.322033898305085,4.58216655997327,191.38074265038,11238,"CA",186.293061572836,184.223726167229,1.52217193430325,5.2542648608451,9.32705617167214,0,-1,1
"06081","San Mateo County, California",2016,0.1923828125,4.5265132348599,193.032983789451,21116,"CA",189.35242499649,186.187025802823,1.50995193779077,5.26286107476654,9.95778632594351,0,-1,1
"06083","Santa Barbara County, California",2016,0.434343434343434,4.59780793762072,180.779527276429,11611,"CA",179.815443728318,178.349678024104,1.52557965461618,5.19727820745606,9.35970820362701,0,-1,1
"06085","Santa Clara County, California",2016,0.273358611055677,4.46009104413131,217.917973202084,48134,"CA",215.351320677795,212.286870765487,1.49516917930598,5.38411872226667,10.7817440670923,0,-1,1
"06087","Santa Cruz County, California",2016,0.444444444444444,4.55630442977299,188.46701074205,7014,"CA",190.5237627223,188.75368993943,1.51651186288136,5.23892298224615,8.85566343070012,0,-1,1
"06095","Solano County, California",2016,0.196078431372549,4.55662154150235,197.024000963394,6971,"CA",195.257439847748,192.21467382305,1.51658145891023,5.28332555361853,8.8495139654864,0,-1,1
"06097","Sonoma County, California",2016,0.417582417582418,4.6001885689784,176.461104723434,13838,"CA",176.486973991997,173.661120828287,1.52609729591102,5.17310048224945,9.53517371005876,0,-1,1
"06111","Ventura County, California",2016,0.185022026431718,4.61767004072422,173.551759605222,20882,"CA",173.136832661098,173.951352446457,1.52989025769189,5.15647588115136,9.94664282285006,0,-1,1
"08001","Adams County, Colorado",2016,0.461538461538462,4.61327689173004,170.231255386383,9440,"CO",166.522581556101,163.530269569022,1.52893842699499,5.1371578384476,9.15271125913955,0,-1,1
"08005","Arapahoe County, Colorado",2016,0.266331658291457,4.51444385404147,175.045397431264,18453,"CO",174.613216127923,172.351543564179,1.50728200188254,5.16504535417448,9.82298223787648,0,-1,1
"08013","Boulder County, Colorado",2016,0.335195530726257,4.46700110216014,205.230101037607,12381,"CO",204.449967647178,201.64992186525,1.49671728910381,5.32413179375492,9.42391831842069,0,-1,1
"08014","Broomfield County, Colorado",2016,0.366666666666667,4.43409230210223,194.952014241361,2021,"CO",197.067193252396,202.006625409453,1.48932292787015,5.27275344746736,7.61134771740362,0,-1,1
"08031","Denver County, Colorado",2016,0.386167146974063,4.56922361148747,184.05345219369,24946,"CO",182.670499375798,179.18124101718,1.51934330239636,5.21522621647439,10.1244687676857,0,-1,1
"08035","Douglas County, Colorado",2016,0.205741626794258,4.37675032265958,212.252317073187,8991,"CO",211.211628206887,211.8917158976,1.47630651355217,5.35777574184889,9.10397935598477,0,-1,1
"08041","El Paso County, Colorado",2016,0.333333333333333,4.50384590123435,177.921013693228,17087,"CO",175.859848250774,173.677540531035,1.50493167649417,5.18133970851242,9.74607321944827,0,-1,1
"08059","Jefferson County, Colorado",2016,0.575,4.49092340307704,186.794267863321,17033,"CO",185.967900847489,185.082007867972,1.50205833831042,5.23000783936739,9.74290791786058,0,-1,1
"08069","Larimer County, Colorado",2016,0.8,4.56753557124389,173.094350869708,10569,"CO",172.788487060948,172.40304690556,1.51897379714203,5.15383682658151,9.26568046700935,0,-1,1
"08123","Weld County, Colorado",2016,0.375,4.59878277747672,167.409099814876,5912,"CO",166.032724572817,163.806253228306,1.52579165488668,5.12044051628449,8.68473946262804,0,-1,1
"09001","Fairfield County, Connecticut",2016,0.357766143106457,4.55839137586312,180.663587526899,27095,"CT",177.554707452455,177.568118753283,1.5169697928378,5.19663666941725,10.2071044880002,0,-1,1
"09003","Hartford County, Connecticut",2016,0.0623548922056385,4.62729983144651,170.338995742563,22785,"CT",169.904127790641,167.581740401922,1.53197350822448,5.13779054409008,10.033857703698,0,-1,1
"09007","Middlesex County, Connecticut",2016,0.263157894736842,4.59919053040448,179.936559716397,4207,"CT",179.912801327159,179.911645679511,1.52588031635902,5.1926043427465,8.34450508359052,0,-1,1
"09009","New Haven County, Connecticut",2016,0.320388349514563,4.60974233766864,187.560541022572,19601,"CT",186.435484466329,185.542181316671,1.52817196340069,5.23410167874789,9.88333586432528,0,-1,1
"09013","Tolland County, Connecticut",2016,0.333333333333333,4.45236227633426,202.99401445987,2455,"CT",200.992396145574,197.061669444323,1.49343480394231,5.31317649318773,7.80588204022862,0,-1,1
"10003","New Castle County, Delaware",2016,0.286885245901639,4.59794908498966,165.037105487386,16042,"DE",167.548484927589,170.040132395621,1.5256103529847,5.10617033036021,9.68296556192687,0,-1,1
"11001","District of Columbia, District of Columbia",2016,0.560869565217391,4.19219543852897,273.695160297784,23096,"DC",273.459455773359,278.194877323997,1.43322456771847,5.61201493338311,10.0474147213428,0,-1,1
"12001","Alachua County, Florida",2016,0.361702127659574,4.52646066197261,185.13676779985,6117,"FL",182.932636809931,182.442001126363,1.50994032328974,5.22109483734607,8.71882705924257,0,-1,1
"12009","Brevard County, Florida",2016,0.0687830687830688,4.51598423873337,188.321120415576,13924,"FL",185.715296925388,183.406696685323,1.50762315618685,5.23814859302473,9.54136924893133,0,-1,1
"12011","Broward County, Florida",2016,0.801195814648729,4.56248809814831,173.734119597695,60183,"FL",171.524644423764,170.228449872528,1.51786811028018,5.15752608226897,11.0051451993902,0,-1,1
"12031","Duval County, Florida",2016,0.18864774624374,4.57112663285203,171.575914244189,25210,"FL",171.388273275682,170.150477678195,1.51975970249946,5.14502581732014,10.134996020182,0,-1,1
"12057","Hillsborough County, Florida",2016,0.128071900014043,4.55132975228318,169.061692925983,36519,"FL",166.795260872938,167.017370171892,1.51541944351425,5.13026369520897,10.5055879520777,0,-1,1
"12065","Jefferson County, Florida",2016,0.0909090909090909,4.0976893186752,230.896294168342,236,"FL",236.394001480691,237.734277384423,1.41042323402798,5.44196866672253,5.46383180502561,0,-1,1
"12069","Lake County, Florida",2016,0.214285714285714,4.49192305150065,188.651345357221,7137,"FL",188.621560222089,185.501288720831,1.50228090660941,5.23990057788355,8.87304779897107,0,-1,1
"12071","Lee County, Florida",2016,0.536585365853659,4.45791573039145,198.092354985227,18145,"FL",193.991855759454,190.720313403663,1.49468133177726,5.28873336126486,9.80615031964717,0,-1,1
"12073","Leon County, Florida",2016,0.180851063829787,4.44752107566888,197.384251001702,7594,"FL",194.951442881871,194.805463690049,1.49234687931422,5.28515234165705,8.93511374079175,0,-1,1
"12081","Manatee County, Florida",2016,0.4,4.52659902388056,179.300623130168,8728,"FL",180.803021205872,174.884583495347,1.50997089017271,5.18906385595456,9.07429152751291,0,-1,1
"12086","Miami-Dade County, Florida",2016,0.28694900605013,4.60816001814839,163.196173414907,83825,"FL",162.315348921479,160.461951392122,1.52782864895133,5.09495299504254,11.3364865713344,0,-1,1
"12095","Orange County, Florida",2016,0.225997045790251,4.57961042647496,171.234582142927,36765,"FL",169.582192434713,168.08443874576,1.52161393478669,5.1430344418071,10.5123015846303,0,-1,1
"12097","Osceola County, Florida",2016,0.28125,4.39800462549486,216.187598492391,5996,"FL",218.316981549324,222.209000333662,1.48115094385891,5.3761465422851,8.69884785922249,0,-1,1
"12099","Palm Beach County, Florida",2016,0.0907457322551662,4.50365375459989,185.566476134269,47561,"FL",184.707245616018,185.155645204085,1.50488901279351,5.223413179761,10.769768376656,0,-1,1
"12101","Pasco County, Florida",2016,0.463414634146341,4.50591131145904,179.297507555556,9375,"FL",181.225205479452,182.388232072532,1.50539015949479,5.18904647954155,9.14580185083861,0,-1,1
"12103","Pinellas County, Florida",2016,0.298245614035088,4.56192523399759,175.491606231226,28101,"FL",174.941068825348,172.397604487811,1.51774473486284,5.16759121401983,10.2435604418772,0,-1,1
"12105","Polk County, Florida",2016,0.774193548387097,4.60882704243933,162.281900285023,11533,"FL",162.594829123419,162.275743278684,1.52797338698507,5.08933494818479,9.35296777022594,0,-1,1
"12115","Sarasota County, Florida",2016,0.576923076923077,4.45430941496285,192.543761153615,13662,"FL",191.608731265723,188.616776859745,1.49387203543059,5.26032345856027,9.52237353529179,0,-1,1
"12117","Seminole County, Florida",2016,0.192192192192192,4.53074727918365,173.772840709745,13316,"FL",174.242892289828,172.700065964269,1.51088688818236,5.15774893312742,9.49672159869491,0,-1,1
"13057","Cherokee County, Georgia",2016,0.166219839142091,4.46058004208762,191.027784267878,5148,"GA",194.55167377156,189.082451933922,1.49527881185538,5.25241888483836,8.54636356871602,0,-1,1
"13063","Clayton County, Georgia",2016,0.260869565217391,4.42941683080796,203.653688888889,3750,"GA",202.442669582561,197.811706007613,1.48826793449048,5.31642094779675,8.22951111896446,0,-1,1
"13067","Cobb County, Georgia",2016,0.323619631901841,4.53781317458599,176.608777711296,20166,"GA",176.520057585948,176.222038051546,1.51244521640176,5.17393699084913,9.91175329695316,0,-1,1
"13089","DeKalb County, Georgia",2016,0.277930654925702,4.52973637473826,188.91031867809,16805,"GA",187.495471582895,187.092930975731,1.51066374237951,5.2412723980981,9.72943174015921,0,-1,1
"13113","Fayette County, Georgia",2016,0.215909090909091,4.45632024551468,188.802946512591,3451,"GA",186.636542795616,183.882343414095,1.49432336842558,5.24070386011817,8.146419323098,0,-1,1
"13117","Forsyth County, Georgia",2016,0.159457478005865,4.41268524772362,220.175888887813,6164,"GA",211.496387215564,209.404489116555,1.48448340386511,5.39442672187112,8.72648119644001,0,-1,1
"13121","Fulton County, Georgia",2016,0.243104021269525,4.48473303928618,200.979119724118,35885,"GA",201.402895379338,202.062426085308,1.50067897072608,5.30320102069341,10.4880746598642,0,-1,1
"13135","Gwinnett County, Georgia",2016,0.143026004728132,4.54660968603261,175.841487010964,23132,"GA",173.676867909921,172.535677350395,1.51438183127116,5.16958294723332,10.0489722192781,0,-1,1
"13151","Henry County, Georgia",2016,0.0606060606060606,4.37523691514846,218.323434115204,3588,"GA",215.312568304342,214.542232612435,1.47596067037734,5.38597760600889,8.18535022317869,0,-1,1
"13217","Newton County, Georgia",2016,0.285714285714286,4.45545064370382,206.450870539428,1389,"GA",207.433935788458,203.821928248034,1.4941282103982,5.33006246903151,7.23633934275434,0,-1,1
"13247","Rockdale County, Georgia",2016,0.266666666666667,4.48815245044531,194.41630794232,1973,"GA",183.764308476871,188.973323413753,1.50144113610277,5.27000177710007,7.58731050602262,0,-1,1
"13285","Troup County, Georgia",2016,0.16,4.48438974811021,201.111589900731,1416,"GA",202.184866728661,201.159833187983,1.50060242117173,5.30385992764268,7.25559127425367,0,-1,1
"15003","Honolulu County, Hawaii",2016,0.413333333333333,4.48187296526853,216.881245279721,21391,"HI",213.584705693645,211.081337721884,1.50004103166348,5.37934994696533,9.97072555180181,0,-1,1
"16001","Ada County, Idaho",2016,0.686390532544379,4.58344244025022,164.89973195526,13162,"ID",163.850177993328,162.575282213726,1.52245034030664,5.10533760406551,9.48508916901606,0,-1,1
"16015","Boise County, Idaho",2016,0.789855072463768,3.81426074284051,316.037161750984,157,"ID",352.888888888889,373.406603306157,1.33874686950862,5.75585980715031,5.05624580534831,0,-1,1
"16039","Elmore County, Idaho",2016,0.789855072463768,4.31598740095137,198.571649536773,433,"ID",209.814049586777,203.831417624521,1.46232612824227,5.29114998984392,6.07073772800249,0,-1,1
"17031","Cook County, Illinois",2016,0.375,4.59629671945759,174.706566818232,133086,"IL",172.81907611029,170.197339627587,1.52525091827194,5.16310780554765,11.7987508147788,0,-1,1
"17043","DuPage County, Illinois",2016,0.189097103918228,4.61603117421336,158.319675765526,33927,"IL",159.341944385685,157.163434957419,1.52953528269542,5.06461625332307,10.4319664365394,0,-1,1
"17089","Kane County, Illinois",2016,0.218954248366013,4.62552016954242,162.579942176588,12682,"IL",159.424213564175,158.653444573751,1.53158883373047,5.09116983265708,9.44793894425998,0,-1,1
"17093","Kendall County, Illinois",2016,0.150684931506849,4.42993755225631,205.41279683502,2158,"IL",206.151361441824,199.455599122649,1.48838548740155,5.32502159757431,7.67693714581808,0,-1,1
"17097","Lake County, Illinois",2016,0.449678800856531,4.5593733260177,175.876529269163,19799,"IL",173.786017854041,173.411872140541,1.51718518557724,5.16978221060165,9.8933867103567,0,-1,1
"17111","McHenry County, Illinois",2016,0.470588235294118,4.56012817799066,176.001327147146,7989,"IL",173.236292911222,170.573620017907,1.51735073233972,5.1704915356185,8.98582087448204,0,-1,1
"17113","McLean County, Illinois",2016,0.106854838709677,4.53865103790695,180.220439668858,3583,"IL",179.874898871388,176.23537151304,1.5126298396876,5.19418076642692,8.18395571730495,0,-1,1
"17143","Peoria County, Illinois",2016,0.4625,4.61369893065969,168.199468243857,4433,"IL",165.269701560722,166.819212612534,1.52902990635682,5.12515058608234,8.39683183474505,0,-1,1
"17161","Rock Island County, Illinois",2016,0.260869565217391,4.57632530454469,181.656220459871,3142,"IL",181.196054873275,180.433342821659,1.52089634083065,5.20211600228607,8.05261481881557,0,-1,1
"17163","St. Clair County, Illinois",2016,0.521739130434783,4.56470186893839,178.66818950686,5260,"IL",177.705989069745,178.210766369957,1.51835320390516,5.18553039572566,8.56788630573176,0,-1,1
"17167","Sangamon County, Illinois",2016,0.170634920634921,4.55832366747132,177.257316827054,4965,"IL",178.110128071775,174.261369727398,1.51695493915608,5.17760244426155,8.51016857647927,0,-1,1
"17197","Will County, Illinois",2016,0.248618784530387,4.55440445601966,181.692566395783,14921,"IL",178.398102216953,174.520617514158,1.51609477705309,5.20231606314962,9.61052489564042,0,-1,1
"18003","Allen County, Indiana",2016,0.346153846153846,4.67094783489865,151.934729441477,9128,"IN",149.446870790725,150.801374583814,1.54136201359177,5.0234510170535,9.11910189154191,0,-1,1
"18005","Bartholomew County, Indiana",2016,0.583333333333333,4.59516265699804,174.879319919689,1836,"IN",170.467114881502,168.408506471665,1.52500415387494,5.16409613558083,7.51534457118044,0,-1,1
"18011","Boone County, Indiana",2016,0.464285714285714,4.5604561213132,173.744049025937,1453,"IN",168.609480274498,174.270797565689,1.51742264512774,5.15758323364792,7.28138566357028,0,-1,1
"18057","Hamilton County, Indiana",2016,0.326666666666667,4.46085703626119,192.725863399685,8652,"IN",188.738668622181,183.789065922085,1.49534090816817,5.26126878229215,9.06554578707295,0,-1,1
"18063","Hendricks County, Indiana",2016,0.27027027027027,4.48848080335453,193.506664955962,3199,"IN",192.644083193688,193.159750670339,1.50151429335452,5.26531195609351,8.07059353994952,0,-1,1
"18085","Kosciusko County, Indiana",2016,0.465116279069767,4.63906682514279,172.594269320999,1946,"IN",169.014628741167,165.490573498651,1.53451323074082,5.15094357601817,7.57353126274595,0,-1,1
"18097","Marion County, Indiana",2016,0.187604690117253,4.66244380856122,160.846345712512,23245,"IN",159.928879842997,156.638043447818,1.53953973311419,5.08044953482275,10.0538453341247,0,-1,1
"18157","Tippecanoe County, Indiana",2016,0.380952380952381,4.54772476958386,197.816725583705,3572,"IN",194.239425408102,189.691469166378,1.51462705725493,5.28734097367093,8.18088094199639,0,-1,1
"19049","Dallas County, Iowa",2016,0.163461538461538,4.37811648119056,192.199444278131,1948,"IA",196.625238289477,190.418388429752,1.47661860477473,5.25853360515912,7.57455848420248,0,-1,1
"19113","Linn County, Iowa",2016,0.5,4.63678157107427,159.807296305067,5469,"IA",158.363136224419,157.61411936992,1.53402049864406,5.07396869127023,8.60685106334677,0,-1,1
"19153","Polk County, Iowa",2016,0.251633986928105,4.60624120013006,160.994923278395,12646,"IA",158.348645379779,157.483971341439,1.52741216653416,5.08137283205498,9.44509623861856,0,-1,1
"19169","Story County, Iowa",2016,0.043956043956044,4.56218714778198,173.814306926369,2033,"IA",171.348568181077,172.670870303646,1.5178021462084,5.15798752777686,7.61726781362835,0,-1,1
"20091","Johnson County, Kansas",2016,0.239700374531835,4.54048181227677,166.917727147824,17838,"KS",166.638735149378,166.065267712967,1.51303313247444,5.11750103921454,9.78908629222615,0,-1,1
"20173","Sedgwick County, Kansas",2016,0.441176470588235,4.6267737195705,169.255540929667,12164,"KS",167.741414891935,164.25460110313,1.53185980437856,5.13140964939338,9.40623604879726,0,-1,1
"20177","Shawnee County, Kansas",2016,0.4,4.59190170985519,165.858853911933,4213,"KS",161.324543611931,161.759048859446,1.52429425413992,5.11113714902652,8.34593026197902,0,-1,1
"21015","Boone County, Kentucky",2016,0.153846153846154,4.65599253016995,165.983902252409,3088,"KY",167.712255876135,166.273382916881,1.53815510608291,5.11189080927115,8.03527891114467,0,-1,1
"21029","Bullitt County, Kentucky",2016,0.25974025974026,4.36260313327117,197.388285024155,1104,"KY",199.910777371058,201.306490151816,1.47306892811356,5.28517277885612,7.00669522683704,0,-1,1
"21067","Fayette County, Kentucky",2016,0.40625,4.5977428275207,172.043178511295,8682,"KY",172.68107772598,173.664233281129,1.52556549339806,5.14774548316509,9.06900719585954,0,-1,1
"21111","Jefferson County, Kentucky",2016,0.229166666666667,4.64381529014219,163.809470460079,19796,"KY",163.125500797237,160.802063293609,1.53553628917345,5.09870398696422,9.89323517607178,0,-1,1
"21117","Kenton County, Kentucky",2016,0.27027027027027,4.55041099371084,175.369670413503,3101,"KY",173.761268741535,179.810926375877,1.5152175571716,5.16689614830157,8.03947991910045,0,-1,1
"22033","East Baton Rouge Parish, Louisiana",2016,0.269230769230769,4.59742251550857,166.636121011399,12255,"LA",166.568275811008,164.184650023628,1.52549582374008,5.11581251902576,9.41368929596221,0,-1,1
"22049","Jackson Parish, Louisiana",2016,0.04,3.98452837778446,283.43341328058,239,"LA",278.655558747486,271.455576559546,1.38241895587434,5.6469772217908,5.47646355193151,0,-1,1
"22051","Jefferson Parish, Louisiana",2016,0.147058823529412,4.60229804230582,170.442114334961,11800,"LA",170.883938001675,170.936446717784,1.5265557531636,5.13839573371178,9.37585481045376,0,-1,1
"22061","Lincoln Parish, Louisiana",2016,0.04,4.51814958827787,178.098694761397,1083,"LA",179.473913143014,186.366835381116,1.50810252689963,5.18233786158486,6.98749024700099,0,-1,1
"22071","Orleans Parish, Louisiana",2016,0.555555555555556,4.44610422536147,244.745348581158,9295,"LA",249.861141375881,248.486743142422,1.49202825776869,5.50021827645437,9.13723190015554,0,-1,1
"22111","Union Parish, Louisiana",2016,0.04,4.08117742387974,260.320016806134,338,"LA",244.182294094446,241.600569545733,1.40638553106789,5.56191170803025,5.82304589548302,0,-1,1
"23005","Cumberland County, Maine",2016,0.645161290322581,4.64695999661751,162.281847098491,11308,"ME",163.539923488777,162.006256949236,1.53621324163401,5.08933462044312,9.33326571881348,0,-1,1
"24003","Anne Arundel County, Maryland",2016,0.371134020618557,4.49526892920442,193.026993376278,14187,"MD",190.520573976058,185.953268274075,1.50302549465549,5.26283004117835,9.56008133131199,0,-1,1
"24005","Baltimore County, Maryland",2016,0.223529411764706,4.52284712780191,178.085059656941,19895,"MD",176.50189882701,175.945924725658,1.50914169107461,5.18226129939305,9.89822372286103,0,-1,1
"24021","Frederick County, Maryland",2016,0.354166666666667,4.48660222712313,187.287177293458,6128,"MD",189.314861923884,185.832315579003,1.50109567299135,5.23264314631342,8.72062371142043,0,-1,1
"24027","Howard County, Maryland",2016,0.25398773006135,4.41027128523829,228.4433863194,9368,"MD",225.210322303302,221.572422541402,1.48393620349378,5.43128841735778,9.14505490527755,0,-1,1
"24031","Montgomery County, Maryland",2016,0.303016400963413,4.37077624561946,211.561649962732,27352,"MD",209.818276173312,209.282345673257,1.47494062390959,5.35451644519711,10.2165449313191,0,-1,1
"24033","Prince George's County, Maryland",2016,0.331775700934579,4.46652935521159,196.019610386897,15056,"MD",194.173733117102,197.615815066765,1.49661167644569,5.27821470721992,9.61953186182516,0,-1,1
"24510","Baltimore city, Maryland",2016,0.272401433691756,4.54026212041994,208.499217527476,12531,"MD",209.883081663372,204.48183227678,1.51298474616193,5.33993528836599,9.43596085316529,0,-1,1
"25005","Bristol County, Massachusetts",2016,0.407894736842105,4.60228587043614,182.833099153547,12804,"MA",182.302974302035,182.704447084423,1.52655310842272,5.20857371020887,9.45751290108975,0,-1,1
"25009","Essex County, Massachusetts",2016,0.516320474777448,4.59354651526272,184.74001609482,18676,"MA",182.056337762499,180.424461205136,1.52465238700068,5.21894951828593,9.83499455609083,0,-1,1
"25013","Hampden County, Massachusetts",2016,1,4.6247533376328,169.937918941494,9663,"MA",171.154259223405,171.320655014157,1.53142303713845,5.13543318765773,9.17605943799931,0,-1,1
"25017","Middlesex County, Massachusetts",2016,0.383210509452099,4.56505795262818,178.160063593062,44002,"MA",176.741130135274,174.975896271744,1.51843120895609,5.18268237989259,10.6919903664128,0,-1,1
"25021","Norfolk County, Massachusetts",2016,0.119428090832632,4.5605682072957,173.719218119243,20064,"MA",174.745878997858,173.516846331891,1.5174472226266,5.15744030684624,9.90668244343265,0,-1,1
"25023","Plymouth County, Massachusetts",2016,0.445378151260504,4.55222754172294,187.567938393033,12451,"MA",185.71199067864,184.019129310352,1.5156166827722,5.23414111787805,9.42955621995241,0,-1,1
"25025","Suffolk County, Massachusetts",2016,0.497264021887825,4.46869501908928,217.391746540192,21128,"MA",217.674867429368,217.400502026036,1.49709642396391,5.3817010095699,9.95835445397697,0,-1,1
"25027","Worcester County, Massachusetts",2016,0.314176245210728,4.6207783852465,177.398364530183,18030,"MA",175.980169045542,173.347098296823,1.53056317255729,5.17839785072466,9.79979231619736,0,-1,1
"26021","Berrien County, Michigan",2016,1,4.62348335595809,175.921681301653,3520,"MI",173.118193519342,169.02856076736,1.53114839414978,5.17003890339532,8.16621626859214,0,-1,1
"26045","Eaton County, Michigan",2016,0.333333333333333,4.56704922292192,177.490444916582,2095,"MI",178.615685884094,183.883366894275,1.51886731210009,5.17891677601063,7.64730883235624,0,-1,1
"26065","Ingham County, Michigan",2016,0.380952380952381,4.57820585314424,189.164374036631,6106,"MI",187.954984070546,188.267951125243,1.5213071862565,5.24261634098386,8.71702717329482,0,-1,1
"26075","Jackson County, Michigan",2016,0.315789473684211,4.65093054198249,159.740784780024,2900,"MI",160.902564437972,157.646637542754,1.53706731613399,5.07355240633572,7.97246601597457,0,-1,1
"26077","Kalamazoo County, Michigan",2016,0.615384615384615,4.63888573188887,176.532011800631,5560,"MI",173.409420442425,169.570405613814,1.53447419340951,5.17350222990305,8.62335338724463,0,-1,1
"26081","Kent County, Michigan",2016,0.34640522875817,4.73408497740867,142.846569079698,16347,"MI",141.505586139179,141.20711448571,1.55478846137612,4.96177111074536,9.70179967325121,0,-1,1
"26099","Macomb County, Michigan",2016,0.401606425702811,4.58394778064538,171.958313565382,18892,"MI",173.462355895933,172.865453570809,1.52256058769079,5.14725208444683,9.84649383101601,0,-1,1
"26111","Midland County, Michigan",2016,0.710526315789474,4.44333253071047,207.617023971181,1885,"MI",183.031309397254,201.630169424087,1.49140466488719,5.33569515164436,7.54168309988211,0,-1,1
"26125","Oakland County, Michigan",2016,0.35038503850385,4.59960410031192,167.068434627982,38841,"MI",167.300794692963,167.340556938944,1.52597023464165,5.11840351666801,10.5672316687268,0,-1,1
"26139","Ottawa County, Michigan",2016,0.521739130434783,4.69334956173651,153.782355020543,5997,"MI",154.633905841393,152.932297325123,1.54614651981217,5.03553832370542,8.69901462316851,0,-1,1
"26159","Van Buren County, Michigan",2016,1,4.49829713387207,189.018496492535,1299,"MI",202.494968519481,199.555415518115,1.50369891046427,5.24184487531104,7.1693500166706,0,-1,1
"26161","Washtenaw County, Michigan",2016,0.279228149829739,4.5935171518861,179.576569009842,8106,"MI",178.01915855805,177.484644314192,1.52464599466953,5.1906016852739,9.00035980718825,0,-1,1
"26163","Wayne County, Michigan",2016,0.28169014084507,4.62078553529872,178.297815267584,32054,"MI",178.365512484518,177.559486496414,1.53056471992574,5.18345527166774,10.3751772595535,0,-1,1
"27003","Anoka County, Minnesota",2016,0.428571428571429,4.57101339105676,170.058990996317,7737,"MN",168.222697797491,165.607342863581,1.51973492891363,5.13614538271834,8.95376929454945,0,-1,1
"27037","Dakota County, Minnesota",2016,0.204301075268817,4.62972956580173,157.113534678771,10525,"MN",156.870205055718,158.481903868112,1.53249845727817,5.05696869482094,9.26150865855058,0,-1,1
"27053","Hennepin County, Minnesota",2016,0.49493487698987,4.64322134330691,155.45595789508,40248,"MN",155.391886668146,153.546044704567,1.53540838037767,5.04636246253184,10.6028155921712,0,-1,1
"27109","Olmsted County, Minnesota",2016,1,4.57739339200691,163.26372936154,3576,"MN",163.843816562014,159.548673161714,1.52112970772829,5.09536686484415,8.18200013629341,0,-1,1
"27123","Ramsey County, Minnesota",2016,0.410493827160494,4.67659188200332,151.687152271292,13536,"MN",151.036004949672,150.930360090626,1.54256961429987,5.02182019108233,9.513108081846,0,-1,1
"27139","Scott County, Minnesota",2016,0.102564102564103,4.5348526915285,180.21014842802,3336,"MN",177.40553840217,175.401864154099,1.51179260046588,5.19412366116904,8.11252776347864,0,-1,1
"27163","Washington County, Minnesota",2016,0.26530612244898,4.54164758427455,171.137246244835,5869,"MN",169.256756129309,168.183665566866,1.51328985024475,5.14246584420272,8.67743954055833,0,-1,1
"29051","Cole County, Missouri",2016,0.2,4.50996868689925,176.454918278171,2257,"MO",180.657912202988,180.969807003855,1.50629021045262,5.1730654232277,7.72179177681754,0,-1,1
"29071","Franklin County, Missouri",2016,0.225806451612903,4.60470425065863,167.0603031106,2638,"MO",165.22747112275,160.491547256706,1.52707844411795,5.11835484370777,7.87777633327726,0,-1,1
"29095","Jackson County, Missouri",2016,0.330578512396694,4.48522504269504,235.929410661871,19038,"MO",226.899195421079,195.622046752598,1.50078867099555,5.46353265291912,9.85419226081125,0,-1,1
"29101","Johnson County, Missouri",2016,0.0476190476190476,4.44385910468816,195.654067834691,934,"MO",192.498653211066,184.707576133178,1.49152316665916,5.27634813982639,6.83947643822884,0,-1,1
"29129","Mercer County, Missouri",2016,NA,3.61088581964837,304.557865994539,69,"MO",330.612244897959,343.316289262235,1.28395312164817,5.71886110520224,4.23410650459726,0,-1,1
"29183","St. Charles County, Missouri",2016,0.0533333333333333,4.51889100176656,185.014085604981,8524,"MO",183.052818425431,181.674636528538,1.50826661014855,5.22043196058524,9.05064099321851,0,-1,1
"29189","St. Louis County, Missouri",2016,0.313926940639269,4.41402731241727,264.389326675255,33294,"MO",243.093585694759,206.410250753938,1.48478749549489,5.5774227390661,10.413132479554,0,-1,1
"29510","St. Louis city, Missouri",2016,0.477272727272727,3.6864140964114,1272.87823303426,12664,"MO",1093.08274843058,716.070365187156,1.30465419596839,7.149035940435,9.44651860156085,0,-1,1
"31055","Douglas County, Nebraska",2016,0.662962962962963,4.57426494672164,164.736782604277,15607,"NE",163.189525811206,160.485403516977,1.52044601843585,5.1043489431796,9.65547481054255,0,-1,1
"31109","Lancaster County, Nebraska",2016,0.815789473684211,4.53308524992372,177.288381839851,8432,"NE",175.03713263243,172.61844692914,1.51140277829494,5.17777768267506,9.03978927078114,0,-1,1
"32003","Clark County, Nevada",2016,0.448087431693989,4.51876320588552,197.938695388211,44540,"NV",193.719905776853,191.803985390928,1.50823832938496,5.28795736350114,10.7041429408114,0,-1,1
"32031","Washoe County, Nevada",2016,0.317073170731707,4.64981942776726,161.443009252781,12157,"NV",157.808139928613,158.156608298284,1.53682838610703,5.08415219650083,9.40566041455579,0,-1,1
"33011","Hillsborough County, New Hampshire",2016,0.379661016949153,4.63340134209001,164.287710898295,10943,"NH",165.720292408207,166.936246174914,1.53329122950974,5.1016192255221,9.30045526141844,0,-1,1
"33015","Rockingham County, New Hampshire",2016,0.316666666666667,4.62341789510431,174.753465084468,9665,"NH",174.753396019511,167.328123720838,1.53113423570859,5.16337620972688,9.17626639164243,0,-1,1
"34003","Bergen County, New Jersey",2016,0.206652512384996,4.55778656004469,175.883297790961,31619,"NJ",174.508906314355,173.025238627604,1.51683710218091,5.16982069436972,10.3615134847099,0,-1,1
"34005","Burlington County, New Jersey",2016,0.252396166134185,4.58904142131055,167.961152367332,10445,"NJ",169.396411178932,168.566078360425,1.52367116158912,5.12373271675538,9.25387867399067,0,-1,1
"34007","Camden County, New Jersey",2016,0.328358208955224,4.53486551391725,187.268884078606,11418,"NJ",185.014443009134,179.692622844192,1.51179542798234,5.23254546686432,9.34294633652421,0,-1,1
"34013","Essex County, New Jersey",2016,0.663594470046083,4.55971922302422,182.615764690586,18733,"NJ",182.618152893453,181.681248618818,1.51726104773235,5.20738429899387,9.83804195346106,0,-1,1
"34017","Hudson County, New Jersey",2016,0.414224446032881,4.49780735830655,207.418831227615,13367,"NJ",207.208809049812,201.050250903584,1.50359002431995,5.33474008833525,9.50054426197147,0,-1,1
"34019","Hunterdon County, New Jersey",2016,0.168539325842697,4.47898792284685,201.736547797747,3768,"NJ",202.537490387636,196.536319302442,1.49939711082654,5.30696262734459,8.23429963569625,0,-1,1
"34021","Mercer County, New Jersey",2016,0.153862989713285,4.50099068543854,191.824948359715,9671,"NJ",190.180289315591,189.406533429323,1.50429752486598,5.25658322885851,9.17688699571696,0,-1,1
"34023","Middlesex County, New Jersey",2016,0.253932265835341,4.47244162928303,234.89270020953,21826,"NJ",233.582187429627,230.471710647508,1.49793448528886,5.45912881501993,9.99085719867304,0,-1,1
"34025","Monmouth County, New Jersey",2016,0.223372781065089,4.46458366939583,203.566275045522,19134,"NJ",199.984310727628,198.27727139284,1.49617596684462,5.31599162776114,9.85922213623811,0,-1,1
"34027","Morris County, New Jersey",2016,0.286318758815233,4.54751708860248,176.163726585781,16704,"NJ",177.267646024403,176.052099119809,1.51458138920461,5.17141382730205,9.72340349068237,0,-1,1
"34029","Ocean County, New Jersey",2016,0.488372093023256,4.45326745725905,206.545786286621,12932,"NJ",206.114704487501,210.23770735077,1.49363808679933,5.33052211318259,9.46746013884532,0,-1,1
"34031","Passaic County, New Jersey",2016,0.242718446601942,4.56019706368073,182.971147612924,12107,"NJ",181.101601548579,180.820825375405,1.51736583831198,5.2093284770939,9.40153907670774,0,-1,1
"34035","Somerset County, New Jersey",2016,0.156206415620642,4.4579272750872,202.723554861914,9968,"NJ",204.939708796691,203.481411391651,1.49468392148095,5.31184325224147,9.20713524102723,0,-1,1
"34039","Union County, New Jersey",2016,0.512097420285211,4.57676195264921,175.946049315458,13730,"NJ",174.308695141572,170.479621487805,1.52099175084752,5.17017741006543,9.52733849876202,0,-1,1
"35001","Bernalillo County, New Mexico",2016,0.346491228070175,4.62086492706758,170.855156420498,15792,"NM",169.616456003396,167.361082577148,1.53058190122235,5.14081615908624,9.66725876167326,0,-1,1
"36001","Albany County, New York",2016,0.267489711934156,4.56364117673806,184.123394024566,9525,"NY",183.580004702641,182.03874976048,1.51812080856247,5.21560615254281,9.1616751999949,0,-1,1
"36005","Bronx County, New York",2016,0.444444444444444,4.14559629372924,324.254679170933,18005,"NY",326.87816444724,328.897778341186,1.42204663680013,5.78152925384319,9.79840477608298,0,-1,1
"36011","Cayuga County, New York",2016,0.384615384615385,4.52174735428562,192.297408175333,1618,"NY",197.129709727028,194.576537271474,1.50889850194681,5.25904317447651,7.38894609761844,0,-1,1
"36023","Cortland County, New York",2016,0.333333333333333,4.47498905863904,207.20606776834,1006,"NY",202.15972239074,198.475149756958,1.49850390672697,5.33371379455278,6.91373735065968,0,-1,1
"36027","Dutchess County, New York",2016,0.284090909090909,4.46953321791286,210.732705648472,7573,"NY",208.469842622832,209.435345895205,1.4972839776499,5.35059053253481,8.93234456911382,0,-1,1
"36029","Erie County, New York",2016,0.655737704918033,4.63267460895059,171.342826441107,22792,"NY",173.448713521352,173.443582285279,1.53313437063123,5.14366638249594,10.0341648761777,0,-1,1
"36047","Kings County, New York",2016,0.363013698630137,4.41604178396745,221.904189294247,57475,"NY",221.200464443078,217.304962473969,1.48524377087918,5.40224570895929,10.9591053496314,0,-1,1
"36055","Monroe County, New York",2016,0.164179104477612,4.61598487300456,172.358177659048,17733,"NY",172.624564326679,171.077485754336,1.52952525212169,5.14957473981549,9.78318258949248,0,-1,1
"36059","Nassau County, New York",2016,0.320652173913043,4.44867413251736,194.37864429643,48190,"NY",194.017652393199,193.350544001363,1.49260610403399,5.26980803154966,10.7829068096344,0,-1,1
"36061","New York County, New York",2016,0.176696490582996,4.34425432184033,216.724977086224,104339,"NY",215.293137898801,213.991813812894,1.46885412646127,5.37862916302728,11.5554004924783,0,-1,1
"36067","Onondaga County, New York",2016,0.755555555555556,4.62638537179095,167.515694467023,11713,"NY",166.869884863407,166.865227733023,1.53177586595798,5.12107704518629,9.36845461506987,0,-1,1
"36069","Ontario County, New York",2016,0.0486111111111111,4.58477971969385,187.49704796196,2921,"NY",186.57681630026,185.45402844702,1.52274206086702,5.23376310108364,7.97968130238774,0,-1,1
"36071","Orange County, New York",2016,0.5,4.56789836549904,186.086292268975,9456,"NY",185.748496802178,180.086879242949,1.51905322287218,5.22621050305771,9.15440473964588,0,-1,1
"36079","Putnam County, New York",2016,0.189655172413793,4.35840708419163,230.373186559115,2873,"NY",233.181331080657,233.829176128068,1.47210664294276,5.4397005442677,7.96311205897929,0,-1,1
"36081","Queens County, New York",2016,0.248520710059172,4.38323512775506,231.394847727196,49520,"NY",228.705389082552,228.360722160059,1.47778706539025,5.44412554885567,10.8101319073585,0,-1,1
"36087","Rockland County, New York",2016,0.172413793103448,4.50334029106508,182.822147606899,10006,"NY",184.751654249604,181.126532902224,1.50481940832096,5.20851380926803,9.21094019204815,0,-1,1
"36091","Saratoga County, New York",2016,0.295454545454545,4.49003004806804,199.569938717039,5277,"NY",196.506042151935,193.423916016956,1.50185939395182,5.29616474490483,8.57111303340567,0,-1,1
"36099","Seneca County, New York",2016,0.130434782608696,4.36834455260213,224.36097500078,716,"NY",230.470144812537,227.755063824475,1.47438411642189,5.41325625032859,6.57368016696065,0,-1,1
"36101","Steuben County, New York",2016,0.533333333333333,4.48555484375759,199.691796388524,1802,"NY",197.411008202822,198.465480740558,1.50086219884193,5.29677515990108,7.49665243816828,0,-1,1
"36103","Suffolk County, New York",2016,0.348101265822785,4.53078634477266,189.802170952475,49129,"NY",187.827287869708,184.999459574709,1.51089551047316,5.24598232421618,10.8022047707931,0,-1,1
"36109","Tompkins County, New York",2016,0.358974358974359,4.54869643564518,192.159537070855,2368,"NY",190.764719817279,189.213390187499,1.51484069425416,5.25832594924704,7.7698009960039,0,-1,1
"36119","Westchester County, New York",2016,0.416666666666667,4.46923736812736,190.576450822818,31867,"NY",190.225233759355,188.337739527978,1.49721778291255,5.25005343071598,10.3693262705677,0,-1,1
"36123","Yates County, New York",2016,0.15,4.27304385359747,226.758302810815,517,"NY",236.642399248131,227.570171530408,1.45232641956206,5.42388470491061,6.24804287450843,0,-1,1
"37019","Brunswick County, North Carolina",2016,0.513513513513513,4.36189554606382,251.422368417528,2444,"NC",252.500224918666,253.384579723813,1.47290672115247,5.5271342676059,7.80139132029149,0,-1,1
"37025","Cabarrus County, North Carolina",2016,0.401129943502825,4.51873385585778,192.489887114469,4232,"NC",186.022882189756,183.51930880929,1.50823183421765,5.26004361787756,8.35042997353814,0,-1,1
"37037","Chatham County, North Carolina",2016,0.237762237762238,4.51730125484536,176.683673469388,1400,"NC",174.3276916164,175.785420633012,1.50791474801626,5.17436097816595,7.24422751560335,0,-1,1
"37063","Durham County, North Carolina",2016,0.94347522679693,4.54823896963615,181.51674695249,7313,"NC",180.176363533867,177.851844524612,1.51474011840328,5.20134791915901,8.89740886527095,0,-1,1
"37067","Forsyth County, North Carolina",2016,0.575,4.61089213170914,172.259247033596,8444,"NC",172.373209874551,168.382441450842,1.52842135926391,5.1490005922473,9.04121140896821,0,-1,1
"37071","Gaston County, North Carolina",2016,0.0833333333333333,4.53231137885577,204.142363968125,4057,"NC",201.604304871793,208.793649352957,1.51123204752572,5.3188176130402,8.30819906320645,0,-1,1
"37081","Guilford County, North Carolina",2016,0.983606557377049,4.68609059605047,154.911792009642,13345,"NC",153.902385875641,153.091504677491,1.54459867324282,5.04285587112084,9.49889706183862,0,-1,1
"37097","Iredell County, North Carolina",2016,0.65,4.60837396476504,169.568318262737,4627,"NC",167.441034997915,164.934958451414,1.52787507564863,5.13325590321188,8.439663988907,0,-1,1
"37101","Johnston County, North Carolina",2016,0.347826086956522,4.42679856625257,203.857941229493,3225,"NC",201.873562408088,202.205593955252,1.48767665152947,5.31742338474634,8.07868822922987,0,-1,1
"37119","Mecklenburg County, North Carolina",2016,0.408014571948998,4.59684730085931,162.392048387541,30954,"NC",160.264700563056,159.267192255802,1.52537069914368,5.09001346339794,10.3402575104727,0,-1,1
"37129","New Hanover County, North Carolina",2016,0.534883720930233,4.53280802152743,186.913398419772,7273,"NC",183.798000728857,181.135467392009,1.51134161975532,5.23064539953131,8.89192414015454,0,-1,1
"37141","Pender County, North Carolina",2016,0.620689655172414,4.27748293494116,253.10349388638,1014,"NC",255.224353063807,236.867527318805,1.45336473728266,5.53379847182711,6.92165818415113,0,-1,1
"37179","Union County, North Carolina",2016,0.181818181818182,4.50080202323929,189.139712773945,4521,"NC",184.987207097954,180.703110454127,1.50425560828217,5.24248596299652,8.41648848729461,0,-1,1
"37183","Wake County, North Carolina",2016,0.69690063810392,4.51660728145458,183.262947476296,28305,"NC",182.727172472791,181.239142119303,1.50776111055373,5.21092199298459,10.2507937464708,0,-1,1
"38017","Cass County, North Dakota",2016,0.407407407407407,4.63801285941523,148.767338003652,5526,"ND",146.931922292534,144.18267980339,1.53428601145029,5.00238359564112,8.61721950548336,0,-1,1
"39017","Butler County, Ohio",2016,0.271428571428571,4.65705760433697,166.588943656787,7111,"OH",165.610477631289,167.447031054091,1.53838383333258,5.11552936292539,8.86939815988352,0,-1,1
"39025","Clermont County, Ohio",2016,1,4.5638932885491,175.676196145025,3585,"OH",180.439573692493,184.153781536505,1.51817605060228,5.1686425059068,8.18451375303372,0,-1,1
"39027","Clinton County, Ohio",2016,0.391304347826087,4.46169125802752,193.094389191218,730,"OH",182.660911990993,186.922860602721,1.49552789998738,5.2631791325194,6.59304453414244,0,-1,1
"39035","Cuyahoga County, Ohio",2016,0.339233038348083,4.67504000179468,158.437699370157,32977,"OH",157.374562116472,156.598888038573,1.54223771923766,5.06536145213679,10.4035656277554,0,-1,1
"39041","Delaware County, Ohio",2016,0.128270580727505,4.51519446758984,190.071709211209,4439,"OH",191.634437032072,191.085186092924,1.50744825738987,5.24740141785774,8.39818440483404,0,-1,1
"39049","Franklin County, Ohio",2016,0.128965801400906,4.60727004357827,172.577399657612,28223,"OH",171.552554887411,170.409884392083,1.52763550016349,5.15084582950583,10.2478925273398,0,-1,1
"39055","Geauga County, Ohio",2016,0.254545454545455,4.52067813403666,179.794427147311,2708,"OH",179.501726935213,178.222862770072,1.50866201224495,5.19181412682587,7.90396563403217,0,-1,1
"39057","Greene County, Ohio",2016,0.115789473684211,4.41179886184774,224.413986354903,3101,"OH",216.073356871852,219.851540858726,1.48428251146895,5.41349249949102,8.03947991910045,0,-1,1
"39061","Hamilton County, Ohio",2016,0.193962748876044,4.68104069802777,158.660781854127,20995,"OH",157.817281010738,157.646528266635,1.54352045658216,5.06676847572083,9.95203959311829,0,-1,1
"39085","Lake County, Ohio",2016,0.252427184466019,4.58545847283776,177.586461576194,5990,"OH",176.623455954492,170.31574712967,1.5228900947852,5.17945759778865,8.6978466911095,0,-1,1
"39089","Licking County, Ohio",2016,0.479166666666667,4.60261910679957,185.8227500753,2999,"OH",183.708139303722,185.937877526913,1.52662551250824,5.22479326277699,8.00603417874901,0,-1,1
"39095","Lucas County, Ohio",2016,0.380952380952381,4.60948992703936,184.997624176209,9590,"OH",184.581854417423,182.550563839774,1.52811720599311,5.2203429827051,9.16847616787748,0,-1,1
"39097","Madison County, Ohio",2016,0.153846153846154,4.39811748201219,191.408586268915,683,"OH",193.490264979024,195.216759401794,1.4811766043752,5.25441033835182,6.52649485957079,0,-1,1
"39103","Medina County, Ohio",2016,0.347826086956522,4.61932928270657,164.366850123569,3968,"OH",162.952240077693,161.371372810356,1.53024951765112,5.10210082070555,8.28601746840476,0,-1,1
"39109","Miami County, Ohio",2016,0.0909090909090909,4.5965019009727,175.443006043235,2092,"OH",173.582861753206,174.290668144113,1.52529555789119,5.16731423827221,7.64587582518481,0,-1,1
"39113","Montgomery County, Ohio",2016,0.233830845771144,4.63724678159864,174.512713399653,11333,"OH",175.459605290405,175.557289633413,1.53412082409209,5.16199759514707,9.33547410273295,0,-1,1
"39133","Portage County, Ohio",2016,0.347826086956522,4.62133310229541,181.535622747544,3001,"OH",173.666442247613,169.894324766543,1.53068321375141,5.20145190302825,8.00670084544037,0,-1,1
"39153","Summit County, Ohio",2016,0.209944751381215,4.69265721008782,154.367936099085,13392,"OH",156.052997930622,155.35102311873,1.54599899133349,5.0393389482727,9.50241279272926,0,-1,1
"39159","Union County, Ohio",2016,0.197633136094675,4.48077937120975,190.420665790703,1017,"OH",190.473167092586,185.25989201305,1.49979699808432,5.24923565528407,6.92461239604856,0,-1,1
"39165","Warren County, Ohio",2016,0.242647058823529,4.56852043818365,174.572014635862,4223,"OH",172.528986720173,172.75314845401,1.51918939716518,5.16233734783183,8.34830105493394,0,-1,1
"40109","Oklahoma County, Oklahoma",2016,0.701754385964912,4.60377827803468,168.78906057469,23801,"OK",166.851376885154,166.079346400722,1.52687733114973,5.12864977303981,10.0774828755836,0,-1,1
"40139","Texas County, Oklahoma",2016,0.285714285714286,4.19891120417736,220.636056191467,496,"OK",221.399208706797,225.490694169249,1.43482525458095,5.39651453948109,6.20657592672493,0,-1,1
"40143","Tulsa County, Oklahoma",2016,0.449275362318841,4.66025676310416,158.291364984464,18878,"OK",158.315020635046,155.658663956795,1.53907054599822,5.06443741697504,9.84575250188489,0,-1,1
"41005","Clackamas County, Oregon",2016,0.368932038834951,4.60658047401164,168.269775627306,11770,"OR",167.226635835301,163.311652786601,1.52748581907922,5.12556849877869,9.37330920025432,0,-1,1
"41051","Multnomah County, Oregon",2016,0.404145077720207,4.63675214191948,180.490124122586,27163,"OR",179.462556860891,181.273839549168,1.53401415173129,5.19567606227378,10.2096110321265,0,-1,1
"41067","Washington County, Oregon",2016,0.457142857142857,4.58941595873612,170.272584380619,15291,"OR",167.493410565933,165.090601997235,1.52375277387107,5.13740059044985,9.63501969900815,0,-1,1
"42003","Allegheny County, Pennsylvania",2016,0.171612903225806,4.60921770341059,172.013587694192,33958,"PA",169.975549668136,167.40378591167,1.52805814703609,5.1475734719153,10.432879745876,0,-1,1
"42007","Beaver County, Pennsylvania",2016,0.0314245810055866,4.53331016279913,183.625125080949,3371,"PA",181.465134215247,178.975581806221,1.51145239291358,5.21289631566984,8.12296471523406,0,-1,1
"42011","Berks County, Pennsylvania",2016,0.531914893617021,4.6391784793082,170.841618005781,8414,"PA",169.851486582337,170.805373508903,1.5345372986894,5.14073691681217,9.03765226415047,0,-1,1
"42017","Bucks County, Pennsylvania",2016,0.217391304347826,4.61609670963398,165.734673805811,19219,"PA",164.520858567282,163.499901889566,1.5295494799469,5.11038815906412,9.86365465203441,0,-1,1
"42019","Butler County, Pennsylvania",2016,0.352941176470588,4.65103343856492,156.800859720845,4867,"PA",156.648174528587,155.966826581436,1.53708943975921,5.05497659081483,8.49023300983345,0,-1,1
"42029","Chester County, Pennsylvania",2016,0.224426534407936,4.58339422901807,169.947829541307,14309,"PA",167.524003277845,166.846913760534,1.52243982168742,5.13549150490027,9.56864398890674,0,-1,1
"42041","Cumberland County, Pennsylvania",2016,0.503030303030303,4.5808048003228,168.685212092504,6058,"PA",167.867359931177,168.701584142201,1.52187470328354,5.12803432769257,8.70913499158718,0,-1,1
"42043","Dauphin County, Pennsylvania",2016,0.9,4.6025198646642,171.295526642106,6862,"PA",167.510307024965,169.200136029087,1.52660395017536,5.14339029081575,8.8337542234184,0,-1,1
"42045","Delaware County, Pennsylvania",2016,0.697368421052632,4.5466673807985,176.175892189103,12861,"PA",173.989765312237,174.63333002055,1.51439452081431,5.17148288342108,9.46195475526609,0,-1,1
"42069","Lackawanna County, Pennsylvania",2016,0.375,4.57620941792353,184.561076200535,5345,"PA",181.035159241284,175.95262207062,1.5208710174367,5.21798044501741,8.58391682345914,0,-1,1
"42071","Lancaster County, Pennsylvania",2016,1,4.64843838841683,163.221758892935,12876,"PA",162.091392436144,163.420961550146,1.5365313327476,5.09510976019266,9.4631203924187,0,-1,1
"42077","Lehigh County, Pennsylvania",2016,0.333333333333333,4.62442708989596,168.401351429732,8562,"PA",166.447241628489,166.721437282569,1.53135249083663,5.1263501268932,9.05508908670489,0,-1,1
"42091","Montgomery County, Pennsylvania",2016,0.191616766467066,4.60405671415719,163.115622736512,26213,"PA",163.244004334463,161.28692789968,1.52693780923667,5.09445929128447,10.1740107498971,0,-1,1
"42095","Northampton County, Pennsylvania",2016,0.270833333333333,4.59140245744127,185.914717192758,6320,"PA",186.836148585279,184.705141957041,1.52418552368619,5.22528805884912,8.7514744871409,0,-1,1
"42101","Philadelphia County, Pennsylvania",2016,0.0301925696822416,4.46839350420578,231.589583709614,27894,"PA",230.88984214956,227.52777749458,1.49702894899534,5.44496676934033,10.2361668909186,0,-1,1
"42125","Washington County, Pennsylvania",2016,0.2109375,4.62522994925069,160.010198042368,5121,"PA",159.304298741553,159.387073801252,1.53152608848536,5.07523755096746,8.54110501146255,0,-1,1
"42129","Westmoreland County, Pennsylvania",2016,0.127572016460905,4.623023528639,168.111902083839,8602,"PA",166.028914785087,164.164095225888,1.53104893446729,5.12462984150025,9.05975001334368,0,-1,1
"42133","York County, Pennsylvania",2016,0.0878378378378378,4.61693621192479,175.832776466095,8651,"PA",174.998069155956,174.514518151385,1.52973132751535,5.16953340965962,9.06543020018037,0,-1,1
"44003","Kent County, Rhode Island",2016,1,4.55328581902856,185.745874239053,4697,"RI",191.561345120807,186.917766425898,1.51584913036048,5.22437947198674,8.45467928602699,0,-1,1
"44007","Providence County, Rhode Island",2016,0.53475935828877,4.59608247489033,183.898607197471,15891,"RI",181.714310096509,180.356783270038,1.52520430475377,5.2143845578865,9.67350819021264,0,-1,1
"45019","Charleston County, South Carolina",2016,0.317073170731707,4.55863904935656,184.208127386767,13309,"SC",184.004038205247,182.220469590381,1.51702412489154,5.21606624546872,9.49619577708656,0,-1,1
"45045","Greenville County, South Carolina",2016,0.482758620689655,4.60487297019948,174.13637321433,12902,"SC",175.958398590724,174.120377798942,1.52711508413667,5.15983874634501,9.46513761709219,0,-1,1
"45057","Lancaster County, South Carolina",2016,0.380952380952381,4.36671455626218,226.662274685637,1353,"SC",227.209903251007,227.850351581721,1.4740109085618,5.42346113292742,7.21007962817079,0,-1,1
"45079","Richland County, South Carolina",2016,0.229050279329609,4.5552814999431,182.364108590844,8911,"SC",183.736396476548,183.347497033766,1.51628732900941,5.20600528520136,9.09504174761272,0,-1,1
"45083","Spartanburg County, South Carolina",2016,0.425,4.65508523216369,173.849885739479,6222,"SC",172.347883257608,171.906261461487,1.53796022037101,5.15819220121741,8.73584667745758,0,-1,1
"45091","York County, South Carolina",2016,0.538461538461538,4.57344366182886,178.047176558511,4888,"SC",177.041239002658,179.072533808526,1.52026645764524,5.18204855202159,8.49453850085143,0,-1,1
"46065","Hughes County, South Dakota",2016,0.242424242424242,4.54110467229583,156.915545225888,667,"SD",161.668972838991,160.973370064279,1.51317030234472,5.05570773211534,6.50279004591562,0,-1,1
"46119","Sully County, South Dakota",2016,0.242424242424242,3.57855472255745,324.260355029586,65,"SD",302.768166089965,306.122448979592,1.27495901011745,5.78154675801303,4.17438726989564,0,-1,1
"47001","Anderson County, Tennessee",2016,1,4.45538200547019,203.080162610267,1552,"TN",200.673734680803,196.355448615357,1.49411280482695,5.31360079079912,7.34729970074316,0,-1,1
"47037","Davidson County, Tennessee",2016,0.601279317697228,4.67081895670103,164.035378106877,19434,"TN",160.248784070317,161.652210219661,1.54133442176669,5.10008212472384,9.87477938839938,0,-1,1
"47047","Fayette County, Tennessee",2016,0.333333333333333,4.31896237007195,214.482060185185,576,"TN",211.992438563327,224.522382621215,1.4630151812923,5.36822609937013,6.35610766069589,0,-1,1
"47065","Hamilton County, Tennessee",2016,0.285714285714286,4.64134745854561,176.87459737941,8848,"TN",177.551864136088,176.709999211716,1.53500472462871,5.17544099209476,9.08794672376212,0,-1,1
"47093","Knox County, Tennessee",2016,1,4.60772104757897,172.705659559344,11399,"TN",172.409640490374,170.769413620281,1.52773338501148,5.15158875565993,9.34128091123678,0,-1,1
"47157","Shelby County, Tennessee",2016,0.401709401709402,4.6186398402661,166.966248856336,19452,"TN",164.17390202542,163.961647098489,1.53010025487863,5.11779168933459,9.87570517152368,0,-1,1
"47187","Williamson County, Tennessee",2016,0.478632478632479,4.53988026492036,169.850315278629,6803,"TN",167.185140800096,170.316407561168,1.51290063833991,5.13491755082288,8.82511897034506,0,-1,1
"48029","Bexar County, Texas",2016,0.284552845528455,4.55312682129955,192.51803915038,35619,"TX",191.165893290056,186.033360740397,1.51581421041224,5.26018985920945,10.4806344823339,0,-1,1
"48039","Brazoria County, Texas",2016,0.541666666666667,4.55161957449386,192.650715881704,5516,"TX",190.588514705367,187.87696912501,1.51548312006574,5.2608787870357,8.61540823891319,0,-1,1
"48041","Brazos County, Texas",2016,0.805342567400445,4.54962761105757,184.489013671834,4247,"TX",182.905955725825,186.760410936235,1.51504538588987,5.2175899152135,8.35396813031327,0,-1,1
"48057","Calhoun County, Texas",2016,0.636363636363636,4.32536134020848,223.784164774062,452,"TX",222.413658078158,210.768252726295,1.46449568376301,5.41068203722642,6.11368217983223,0,-1,1
"48085","Collin County, Texas",2016,0.178919631093544,4.38429042125317,229.94863142285,22607,"TX",226.553482307978,222.49877270409,1.47802779317537,5.43785594233895,10.0260148718158,0,-1,1
"48113","Dallas County, Texas",2016,0.308264862252296,4.62547172985502,167.837080122068,65711,"TX",165.418007149894,163.401527543286,1.53157836140751,5.1229937477025,11.0930216181599,0,-1,1
"48121","Denton County, Texas",2016,0.181223134036733,4.51676271672023,201.844741837854,14267,"TX",198.656168571132,194.627923498531,1.507795524126,5.30749879711002,9.56570445711481,0,-1,1
"48141","El Paso County, Texas",2016,0.25,4.56620545876119,193.115788821777,14391,"TX",188.46864051152,186.87233402985,1.51868254463383,5.26328995109333,9.57435829017017,0,-1,1
"48157","Fort Bend County, Texas",2016,0.147079037800687,4.48290446090938,202.182349427475,12649,"TX",198.959557093325,197.120486348329,1.50027115352738,5.3091700101326,9.44533343964754,0,-1,1
"48167","Galveston County, Texas",2016,0.25,4.54679670483725,202.250291944795,5746,"TX",200.339171290791,197.250594609356,1.51442296410887,5.30950599942233,8.65625923953924,0,-1,1
"48185","Grimes County, Texas",2016,0.318181818181818,4.35789134369548,195.814571364491,417,"TX",194.396386005383,196.964723113053,1.47198830360387,5.27716814696219,6.0330862217988,0,-1,1
"48201","Harris County, Texas",2016,0.31276031806134,4.64280700058636,167.912362777315,100779,"TX",165.544303711174,162.66238063215,1.53531914034835,5.12344219316146,11.5206852795817,0,-1,1
"48215","Hidalgo County, Texas",2016,0.636363636363636,4.4962081807349,195.757156235317,11932,"TX",192.137762327828,188.334744253767,1.50323441506365,5.27687489223751,9.38697914563464,0,-1,1
"48245","Jefferson County, Texas",2016,0.150793650793651,4.55961679802428,189.854279071682,5657,"TX",188.920963394705,184.332154511456,1.51723858447412,5.24625682564783,8.64064899534316,0,-1,1
"48339","Montgomery County, Texas",2016,0.282828282828283,4.57300763584444,175.043315605171,11135,"TX",172.366518038944,169.113075384146,1.52017111444151,5.16503346103989,9.31784857969147,0,-1,1
"48375","Potter County, Texas",2016,NA,4.56495154882464,187.146924321567,3581,"TX",182.756182509035,178.995901428357,1.51840790037059,5.23189399991973,8.18339736999843,0,-1,1
"48381","Randall County, Texas",2016,NA,4.49873216768177,181.507313270456,2553,"TX",181.849242404332,178.153431648301,1.5037956165648,5.20129594639428,7.84502441724148,0,-1,1
"48439","Tarrant County, Texas",2016,0.338485316846986,4.61996075074023,176.812349595482,41236,"TX",172.927125278807,170.15194065146,1.53038620954679,5.17508899841728,10.6270669402163,0,-1,1
"48453","Travis County, Texas",2016,0.246202200104767,4.56382029452719,177.006205562474,34469,"TX",175.762475155878,174.699853795277,1.5181600566688,5.17618479163425,10.4478156483561,0,-1,1
"48473","Waller County, Texas",2016,0.454545454545455,4.5811129560222,152.918680523074,747,"TX",157.50370301887,155.684874565993,1.52194197210382,5.02990628024713,6.61606518513282,0,-1,1
"48491","Williamson County, Texas",2016,0.422727272727273,4.50247365654514,189.141982146905,10273,"TX",189.494605386663,183.156169458496,1.50462694720025,5.24249796131941,9.23727437321626,0,-1,1
"49035","Salt Lake County, Utah",2016,0.339563862928349,4.63180501322679,159.46345055079,31602,"UT",157.765594422654,157.701563654026,1.53294664379458,5.0718147458142,10.3609756887114,0,-1,1
"49049","Utah County, Utah",2016,0.43125,4.52443963199842,178.363160390512,12841,"UT",172.81403822859,169.821594583844,1.50949373125091,5.18382169876865,9.46039845583127,0,-1,1
"49051","Wasatch County, Utah",2016,0.172413793103448,4.2564874395805,235.068870099377,919,"UT",227.981115519404,219.718093073093,1.44844427545791,5.45987853546189,6.82328612235569,0,-1,1
"50007","Chittenden County, Vermont",2016,0.166666666666667,4.66728279853366,148.199449127262,5671,"VT",152.666997411099,153.171066887145,1.5405770604894,4.99855899576508,8.64312074801403,0,-1,1
"51003","Albemarle County, Virginia",2016,0.361111111111111,4.52906544014415,169.183498583191,2703,"VA",167.298523914937,167.973743266068,1.51051561360728,5.13098391631207,7.90211754627645,0,-1,1
"51013","Arlington County, Virginia",2016,0.265734265734266,4.0816197076177,352.877126117603,6318,"VA",347.066998562377,354.704892872787,1.40649389679872,5.86611991168509,8.75115798136203,0,-1,1
"51041","Chesterfield County, Virginia",2016,0.257142857142857,4.48611949338199,181.53660000501,7251,"VA",180.337868785336,182.356098269628,1.50098807269867,5.20145728629585,8.88889466937159,0,-1,1
"51059","Fairfax County, Virginia",2016,0.121125043538837,4.19953021115275,335.749328041766,30869,"VA",326.618369822822,326.489342155504,1.4349726645457,5.81636483403654,10.3375077230616,0,-1,1
"51075","Goochland County, Virginia",2016,0.969465648854962,4.39650613747535,201.525789900081,644,"VA",198.61026193457,195.381349142766,1.48081016582715,5.30591736277534,6.46769872610435,0,-1,1
"51085","Hanover County, Virginia",2016,0.139130434782609,4.49813079494963,187.649422971199,3139,"VA",185.499699314702,190.291611494346,1.50366193158248,5.23457545054939,8.05165955684195,0,-1,1
"51087","Henrico County, Virginia",2016,0.522041763341067,4.54345993986645,167.935662339237,9260,"VA",169.292964874545,167.32965143699,1.51368882309369,5.12358094378804,9.13345932764022,0,-1,1
"51107","Loudoun County, Virginia",2016,0.138177486599166,4.15900922329525,408.275984094326,10161,"VA",390.956682654814,367.177626451117,1.42527687842969,6.01194337733116,9.22631214148588,0,-1,1
"51153","Prince William County, Virginia",2016,0.197916666666667,4.31557462434958,231.934798136942,8037,"VA",228.226141229746,228.629567178443,1.46223048469574,5.44645628965328,8.99181115821272,0,-1,1
"51161","Roanoke County, Virginia",2016,0.45,4.47493998391737,177.550181099112,1989,"VA",175.076386959925,176.115749830629,1.49849294022177,5.17925327937794,7.59538727885397,0,-1,1
"51181","Surry County, Virginia",2016,0.212121212121212,3.49932680860232,405.405405405405,74,"VA",405.092592592593,439.111111111111,1.25257060959624,6.00488756744012,4.30406509320417,0,-1,1
"51183","Sussex County, Virginia",2016,0.193548387096774,4.0148211758185,267.696346265376,181,"VA",286.195811616367,290.565213320433,1.3899928073828,5.58985330181671,5.19849703126583,0,-1,1
"51510","Alexandria city, Virginia",2016,0.259259259259259,4.26732405804889,257.905749497249,4692,"VA",262.354169689939,258.161121212238,1.45098694649417,5.55259420615276,8.45361420977337,0,-1,1
"51540","Charlottesville city, Virginia",2016,0.371428571428571,4.41548428923542,242.115185220096,2060,"VA",238.110130894493,242.340149472014,1.48511751982627,5.48941358490182,7.63046126178363,0,-1,1
"51550","Chesapeake city, Virginia",2016,0.114285714285714,4.48820969228836,192.298337502246,5380,"VA",193.897875059965,187.860503576715,1.50145389000957,5.25904800722323,8.59044365315583,0,-1,1
"51600","Fairfax city, Virginia",2016,0.114241001564945,4.02827145630843,352.688347756646,2278,"VA",347.167733365536,357.94405678779,1.39333736491635,5.8655847994313,7.73105314400713,0,-1,1
"51610","Falls Church city, Virginia",2016,0.00285001781261133,4.12953791564153,308.768593717101,869,"VA",310.936150096989,304.905290431007,1.41816551588081,5.73259210869439,6.76734312526539,0,-1,1
"51683","Manassas city, Virginia",2016,0.0454545454545455,4.2510229320692,236.586666666667,1500,"VA",235.495399864867,225.123365205499,1.44715964387379,5.46631459605384,7.3132203870903,0,-1,1
"51685","Manassas Park city, Virginia",2016,0.0434782608695652,3.66339783371331,462.993572084481,330,"VA",426.260687335452,420.894255622854,1.29839108661152,6.137713170803,5.79909265446053,0,-1,1
"51740","Portsmouth city, Virginia",2016,0.0606060606060606,4.4327989365173,208.594947041867,1658,"VA",203.660290905216,215.637600201385,1.4890311986588,5.34039431907994,7.41336733569524,0,-1,1
"51760","Richmond city, Virginia",2016,0.553191489361702,4.5714124468702,187.264646322743,6112,"VA",185.998084115094,188.046121328139,1.51982222649105,5.23252283735044,8.71800933084636,0,-1,1
"51770","Roanoke city, Virginia",2016,0.545454545454545,4.58860437780258,175.359961712367,3111,"VA",176.161250487345,173.712544182003,1.52357592071409,5.1668407854223,8.04269949689764,0,-1,1
"51800","Suffolk city, Virginia",2016,0.108108108108108,4.40133298754915,216.730960795386,1588,"VA",219.616468197861,218.670156849368,1.48190744675933,5.37865677233489,7.37023064180708,0,-1,1
"53011","Clark County, Washington",2016,0.818181818181818,4.54682192314166,174.196988803641,10581,"WA",170.205738570067,168.264183785128,1.51442851048275,5.1601867784116,9.26681521890416,0,-1,1
"53033","King County, Washington",2016,1,4.57858545623388,180.358009066267,67895,"WA",177.348107941714,176.372655787476,1.5213900980707,5.19494381482632,11.1257176731329,0,-1,1
"53053","Pierce County, Washington",2016,0.702702702702703,4.5251083928194,190.697420883808,17385,"WA",188.520185946718,187.301218100602,1.50964153107922,5.25068798804616,9.76336304444196,0,-1,1
"53061","Snohomish County, Washington",2016,0.23463687150838,4.49286125245876,204.32323437597,18225,"WA",200.986986714634,196.963906867205,1.50248974878742,5.31970322211181,9.81054955687686,0,-1,1
"53063","Spokane County, Washington",2016,0.476190476190476,4.64048388664606,160.72874370567,12810,"WA",160.330257264199,158.379449609909,1.53481864671586,5.07971812237225,9.45798139489078,0,-1,1
"53067","Thurston County, Washington",2016,0.0275590551181102,4.50911165804279,189.108491090902,6082,"WA",188.269682633458,188.317593159478,1.50610016250399,5.24232087730519,8.71308886823731,0,-1,1
"54039","Kanawha County, West Virginia",2016,0.488372093023256,4.58906443647428,174.418839021768,4880,"WV",176.223024671094,176.701982576622,1.52367617682082,5.16145952755474,8.49290049884719,0,-1,1
"55025","Dane County, Wisconsin",2016,0.961783439490446,4.63384521936992,162.950963744769,14086,"WI",161.581175370888,159.630823743463,1.53338702436688,5.0934493196249,9.55293667530536,0,-1,1
"55073","Marathon County, Wisconsin",2016,1,4.66711761260917,151.02121608022,3358,"WI",149.531651363153,150.889480319372,1.54054166755204,5.0174203307877,8.11910083763749,0,-1,1
"55079","Milwaukee County, Wisconsin",2016,0.475961538461538,4.65337648659455,161.911927789215,19873,"WI",160.74716413221,160.427767998605,1.53759308224659,5.08705253177595,9.89711730552829,0,-1,1
"55089","Ozaukee County, Wisconsin",2016,0.19047619047619,4.6325020675238,154.069035628456,2771,"WI",155.55921734886,154.210909090909,1.53309712548571,5.03740078526635,7.92696354486298,0,-1,1
"55101","Racine County, Wisconsin",2016,0.153846153846154,4.64184549340372,156.50813428528,4027,"WI",153.961288982115,151.62718827143,1.53511202280966,5.05310798489326,8.30077696085145,0,-1,1
"55133","Waukesha County, Wisconsin",2016,0.137931034482759,4.6774548986557,146.854582010679,12551,"WI",146.905040687097,146.588704826349,1.5427541369295,4.98944285913728,9.43755562266045,0,-1,1
"55141","Wood County, Wisconsin",2016,0.9,4.62120292405863,160.892774997189,1787,"WI",161.332032265133,165.228138714898,1.5306550443753,5.0807381493058,7.48829351515943,0,-1,1
"01017","Chambers County, Alabama",2017,0.22,3.62873608614074,435.041403336776,478,"AL",319.055471453287,305.201124567474,1.28888440200991,6.07544120664389,6.16961073249146,1,0,1
"01073","Jefferson County, Alabama",2017,0.65,4.54958473400602,184.85984028608,16365,"AL",179.620512985832,177.921104053727,1.51503596154633,5.21959791786395,9.70290018693528,1,0,1
"01081","Lee County, Alabama",2017,0.209876543209877,4.35803055606398,226.851017263047,2707,"AL",213.199585286341,219.085907045143,1.47202024798568,5.42429349039812,7.9035962896143,1,0,1
"01087","Macon County, Alabama",2017,0.242424242424242,2.9320444276289,621.44,125,"AL",256.5,299.583581201666,1.07569993657976,6.43203936566291,4.8283137373023,1,0,1
"01089","Madison County, Alabama",2017,0.285714285714286,4.43350881813481,205.066959609008,8401,"AL",196.55911786025,196.500854687848,1.48919132881414,5.32333655804478,9.03610602536485,1,0,1
"01101","Montgomery County, Alabama",2017,0.22972972972973,4.51581588896226,179.682087170979,5496,"AL",170.167424733787,170.887494668702,1.50758587684747,5.19118910696774,8.61177583390219,1,0,1
"01117","Shelby County, Alabama",2017,0.28,4.50483075683775,173.511927745994,5161,"AL",167.941639761039,168.679436213439,1.50515032250506,5.15624634483942,8.54888563814873,1,0,1
"04013","Maricopa County, Arizona",2017,1,4.56117352232149,180.771632698418,94465,"AZ",177.304661617307,175.588419960189,1.5175799418034,5.19723453685624,11.4559846745074,1,0,1
"04019","Pima County, Arizona",2017,0.475,4.55556417011116,179.043926669858,20243,"AZ",176.005719454683,173.314653547664,1.51634938036631,5.18763117612527,9.91556433376158,1,0,1
"04021","Pinal County, Arizona",2017,1,4.47668797006536,189.534778408405,3640,"AZ",182.175929973498,177.975244800312,1.49888348061938,5.24457253490455,8.19973896063079,1,0,1
"05007","Benton County, Arkansas",2017,0.863636363636364,4.3300957310415,282.251277056361,6354,"AR",268.971872387876,269.878433933753,1.46558965055557,5.64279772757706,8.75683981482946,1,0,1
"05119","Pulaski County, Arkansas",2017,0.299539170506912,4.54767163920496,179.274980114452,12178,"AR",174.538154676998,171.630670619011,1.51461537433832,5.1889208288466,9.40738632416852,1,0,1
"06001","Alameda County, California",2017,0.200784826684107,4.59800635182935,192.309732298211,40018,"CA",190.04106382617,189.85651756639,1.52562280777313,5.25910726128919,10.5970846318764,1,0,1
"06013","Contra Costa County, California",2017,0.151996565049377,4.473626594704,193.708948001944,23872,"CA",189.510459287039,188.642518234749,1.49819939841007,5.26635676450316,10.0804615030035,1,0,1
"06017","El Dorado County, California",2017,0.13,4.34689603426405,219.909228859419,4439,"CA",209.541844103138,205.185666937371,1.46946203505721,5.39321486511762,8.39818440483404,1,0,1
"06019","Fresno County, California",2017,0.5,4.54334623659947,194.003273859389,16824,"CA",189.882157844942,188.410058673411,1.5136637970802,5.2678750344848,9.73056171738254,1,0,1
"06029","Kern County, California",2017,0.96,4.51682534234277,208.194118258842,12860,"CA",201.547852580438,197.936516165104,1.50780938918652,5.33847090534398,9.46187699779161,1,0,1
"06037","Los Angeles County, California",2017,0.287047619047619,4.59167933050443,180.743076941224,274941,"CA",176.541801903799,174.351340985729,1.52424582437166,5.19707655845872,12.524311808176,1,0,1
"06041","Marin County, California",2017,0.31740614334471,4.42849433455119,192.755993432093,9978,"CA",190.363206749413,186.997759155595,1.48805964695116,5.26142510628994,9.20813794842098,1,0,1
"06053","Monterey County, California",2017,0.275862068965517,4.46993542755047,207.772385305563,8685,"CA",202.07879503969,204.107274324174,1.49737396278299,5.3364431791008,9.06935267867521,1,0,1
"06059","Orange County, California",2017,0.306522473808719,4.55580749462563,185.459284393312,96777,"CA",182.954235170401,181.334402362282,1.5164027915372,5.22283536681461,11.4801646417267,1,0,1
"06061","Placer County, California",2017,0.425,4.41822921987085,198.807217768815,10721,"CA",193.610379320959,192.542299774532,1.48573898682788,5.29233560024758,9.27995971385624,1,0,1
"06065","Riverside County, California",2017,0.397849462365591,4.55059960314963,197.737475125659,38868,"CA",193.354851796335,190.920840898041,1.51525900519252,5.28694026772993,10.5679265689593,1,0,1
"06067","Sacramento County, California",2017,0.153236459709379,4.52135388946578,193.815764908733,29430,"CA",188.014695771309,186.898216193381,1.50881148206072,5.26690804242653,10.2897698412275,1,0,1
"06071","San Bernardino County, California",2017,0.307443365695793,4.63764884961613,183.598618930718,35579,"CA",180.315252115191,177.752197768928,1.53420752437072,5.21275195599425,10.4795108551475,1,0,1
"06073","San Diego County, California",2017,0.594368340943683,4.55256496954969,186.283535582648,84951,"CA",183.121851078605,180.804908227914,1.51569080369839,5.22726989787097,11.3498298986612,1,0,1
"06075","San Francisco County, California",2017,1,4.37705346076062,242.258532036508,34412,"CA",237.945021740766,239.202743927893,1.47637577215304,5.49000547011561,10.4461606197412,1,0,1
"06077","San Joaquin County, California",2017,0.322033898305085,4.55768182013153,194.962933305923,11428,"CA",191.38074265038,186.293061572836,1.51681412148287,5.27280945488454,9.34382176335066,1,0,1
"06081","San Mateo County, California",2017,0.1923828125,4.51153564937157,193.039313579915,21284,"CA",193.032983789451,189.35242499649,1.50663759431005,5.26289386546667,9.96571089571626,1,0,1
"06083","Santa Barbara County, California",2017,0.434343434343434,4.55003002191889,187.394622684029,11682,"CA",180.779527276429,179.815443728318,1.51513383116502,5.23321667507048,9.36580447460025,1,0,1
"06085","Santa Clara County, California",2017,0.273358611055677,4.4475218739088,217.701006644578,48597,"CA",217.917973202084,215.351320677795,1.49234705879394,5.38312259222879,10.7913170795882,1,0,1
"06087","Santa Cruz County, California",2017,0.444444444444444,4.50332367950076,194.31937417229,7001,"CA",188.46701074205,190.5237627223,1.5048157195935,5.26950306408504,8.8538082749772,1,0,1
"06095","Solano County, California",2017,0.196078431372549,4.51479705483493,196.655675666461,7007,"CA",197.024000963394,195.257439847748,1.50736023676345,5.28145436022823,8.85466492837053,1,0,1
"06097","Sonoma County, California",2017,0.417582417582418,4.57213416395182,180.308233052809,14085,"CA",176.461104723434,176.486973991997,1.51998009019839,5.19466779224389,9.55286568031047,1,0,1
"06111","Ventura County, California",2017,0.185022026431718,4.57975740007236,178.344005347474,21267,"CA",173.551759605222,173.136832661098,1.52164602730665,5.18371429950732,9.96491185452313,1,0,1
"08001","Adams County, Colorado",2017,0.461538461538462,4.57267304671944,174.633498844787,9991,"CO",170.231255386383,166.522581556101,1.52009794566671,5.16268948551114,9.20943996673302,1,0,1
"08005","Arapahoe County, Colorado",2017,0.266331658291457,4.48094545836969,179.890924377432,18940,"CO",175.045397431264,174.613216127923,1.49983406397579,5.19235069153181,9.84903136674007,1,0,1
"08013","Boulder County, Colorado",2017,0.335195530726257,4.43224612658311,211.834197004879,12492,"CO",205.230101037607,204.449967647178,1.48890648187936,5.35580387908076,9.43284371840297,1,0,1
"08014","Broomfield County, Colorado",2017,0.366666666666667,4.28362097912383,217.129318128231,2085,"CO",194.952014241361,197.067193252396,1.45479867507761,5.38049311211587,7.6425241342329,1,0,1
"08031","Denver County, Colorado",2017,0.386167146974063,4.53990678264778,188.905950515591,25636,"CO",184.05345219369,182.670499375798,1.51290647938603,5.24124927488793,10.1517528926241,1,0,1
"08035","Douglas County, Colorado",2017,0.205741626794258,4.3322275618513,215.895617449725,9216,"CO",212.252317073187,211.211628206887,1.46608185819566,5.37479503833245,9.12869638293567,1,0,1
"08041","El Paso County, Colorado",2017,0.333333333333333,4.47497641601221,183.957274052797,17481,"CO",177.921013693228,175.859848250774,1.49850108154806,5.21470352441015,9.76886985581118,1,0,1
"08059","Jefferson County, Colorado",2017,0.575,4.44788401099308,192.348656673407,17235,"CO",186.794267863321,185.967900847489,1.49242847994305,5.25930964541206,9.75469747895097,1,0,1
"08069","Larimer County, Colorado",2017,0.8,4.515132050098,179.810737548124,10854,"CO",173.094350869708,172.788487060948,1.50743443341757,5.19190483965441,9.29228895462335,1,0,1
"08123","Weld County, Colorado",2017,0.375,4.51394764662475,177.030557857752,6201,"CO",167.409099814876,166.032724572817,1.50717208032737,5.17632236093683,8.73246584834988,1,0,1
"09001","Fairfield County, Connecticut",2017,0.357766143106457,4.53590505555319,183.023693246361,27115,"CT",180.663587526899,177.554707452455,1.51202463489095,5.20961561575233,10.2078423592752,1,0,1
"09003","Hartford County, Connecticut",2017,0.0623548922056385,4.61158248862313,173.235232429593,22816,"CT",170.338995742563,169.904127790641,1.52857107112406,5.15465039593538,10.035217323214,1,0,1
"09007","Middlesex County, Connecticut",2017,0.263157894736842,4.50710459613168,192.928174191724,4120,"CT",179.936559716397,179.912801327159,1.50565495092351,5.26231796519121,8.32360844234357,1,0,1
"09009","New Haven County, Connecticut",2017,0.320388349514563,4.58871070060184,191.05490144664,19506,"CT",187.560541022572,186.435484466329,1.52359909149953,5.25256082887206,9.87847738953196,1,0,1
"09013","Tolland County, Connecticut",2017,0.333333333333333,4.29582067969108,226.73501470274,2351,"CT",202.99401445987,200.992396145574,1.4576426151089,5.42378199950263,7.76259604854007,1,0,1
"10003","New Castle County, Delaware",2017,0.286885245901639,4.57067378365424,167.159865663732,15887,"DE",165.037105487386,167.548484927589,1.51966063028665,5.11895063394056,9.67325644372002,1,0,1
"11001","District of Columbia, District of Columbia",2017,0.560869565217391,4.16494783144387,280.088622278604,23516,"DC",273.695160297784,273.459455773359,1.4267037500767,5.63510606122899,10.0654363195221,1,0,1
"12001","Alachua County, Florida",2017,0.361702127659574,4.4788247625266,190.170303311329,6118,"FL",185.13676779985,182.932636809931,1.49936068221925,5.24792000391127,8.71899052471085,1,0,1
"12009","Brevard County, Florida",2017,0.0687830687830688,4.49222383140391,189.212544343082,14190,"FL",188.321120415576,185.715296925388,1.50234786453146,5.24287095644464,9.56029277015409,1,0,1
"12011","Broward County, Florida",2017,0.801195814648729,4.55538557015977,174.967819983852,60962,"FL",173.734119597695,171.524644423764,1.51631017480454,5.16460207120789,11.0180059982213,1,0,1
"12031","Duval County, Florida",2017,0.18864774624374,4.54707512399647,175.612056023562,25668,"FL",171.575914244189,171.388273275682,1.51448419636825,5.16827733501491,10.1530003588704,1,0,1
"12057","Hillsborough County, Florida",2017,0.128071900014043,4.54824531684386,168.470814594558,36748,"FL",169.061692925983,166.795260872938,1.51474151393314,5.12676252763636,10.5118390813914,1,0,1
"12065","Jefferson County, Florida",2017,0.0909090909090909,3.28670719089185,433.507069067757,179,"FL",230.896294168342,236.394001480691,1.18988620975638,6.07190810304902,5.18738580584075,1,0,1
"12069","Lake County, Florida",2017,0.214285714285714,4.44874408833737,191.753391388497,7257,"FL",188.651345357221,188.621560222089,1.4926218290046,5.25621012660203,8.88972179927814,1,0,1
"12071","Lee County, Florida",2017,0.536585365853659,4.42569640687494,203.257574267349,18718,"FL",198.092354985227,193.991855759454,1.48742764616168,5.31447401350158,9.8372409067172,1,0,1
"12073","Leon County, Florida",2017,0.180851063829787,4.40033354905701,201.270271043823,7634,"FL",197.384251001702,194.951442881871,1.48168034465491,5.30464863690977,8.94036723330517,1,0,1
"12081","Manatee County, Florida",2017,0.4,4.47683513256573,186.477203396264,9055,"FL",179.300623130168,180.803021205872,1.49891635315429,5.22830899781252,9.11107237031751,1,0,1
"12086","Miami-Dade County, Florida",2017,0.28694900605013,4.60054574805603,164.426400781645,84720,"FL",163.196173414907,162.315348921479,1.52617493733952,5.10246305842523,11.3471069802753,1,0,1
"12095","Orange County, Florida",2017,0.225997045790251,4.56525168405918,172.842198162413,37649,"FL",171.234582142927,169.582192434713,1.51847364594646,5.1523790288862,10.5360616724503,1,0,1
"12097","Osceola County, Florida",2017,0.28125,4.33538748102551,228.055211433202,6208,"FL",216.187598492391,218.316981549324,1.46681099055757,5.42958775504833,8.73359406186306,1,0,1
"12099","Palm Beach County, Florida",2017,0.0907457322551662,4.48379420755439,189.477285051371,48604,"FL",185.566476134269,184.707245616018,1.50046960932049,5.24426914953497,10.7914611110285,1,0,1
"12101","Pasco County, Florida",2017,0.463414634146341,4.45064619065779,185.451446199949,9612,"FL",179.297507555556,181.225205479452,1.49304929701977,5.22279310223331,9.17076759685636,1,0,1
"12103","Pinellas County, Florida",2017,0.298245614035088,4.54666476751025,177.504871054414,28678,"FL",175.491606231226,174.941068825348,1.51439394604409,5.17899805109901,10.263885557275,1,0,1
"12105","Polk County, Florida",2017,0.774193548387097,4.57918410870444,166.24629920137,11613,"FL",162.281900285023,162.594829123419,1.52152084005261,5.11347041884531,9.35988043924576,1,0,1
"12115","Sarasota County, Florida",2017,0.576923076923077,4.41378377188898,198.935616941817,13892,"FL",192.543761153615,191.608731265723,1.4847323197495,5.29298123942072,9.53906841386396,1,0,1
"12117","Seminole County, Florida",2017,0.192192192192192,4.49500514360192,177.28727450221,13502,"FL",173.772840709745,174.242892289828,1.50296681221702,5.1777714366871,9.51059310160182,1,0,1
"13057","Cherokee County, Georgia",2017,0.166219839142091,4.4019930479883,195.86166272396,5343,"GA",191.027784267878,194.55167377156,1.48205740381822,5.27740860760595,8.58354257195777,1,0,1
"13063","Clayton County, Georgia",2017,0.260869565217391,4.33354266053492,217.472991332524,3710,"GA",203.653688888889,202.442669582561,1.46638537390401,5.38207466503654,8.21878715560148,1,0,1
"13067","Cobb County, Georgia",2017,0.323619631901841,4.50323900197357,181.827085646729,20488,"GA",176.608777711296,176.520057585948,1.50479691607652,5.20305615660168,9.92759462787936,1,0,1
"13089","DeKalb County, Georgia",2017,0.277930654925702,4.49812175163048,192.233317322269,16948,"GA",188.91031867809,187.495471582895,1.50365992111888,5.25870982866351,9.73790511174645,1,0,1
"13113","Fayette County, Georgia",2017,0.215909090909091,4.37399972550847,193.728563862161,3428,"GA",188.802946512591,186.636542795616,1.47567785949931,5.26645802398182,8.13973227971767,1,0,1
"13117","Forsyth County, Georgia",2017,0.159457478005865,4.35566842830166,224.895933597206,6411,"GA",220.175888887813,211.496387215564,1.47147808378551,5.41563777786453,8.76577054398726,1,0,1
"13121","Fulton County, Georgia",2017,0.243104021269525,4.46525576352342,203.473565112789,36705,"GA",200.979119724118,201.402895379338,1.49632649455207,5.31553609527911,10.5106682645449,1,0,1
"13135","Gwinnett County, Georgia",2017,0.143026004728132,4.52211717693796,181.141766490361,23714,"GA",175.841487010964,173.676867909921,1.5089802861556,5.19927996497147,10.073820870018,1,0,1
"13151","Henry County, Georgia",2017,0.0606060606060606,4.28219147797001,231.829459910437,3699,"GA",218.323434115204,215.312568304342,1.45446490611541,5.44600201476474,8.21581779183245,1,0,1
"13217","Newton County, Georgia",2017,0.285714285714286,4.18728155238572,243.869320652555,1335,"GA",206.450870539428,207.433935788458,1.43205172919601,5.49663251072769,7.19668657083435,1,0,1
"13247","Rockdale County, Georgia",2017,0.266666666666667,4.32073316036844,216.088976414377,1945,"GA",194.41630794232,183.764308476871,1.46342510090464,5.37569025070952,7.57301725605255,1,0,1
"13285","Troup County, Georgia",2017,0.16,4.25819340399257,225.974957955076,1348,"GA",201.111589900731,202.184866728661,1.44884498676259,5.42042418762439,7.20637729147225,1,0,1
"15003","Honolulu County, Hawaii",2017,0.413333333333333,4.46121321169971,221.085261666475,21571,"HI",216.881245279721,213.584705693645,1.49542074960156,5.39854842651212,9.97910509899472,1,0,1
"16001","Ada County, Idaho",2017,0.686390532544379,4.5422414293416,170.307598642393,13671,"ID",164.89973195526,163.850177993328,1.51342059712354,5.13760620582998,9.52303207993199,1,0,1
"16015","Boise County, Idaho",2017,0.789855072463768,2.74504276052542,772.92899408284,104,"ID",316.037161750984,352.888888888889,1.00979665244505,6.65018718677814,4.64439089914137,1,0,1
"16039","Elmore County, Idaho",2017,0.789855072463768,3.78206714754389,280.646487845377,359,"ID",198.571649536773,209.814049586777,1.33027072458524,5.63709582695172,5.88332238848828,1,0,1
"17031","Cook County, Illinois",2017,0.375,4.58371269628986,178.189805255337,133591,"IL",174.706566818232,172.81907611029,1.52250930211882,5.18284930383417,11.8025381725461,1,0,1
"17043","DuPage County, Illinois",2017,0.189097103918228,4.59342428741043,161.925284457115,33983,"IL",158.319675765526,159.341944385685,1.52462577804439,5.08713502178885,10.4336156785566,1,0,1
"17089","Kane County, Illinois",2017,0.218954248366013,4.58872733793714,167.317909516461,12933,"IL",162.579942176588,159.424213564175,1.52360271720318,5.1198956525709,9.46753746341524,1,0,1
"17093","Kendall County, Illinois",2017,0.150684931506849,4.20984546085862,232.737508876688,2054,"IL",205.41279683502,206.151361441824,1.43742593938602,5.44991124716251,7.6275443904885,1,0,1
"17097","Lake County, Illinois",2017,0.449678800856531,4.5374520494549,178.407787457492,19808,"IL",175.876529269163,173.786017854041,1.51236563192189,5.18407187086076,9.89384117548432,1,0,1
"17111","McHenry County, Illinois",2017,0.470588235294118,4.51415906945066,182.669191825437,7893,"IL",176.001327147146,173.236292911222,1.50721891690841,5.20767682204624,8.9737315697084,1,0,1
"17113","McLean County, Illinois",2017,0.106854838709677,4.42802254356535,195.773523604128,3535,"IL",180.220439668858,179.874898871388,1.48795310597285,5.27695849931948,8.17046857833067,1,0,1
"17143","Peoria County, Illinois",2017,0.4625,4.54211698628108,174.837834442261,4312,"IL",168.199468243857,165.269701560722,1.51339319990849,5.16385888397847,8.36915711258883,1,0,1
"17161","Rock Island County, Illinois",2017,0.260869565217391,4.46900971713362,197.023549363626,2999,"IL",181.656220459871,181.196054873275,1.49716684429078,5.28332326151054,8.00603417874901,1,0,1
"17163","St. Clair County, Illinois",2017,0.521739130434783,4.49925481505158,182.833925660014,5161,"IL",178.66818950686,177.705989069745,1.50391178640843,5.2085782307503,8.54888563814873,1,0,1
"17167","Sangamon County, Illinois",2017,0.170634920634921,4.48529760482602,185.659955504169,4937,"IL",177.257316827054,178.110128071775,1.50080484890041,5.22391680430877,8.50451313825886,1,0,1
"17197","Will County, Illinois",2017,0.248618784530387,4.53594256192824,183.519269780317,15356,"IL",181.692566395783,178.398102216953,1.51203290363105,5.212319674408,9.63926155612069,1,0,1
"18003","Allen County, Indiana",2017,0.346153846153846,4.63685936640906,155.879982502241,9128,"IN",151.934729441477,149.446870790725,1.53403727637685,5.04908636821903,9.11910189154191,1,0,1
"18005","Bartholomew County, Indiana",2017,0.583333333333333,4.4422268211897,183.892539892306,1799,"IN",174.879319919689,170.467114881502,1.49115578702082,5.2143515646771,7.49498623395053,1,0,1
"18011","Boone County, Indiana",2017,0.464285714285714,4.31401168178076,200.276188906935,1428,"IN",173.744049025937,168.609480274498,1.46186825584015,5.29969735845573,7.26403014289953,1,0,1
"18057","Hamilton County, Indiana",2017,0.326666666666667,4.41519949488657,197.960010618118,8981,"IN",192.725863399685,188.738668622181,1.48505301873985,5.28806504372138,9.10286651367095,1,0,1
"18063","Hendricks County, Indiana",2017,0.27027027027027,4.394996762209,203.06091749886,3210,"IN",193.506664955962,192.644083193688,1.48046679443812,5.31350602022621,8.07402621612406,1,0,1
"18085","Kosciusko County, Indiana",2017,0.465116279069767,4.46333795479401,190.636501517254,1882,"IN",172.594269320999,169.014628741167,1.49589690646252,5.25036848136976,7.54009032014532,1,0,1
"18097","Marion County, Indiana",2017,0.187604690117253,4.64403044409142,165.133457212107,23398,"IN",160.846345712512,159.928879842997,1.5355826193894,5.10675397856111,10.0604058276075,1,0,1
"18157","Tippecanoe County, Indiana",2017,0.380952380952381,4.43782741607856,208.522624736169,3570,"IN",197.816725583705,194.239425408102,1.49016493598466,5.34004754727594,8.18032087477368,1,0,1
"19049","Dallas County, Iowa",2017,0.163461538461538,4.21033813651272,208.918482773097,1962,"IA",192.199444278131,196.625238289477,1.43754296193047,5.34194414130306,7.58171964012531,1,0,1
"19113","Linn County, Iowa",2017,0.5,4.57992675351609,165.326145546924,5532,"IA",159.807296305067,158.363136224419,1.52168300531613,5.1079201625972,8.61830469278465,1,0,1
"19153","Polk County, Iowa",2017,0.251633986928105,4.58188348039646,162.03131139412,12938,"IA",160.994923278395,158.348645379779,1.52211015385123,5.08778959676679,9.46792399660393,1,0,1
"19169","Story County, Iowa",2017,0.043956043956044,4.41185387484795,190.898093992849,2042,"IA",173.814306926369,171.348568181077,1.48429498090805,5.25173974635944,7.62168499872461,1,0,1
"20091","Johnson County, Kansas",2017,0.239700374531835,4.50712376067809,172.611084634157,17919,"KS",166.917727147824,166.638735149378,1.50565920298939,5.15104099810608,9.79361688140042,1,0,1
"20173","Sedgwick County, Kansas",2017,0.441176470588235,4.59639007836844,172.170096021948,12150,"KS",169.255540929667,167.741414891935,1.52527122983327,5.14848291850413,9.40508444876869,1,0,1
"20177","Shawnee County, Kansas",2017,0.4,4.52465914319556,167.205165263187,4126,"KS",165.858853911933,161.324543611931,1.50954224684404,5.11922159289584,8.3250636936312,1,0,1
"21015","Boone County, Kentucky",2017,0.153846153846154,4.52023739789724,177.779467519239,3008,"KY",165.983902252409,167.712255876135,1.50856451412361,5.18054383564221,8.00903068506973,1,0,1
"21029","Bullitt County, Kentucky",2017,0.25974025974026,4.10752006312384,232.668036318313,1067,"KY",197.388285024155,199.910777371058,1.41281945542712,5.44961270083186,6.97260625130175,1,0,1
"21067","Fayette County, Kentucky",2017,0.40625,4.55025878689794,177.554824990291,8652,"KY",172.043178511295,172.68107772598,1.51518410758677,5.17927943440871,9.06554578707295,1,0,1
"21111","Jefferson County, Kentucky",2017,0.229166666666667,4.61793445561693,169.330138506126,19723,"KY",163.809470460079,163.125500797237,1.52994751759142,5.13185029164258,9.8895407464035,1,0,1
"21117","Kenton County, Kentucky",2017,0.27027027027027,4.45147262240809,181.873362666915,3073,"KY",175.369670413503,173.761268741535,1.49323496781793,5.20331063536656,8.03040956213048,1,0,1
"22033","East Baton Rouge Parish, Louisiana",2017,0.269230769230769,4.56169697441582,169.624925942081,12268,"LA",166.636121011399,166.568275811008,1.51769469781031,5.13358968155704,9.41474952523414,1,0,1
"22049","Jackson Parish, Louisiana",2017,0.04,3.10237172683299,579.705302549367,173,"LA",283.43341328058,278.655558747486,1.13216689214374,6.36251987536158,5.15329159449778,1,0,1
"22051","Jefferson Parish, Louisiana",2017,0.147058823529412,4.56332789241416,176.099611993073,11823,"LA",170.442114334961,170.883938001675,1.51805215831908,5.17104981216681,9.37780206586311,1,0,1
"22061","Lincoln Parish, Louisiana",2017,0.04,4.22252695479145,215.810066506881,1004,"LA",178.098694761397,179.473913143014,1.44043375328902,5.37439869912663,6.91174730025167,1,0,1
"22071","Orleans Parish, Louisiana",2017,0.555555555555556,4.40931402871414,256.793635563712,9366,"LA",244.745348581158,249.861141375881,1.48371912831534,5.54827278787828,9.14484138974349,1,0,1
"22111","Union Parish, Louisiana",2017,0.04,3.48669197562089,393.057958477509,272,"LA",260.320016806134,244.182294094446,1.24895342872461,5.9739570780376,5.605802066296,1,0,1
"23005","Cumberland County, Maine",2017,0.645161290322581,4.59677113340778,167.818249951163,11470,"ME",162.281847098491,163.539923488777,1.52535412950854,5.12288154825719,9.34749021012342,1,0,1
"24003","Anne Arundel County, Maryland",2017,0.371134020618557,4.45742582942577,198.01522372722,14251,"MD",193.026993376278,190.520573976058,1.49457143111605,5.28834391525005,9.56458235867321,1,0,1
"24005","Baltimore County, Maryland",2017,0.223529411764706,4.50698360501321,178.027184162756,20007,"MD",178.085059656941,176.50189882701,1.5056281060301,5.18193625864705,9.90383749130042,1,0,1
"24021","Frederick County, Maryland",2017,0.354166666666667,4.41533347164965,194.607868274819,6138,"MD",187.287177293458,189.314861923884,1.48508336272104,5.27098660200141,8.72225423517968,1,0,1
"24027","Howard County, Maryland",2017,0.25398773006135,4.35457124518177,241.147475241157,9445,"MD",228.4433863194,225.210322303302,1.47122615429406,5.48540867679879,9.15324077993561,1,0,1
"24031","Montgomery County, Maryland",2017,0.303016400963413,4.34687456616057,214.937754920444,27353,"MD",211.561649962732,209.818276173312,1.46945709632476,5.37034847421304,10.2165814910486,1,0,1
"24033","Prince George's County, Maryland",2017,0.331775700934579,4.42011097148221,203.834920729509,15231,"MD",196.019610386897,194.173733117102,1.48616480244462,5.31731045414511,9.6310881036155,1,0,1
"24510","Baltimore city, Maryland",2017,0.272401433691756,4.5005983192738,217.727488779736,12363,"MD",208.499217527476,209.883081663372,1.50421034777652,5.38324422935392,9.42246342000693,1,0,1
"25005","Bristol County, Massachusetts",2017,0.407894736842105,4.56596202761586,189.780115136762,12826,"MA",182.833099153547,182.302974302035,1.51862923173834,5.24586611323087,9.45922963970881,1,0,1
"25009","Essex County, Massachusetts",2017,0.516320474777448,4.5749813639114,187.753330657529,19020,"MA",184.74001609482,182.056337762499,1.5206026252572,5.23512903034058,9.85324633609938,1,0,1
"25013","Hampden County, Massachusetts",2017,1,4.59898343677068,172.260284939305,9536,"MA",169.937918941494,171.154259223405,1.52583528706634,5.1490066174831,9.16282938930513,1,0,1
"25017","Middlesex County, Massachusetts",2017,0.383210509452099,4.54391240880986,180.57546130799,44602,"MA",178.160063593062,176.741130135274,1.51378840500284,5.19614875859509,10.7055339800521,1,0,1
"25021","Norfolk County, Massachusetts",2017,0.119428090832632,4.53467948035796,178.092812537187,20230,"MA",173.719218119243,174.745878997858,1.5117544041913,5.1823048331488,9.91492193016179,1,0,1
"25023","Plymouth County, Massachusetts",2017,0.445378151260504,4.51605026574138,192.785004166894,12657,"MA",187.567938393033,185.71199067864,1.50763777681479,5.26157559993413,9.44596570079245,1,0,1
"25025","Suffolk County, Massachusetts",2017,0.497264021887825,4.43368309068055,223.547160327324,21369,"MA",217.391746540192,217.674867429368,1.48923063608245,5.40962239997048,9.96969655264646,1,0,1
"25027","Worcester County, Massachusetts",2017,0.314176245210728,4.590113728096,180.69167510679,18373,"MA",177.398364530183,175.980169045542,1.52390480112846,5.19679212629226,9.81863747461973,1,0,1
"26021","Berrien County, Michigan",2017,1,4.52878078103667,181.723728905532,3453,"MI",175.921681301653,173.118193519342,1.51045276001038,5.20248756074193,8.14699869738999,1,0,1
"26045","Eaton County, Michigan",2017,0.333333333333333,4.41676276966792,196.431267780706,2041,"MI",177.490444916582,178.615685884094,1.48540702269749,5.28031258783474,7.62119516280984,1,0,1
"26065","Ingham County, Michigan",2017,0.380952380952381,4.51260202842216,197.834070009653,6075,"MI",189.164374036631,187.954984070546,1.50687393358005,5.2874286490966,8.71193726820875,1,0,1
"26075","Jackson County, Michigan",2017,0.315789473684211,4.54374663659581,170.038901294074,2818,"MI",159.740784780024,160.902564437972,1.51375192207291,5.13602724201402,7.94378269245863,1,0,1
"26077","Kalamazoo County, Michigan",2017,0.615384615384615,4.58605021733553,181.396099383437,5577,"MI",176.532011800631,173.409420442425,1.52301913451434,5.2006830346022,8.62640627638955,1,0,1
"26081","Kent County, Michigan",2017,0.34640522875817,4.7053558003095,146.992937300787,16702,"MI",142.846569079698,141.505586139179,1.54870139192301,4.99038454005164,9.72328375171318,1,0,1
"26099","Macomb County, Michigan",2017,0.401606425702811,4.55569850939323,177.119280040208,19135,"MI",171.958313565382,173.462355895933,1.51637886898645,5.17682340413842,9.8592743978598,1,0,1
"26111","Midland County, Michigan",2017,0.710526315789474,4.2340054228534,244.015310338878,1871,"MI",207.617023971181,183.031309397254,1.44314845349915,5.49723097061516,7.53422832627409,1,0,1
"26125","Oakland County, Michigan",2017,0.35038503850385,4.58766151464245,168.711914856709,39199,"MI",167.068434627982,167.300794692963,1.5233704203124,5.12819261454286,10.5764065152491,1,0,1
"26139","Ottawa County, Michigan",2017,0.521739130434783,4.6306223004374,159.043931729105,6063,"MI",153.782355020543,154.633905841393,1.53269126520843,5.06918046423941,8.70996000607173,1,0,1
"26159","Van Buren County, Michigan",2017,1,4.22065564416588,231.931268401026,1205,"MI",189.018496492535,202.494968519481,1.43999048189597,5.44644107088144,7.09423484592476,1,0,1
"26161","Washtenaw County, Michigan",2017,0.279228149829739,4.54183177281205,186.597016202398,8142,"MI",179.576569009842,178.01915855805,1.51333040486711,5.22895129794455,9.00479112906292,1,0,1
"26163","Wayne County, Michigan",2017,0.28169014084507,4.60757854714765,182.436766772956,32381,"MI",178.297815267584,178.365512484518,1.52770245808829,5.20640362954743,10.385327110016,1,0,1
"27003","Anoka County, Minnesota",2017,0.428571428571429,4.51680131413346,175.417278194313,7809,"MN",170.058990996317,168.222697797491,1.50780406946051,5.16716758246575,8.96303219366268,1,0,1
"27037","Dakota County, Minnesota",2017,0.204301075268817,4.59515070906637,158.984001350447,10646,"MN",157.113534678771,156.870205055718,1.52500155376084,5.06880357672021,9.2729395137327,1,0,1
"27053","Hennepin County, Minnesota",2017,0.49493487698987,4.62413627825257,158.021586194188,40805,"MN",155.45595789508,155.391886668146,1.53128960287622,5.0627316451773,10.6165599019033,1,0,1
"27109","Olmsted County, Minnesota",2017,1,4.46431211444895,175.378600410487,3507,"MN",163.26372936154,163.843816562014,1.49611514074618,5.16694706799371,8.16251625014018,1,0,1
"27123","Ramsey County, Minnesota",2017,0.410493827160494,4.64205757542483,155.766966016573,13514,"MN",151.687152271292,151.036004949672,1.53515771092587,5.04836108282054,9.51148146411212,1,0,1
"27139","Scott County, Minnesota",2017,0.102564102564103,4.42576463174669,192.155973290753,3320,"MN",180.21014842802,177.40553840217,1.48744306166686,5.25830740313061,8.10772006191053,1,0,1
"27163","Washington County, Minnesota",2017,0.26530612244898,4.47352267872422,176.375714741947,5867,"MN",171.137246244835,169.256756129309,1.49817616956329,5.17261646256418,8.67709870892586,1,0,1
"29051","Cole County, Missouri",2017,0.2,4.40804507885505,176.913478158133,2119,"MO",176.454918278171,180.657912202988,1.48343129839883,5.17566078909509,7.6586995582683,1,0,1
"29071","Franklin County, Missouri",2017,0.225806451612903,4.47146709318364,179.15417331365,2527,"MO",167.0603031106,165.22747112275,1.49771656354268,5.18824673856002,7.83478810738819,1,0,1
"29095","Jackson County, Missouri",2017,0.330578512396694,4.5795848381042,171.28510714862,17830,"MO",235.929410661871,226.899195421079,1.52160834731529,5.14332946137905,9.78863771085719,1,0,1
"29101","Johnson County, Missouri",2017,0.0476190476190476,4.09490246523778,244.601413304597,827,"MO",195.654067834691,192.498653211066,1.40974289900863,5.49963000126008,6.71780469502369,1,0,1
"29129","Mercer County, Missouri",2017,NA,2.06000767331262,1303.15500685871,27,"MO",304.557865994539,330.612244897959,0.722709707703593,7.17254353156807,3.29583686600433,1,0,1
"29183","St. Charles County, Missouri",2017,0.0533333333333333,4.49915442410121,184.686936964267,8511,"MO",185.014085604981,183.052818425431,1.50388947336449,5.21866215900974,9.04911472347696,1,0,1
"29189","St. Louis County, Missouri",2017,0.313926940639269,4.5649306370472,167.882601081513,30448,"MO",264.389326675255,243.093585694759,1.51840331941829,5.12326493204034,10.3237755895359,1,0,1
"29510","St. Louis city, Missouri",2017,0.477272727272727,4.48087373151839,244.731743539617,9089,"MO",1272.87823303426,1093.08274843058,1.49981805676792,5.50016268634908,9.11482017011877,1,0,1
"31055","Douglas County, Nebraska",2017,0.662962962962963,4.53751080774937,170.65511916555,15720,"NE",164.736782604277,163.189525811206,1.51237858146127,5.13964467294292,9.6626890659832,1,0,1
"31109","Lancaster County, Nebraska",2017,0.815789473684211,4.49155245884231,179.989035583577,8497,"NE",177.288381839851,175.03713263243,1.50219840120086,5.19289593561034,9.04746843900354,1,0,1
"32003","Clark County, Nevada",2017,0.448087431693989,4.51038436917504,199.656465782867,45756,"NV",197.938695388211,193.719905776853,1.50638237586422,5.29659821857395,10.7310782096456,1,0,1
"32031","Washoe County, Nevada",2017,0.317073170731707,4.60320373188379,167.741123142785,12540,"NV",161.443009252781,157.808139928613,1.52675252452993,5.12242185727002,9.43667881418691,1,0,1
"33011","Hillsborough County, New Hampshire",2017,0.379661016949153,4.59178627874226,169.403635813572,10952,"NH",164.287710898295,165.720292408207,1.5242691158484,5.13228424487767,9.30127736696828,1,0,1
"33015","Rockingham County, New Hampshire",2017,0.316666666666667,4.58685653659973,177.205311474875,9837,"NH",174.753465084468,174.753396019511,1.52319493904128,5.17730901218493,9.19390606551276,1,0,1
"34003","Bergen County, New Jersey",2017,0.206652512384996,4.53858173014576,179.914482704752,31846,"NJ",175.883297790961,174.508906314355,1.51261456900699,5.1924816419116,10.3686670644164,1,0,1
"34005","Burlington County, New Jersey",2017,0.252396166134185,4.54940595824689,173.955970735369,10374,"NJ",167.961152367332,169.396411178932,1.51499666581228,5.15880222544331,9.24705795491135,1,0,1
"34007","Camden County, New Jersey",2017,0.328358208955224,4.50169712940261,188.795373345445,11441,"NJ",187.268884078606,185.014443009134,1.50445446554416,5.24066374782557,9.34495867370094,1,0,1
"34013","Essex County, New Jersey",2017,0.663594470046083,4.53127670795036,185.787685308022,18796,"NJ",182.615764690586,182.618152893453,1.51100373377183,5.22460454489373,9.84139936022271,1,0,1
"34017","Hudson County, New Jersey",2017,0.414224446032881,4.46303015986457,214.381698153926,13472,"NJ",207.418831227615,207.208809049812,1.4958279433802,5.36775806246498,9.50836873648211,1,0,1
"34019","Hunterdon County, New Jersey",2017,0.168539325842697,4.38692853950031,209.576226895303,3724,"NJ",201.736547797747,202.537490387636,1.47862933290172,5.34508752471317,8.22255363839696,1,0,1
"34021","Mercer County, New Jersey",2017,0.153862989713285,4.45014238009298,199.490270143977,9665,"NJ",191.824948359715,190.180289315591,1.49293609119281,5.29576546393243,9.17626639164243,1,0,1
"34023","Middlesex County, New Jersey",2017,0.253932265835341,4.45973108275113,229.502354748448,21776,"NJ",234.89270020953,233.582187429627,1.49508846886686,5.43591328978978,9.98856372489125,1,0,1
"34025","Monmouth County, New Jersey",2017,0.223372781065089,4.44482480028611,207.223663880213,19229,"NJ",203.566275045522,199.984310727628,1.49174045318033,5.33379871178019,9.86417483515059,1,0,1
"34027","Morris County, New Jersey",2017,0.286318758815233,4.52713616986652,177.16885230118,16898,"NJ",176.163726585781,177.267646024403,1.51008954749482,5.177103245639,9.73495055071279,1,0,1
"34029","Ocean County, New Jersey",2017,0.488372093023256,4.42227057318503,210.709256606591,13305,"NJ",206.545786286621,206.114704487501,1.48665326852921,5.35047925248202,9.49589518341179,1,0,1
"34031","Passaic County, New Jersey",2017,0.242718446601942,4.53110461272761,185.943170971568,12093,"NJ",182.971147612924,181.101601548579,1.51096575363909,5.22544109461774,9.40038205178528,1,0,1
"34035","Somerset County, New Jersey",2017,0.156206415620642,4.41130253589922,206.02187019866,9917,"NJ",202.723554861914,204.939708796691,1.48417000546303,5.32798232916728,9.20200573518613,1,0,1
"34039","Union County, New Jersey",2017,0.512097420285211,4.5462863212793,180.762437038119,13766,"NJ",175.946049315458,174.308695141572,1.51431070657047,5.19718366662811,9.52995706295831,1,0,1
"35001","Bernalillo County, New Mexico",2017,0.346491228070175,4.58655194633705,178.297526608342,15904,"NM",170.855156420498,169.616456003396,1.52312853182452,5.18345365269403,9.67432592889636,1,0,1
"36001","Albany County, New York",2017,0.267489711934156,4.51150147541777,193.371742112483,9450,"NY",184.123394024566,183.580004702641,1.50663001948722,5.26461446123991,9.15377002048779,1,0,1
"36005","Bronx County, New York",2017,0.444444444444444,4.11060689416689,327.168008012961,18112,"NY",324.254679170933,326.87816444724,1.41357068042139,5.79047382492679,9.80432998100291,1,0,1
"36011","Cayuga County, New York",2017,0.384615384615385,4.27350000885288,216.800081530894,1499,"NY",192.297408175333,197.129709727028,1.45243316569551,5.37897564563043,7.3125534981026,1,0,1
"36023","Cortland County, New York",2017,0.333333333333333,4.09260930496508,278.231327727613,922,"NY",207.20606776834,202.15972239074,1.40918273851127,5.62845288180372,6.82654522355659,1,0,1
"36027","Dutchess County, New York",2017,0.284090909090909,4.43106545421169,215.741902800342,7542,"NY",210.732705648472,208.469842622832,1.48864006399082,5.37408279878575,8.9282426778183,1,0,1
"36029","Erie County, New York",2017,0.655737704918033,4.60445745334524,177.395964047896,22875,"NY",171.342826441107,173.448713521352,1.52702484590318,5.17838431904112,10.0377998901437,1,0,1
"36047","Kings County, New York",2017,0.363013698630137,4.40195492516088,225.213431902459,58664,"NY",221.904189294247,221.200464443078,1.4820487434246,5.41704853881397,10.9795815297736,1,0,1
"36055","Monroe County, New York",2017,0.164179104477612,4.59677590055451,174.669418802784,17679,"NY",172.358177659048,172.624564326679,1.52535516657219,5.16289515203329,9.78013277350602,1,0,1
"36059","Nassau County, New York",2017,0.320652173913043,4.4333364362108,198.74371056809,48515,"NY",194.37864429643,194.017652393199,1.48915244645653,5.2920161080933,10.7896283074594,1,0,1
"36061","New York County, New York",2017,0.176696490582996,4.33050654329709,221.438023708826,103721,"NY",216.724977086224,215.293137898801,1.4656845197674,5.40014274766417,11.5494598809482,1,0,1
"36067","Onondaga County, New York",2017,0.755555555555556,4.59042511758472,171.477958455852,11640,"NY",167.515694467023,166.869884863407,1.52397263799383,5.14445473622301,9.36220272128543,1,0,1
"36069","Ontario County, New York",2017,0.0486111111111111,4.5023915868133,200.837686157265,2901,"NY",187.49704796196,186.57681630026,1.50460871933573,5.30249705027394,7.9728107841214,1,0,1
"36071","Orange County, New York",2017,0.5,4.52404105778314,190.837007777039,9514,"NY",186.086292268975,185.748496802178,1.50940563376157,5.25141970130176,9.16051967699223,1,0,1
"36079","Putnam County, New York",2017,0.189655172413793,4.22114159299676,248.816835711785,2814,"NY",230.373186559115,233.181331080657,1.44010561113155,5.51671702622754,7.94236223767433,1,0,1
"36081","Queens County, New York",2017,0.248520710059172,4.37182800500141,235.55773957728,50188,"NY",231.394847727196,228.705389082552,1.47518122942183,5.46195606207719,10.8235312332796,1,0,1
"36087","Rockland County, New York",2017,0.172413793103448,4.45665787993384,186.827720121309,10105,"NY",182.822147606899,184.751654249604,1.49439913085079,5.23018690943903,9.22078562983772,1,0,1
"36091","Saratoga County, New York",2017,0.295454545454545,4.42139588207133,203.002605551696,5334,"NY",199.569938717039,196.506042151935,1.48645545665537,5.31321881418945,8.58185670474196,1,0,1
"36099","Seneca County, New York",2017,0.130434782608696,4.00729601229502,272.323420828431,628,"NY",224.36097500078,230.470144812537,1.38811670272009,5.60699040710264,6.4425401664682,1,0,1
"36101","Steuben County, New York",2017,0.533333333333333,4.26872546639063,233.04248955849,1717,"NY",199.691796388524,197.411008202822,1.45131529706203,5.45122079556052,7.44833386089748,1,0,1
"36103","Suffolk County, New York",2017,0.348101265822785,4.5162811606195,193.066566196065,49739,"NY",189.802170952475,187.827287869708,1.50768890312256,5.26303503200995,10.8145446126117,1,0,1
"36109","Tompkins County, New York",2017,0.358974358974359,4.37342655258429,213.230106214603,2290,"NY",192.159537070855,190.764719817279,1.47554680999817,5.36237189346025,7.73630709654828,1,0,1
"36119","Westchester County, New York",2017,0.416666666666667,4.44531195872713,194.428799389472,31782,"NY",190.576450822818,190.225233759355,1.49185004844409,5.27006602606152,10.3666553707726,1,0,1
"36123","Yates County, New York",2017,0.15,3.72057239156507,324.194176461232,427,"NY",226.758302810815,236.642399248131,1.31387752514877,5.7813426463433,6.05678401322862,1,0,1
"37019","Brunswick County, North Carolina",2017,0.513513513513513,4.18686445873602,274.677425703469,2433,"NC",251.422368417528,252.500224918666,1.43195211458468,5.61559741172468,7.79688034278352,1,0,1
"37025","Cabarrus County, North Carolina",2017,0.401129943502825,4.43024714804274,202.059731145698,4327,"NC",192.489887114469,186.022882189756,1.48845537212676,5.30856335243203,8.37262974022488,1,0,1
"37037","Chatham County, North Carolina",2017,0.237762237762238,4.2736001709141,204.929210239806,1354,"NC",176.683673469388,174.3276916164,1.45245660336656,5.32266460359976,7.21081845347222,1,0,1
"37063","Durham County, North Carolina",2017,0.94347522679693,4.49488932409265,184.030013988323,7471,"NC",181.51674695249,180.176363533867,1.5029410456166,5.2150988638082,8.9187841379758,1,0,1
"37067","Forsyth County, North Carolina",2017,0.575,4.56799717352628,175.395963671472,8534,"NC",172.259247033596,172.373209874551,1.51907485359832,5.16704606753802,9.05181346374795,1,0,1
"37071","Gaston County, North Carolina",2017,0.0833333333333333,4.44248358592065,212.476352256701,4101,"NC",204.142363968125,201.604304871793,1.49121358625552,5.35883069867413,8.31898612539206,1,0,1
"37081","Guilford County, North Carolina",2017,0.983606557377049,4.65845160498615,157.604908527553,13497,"NC",154.911792009642,153.902385875641,1.53868311931432,5.06009132241817,9.51022271750928,1,0,1
"37097","Iredell County, North Carolina",2017,0.65,4.55835064222789,169.883658368568,4714,"NC",169.568318262737,167.441034997915,1.5169608568308,5.13511384022949,8.45829208349608,1,0,1
"37101","Johnston County, North Carolina",2017,0.347826086956522,4.30388307506051,218.141239657425,3320,"NC",203.857941229493,201.873562408088,1.45951765591531,5.38514274133686,8.10772006191053,1,0,1
"37119","Mecklenburg County, North Carolina",2017,0.408014571948998,4.57627720337546,167.012228004632,32040,"NC",162.392048387541,160.264700563056,1.52088582990346,5.11806703132081,10.3747404011823,1,0,1
"37129","New Hanover County, North Carolina",2017,0.534883720930233,4.48085679231,192.712771766658,7457,"NC",186.913398419772,183.798000728857,1.49981427642475,5.26120085120357,8.9169084675438,1,0,1
"37141","Pender County, North Carolina",2017,0.620689655172414,3.99796306056936,289.16237176927,997,"NC",253.10349388638,255.224353063807,1.38578499655813,5.66698837037149,6.90475076996184,1,0,1
"37179","Union County, North Carolina",2017,0.181818181818182,4.40754585981333,199.950771129297,4656,"NC",189.139712773945,184.987207097954,1.4833180401849,5.29807119189603,8.44591198941127,1,0,1
"37183","Wake County, North Carolina",2017,0.69690063810392,4.49919648104693,184.825494417924,29313,"NC",183.262947476296,182.727172472791,1.50389882106523,5.21941210649937,10.2857863826125,1,0,1
"38017","Cass County, North Dakota",2017,0.407407407407407,4.57142902432887,156.041377940779,5504,"ND",148.767338003652,146.931922292534,1.51982585281635,5.0501212152889,8.61323037961318,1,0,1
"39017","Butler County, Ohio",2017,0.271428571428571,4.60773085179656,172.438295646782,7195,"OH",166.588943656787,165.610477631289,1.52773551278941,5.15003946608375,8.88114161932147,1,0,1
"39025","Clermont County, Ohio",2017,1,4.48117438149128,187.516841105418,3517,"OH",175.676196145025,180.439573692493,1.49988515080027,5.23386866060586,8.16536363247398,1,0,1
"39027","Clinton County, Ohio",2017,0.391304347826087,4.02434115296025,250.092455621302,624,"OH",193.094389191218,182.660911990993,1.39236120876654,5.52183067197997,6.43615036836943,1,0,1
"39035","Cuyahoga County, Ohio",2017,0.339233038348083,4.66366317059633,159.632863562092,32640,"OH",158.437699370157,157.374562116472,1.53980122744292,5.07287657586191,10.393293809078,1,0,1
"39041","Delaware County, Ohio",2017,0.128270580727505,4.44122073206898,199.185041762746,4543,"OH",190.071709211209,191.634437032072,1.49092927831033,5.2942342507785,8.4213428657594,1,0,1
"39049","Franklin County, Ohio",2017,0.128965801400906,4.59566442007578,173.695845196362,28359,"OH",172.577399657612,171.552554887411,1.52511334167143,5.15730575353877,10.2526997190935,1,0,1
"39055","Geauga County, Ohio",2017,0.254545454545455,4.40565943913303,185.446482563999,2706,"OH",179.794427147311,179.501726935213,1.48288995059771,5.22276633672417,7.90322680873073,1,0,1
"39057","Greene County, Ohio",2017,0.115789473684211,4.30192106034141,237.074040510757,3153,"OH",224.413986354903,216.073356871852,1.45906168115171,5.46837249956454,8.05610965954506,1,0,1
"39061","Hamilton County, Ohio",2017,0.193962748876044,4.6642987441653,160.684792188684,20960,"OH",158.660781854127,157.817281010738,1.53993750020556,5.07944463347181,9.95037113843498,1,0,1
"39085","Lake County, Ohio",2017,0.252427184466019,4.5313385848386,187.252067887795,5926,"OH",177.586461576194,176.623455954492,1.51101738918724,5.23245566579587,8.68710472813351,1,0,1
"39089","Licking County, Ohio",2017,0.479166666666667,4.50021193785628,194.1019991608,2953,"OH",185.8227500753,183.708139303722,1.50412449296863,5.26838378976541,7.99057688174392,1,0,1
"39095","Lucas County, Ohio",2017,0.380952380952381,4.57570368131998,190.527946083093,9598,"OH",184.997624176209,184.581854417423,1.52076049702451,5.24979888240648,9.16931002241819,1,0,1
"39097","Madison County, Ohio",2017,0.153846153846154,3.89258382178432,271.758034026465,575,"OH",191.408586268915,193.490264979024,1.35907315867125,5.60491208959914,6.35437004079735,1,0,1
"39103","Medina County, Ohio",2017,0.347826086956522,4.53967284519319,171.200544249673,3911,"OH",164.366850123569,162.952240077693,1.51285494892664,5.14283564273105,8.27154837475551,1,0,1
"39109","Miami County, Ohio",2017,0.0909090909090909,4.46461610357936,183.600409428986,2023,"OH",175.443006043235,173.582861753206,1.49618323159048,5.21276170818928,7.61233683716775,1,0,1
"39113","Montgomery County, Ohio",2017,0.233830845771144,4.61141038305593,175.650369708463,11085,"OH",174.512713399653,175.459605290405,1.52853375014385,5.16849548351157,9.31334812205041,1,0,1
"39133","Portage County, Ohio",2017,0.347826086956522,4.52323695978836,186.606308765406,2962,"OH",181.535622747544,173.666442247613,1.50922787908324,5.22900109687392,7.99361999482774,1,0,1
"39153","Summit County, Ohio",2017,0.209944751381215,4.66956917136145,159.008410758331,13321,"OH",154.367936099085,156.052997930622,1.54106681289864,5.06895709867233,9.49709701635146,1,0,1
"39159","Union County, Ohio",2017,0.197633136094675,4.16148896432762,223.96671489941,942,"OH",190.420665790703,190.473167092586,1.42587293435083,5.41149744661477,6.84800527457636,1,0,1
"39165","Warren County, Ohio",2017,0.242647058823529,4.47763337816645,183.010571406528,4272,"OH",174.572014635862,172.528986720173,1.49909464304428,5.20954391842175,8.35983738064003,1,0,1
"40109","Oklahoma County, Oklahoma",2017,0.701754385964912,4.5759117035314,173.903912429052,23939,"OK",168.78906057469,166.851376885154,1.52080595833439,5.15850291926157,10.0832642071451,1,0,1
"40139","Texas County, Oklahoma",2017,0.285714285714286,3.7255901444271,309.404054260021,405,"OK",220.636056191467,221.399208706797,1.31522526731725,5.73464804167309,6.00388706710654,1,0,1
"40143","Tulsa County, Oklahoma",2017,0.449275362318841,4.627241202534,165.866289086827,18905,"OK",158.291364984464,158.315020635046,1.53196083792299,5.11118197634848,9.84718171632503,1,0,1
"41005","Clackamas County, Oregon",2017,0.368932038834951,4.56896869594959,174.847390280596,12043,"OR",168.269775627306,167.226635835301,1.51928751115683,5.16391353792242,9.39623885726048,1,0,1
"41051","Multnomah County, Oregon",2017,0.404145077720207,4.61536154398612,186.375183356345,27574,"OR",180.490124122586,179.462556860891,1.52939020594506,5.22776175688774,10.2246285787316,1,0,1
"41067","Washington County, Oregon",2017,0.457142857142857,4.57357563302506,171.637183220247,15599,"OR",170.272584380619,167.493410565933,1.52029531320834,5.14538284901364,9.65496208861887,1,0,1
"42003","Allegheny County, Pennsylvania",2017,0.171612903225806,4.59611990932569,174.353818739479,33705,"PA",172.013587694192,169.975549668136,1.52521244957778,5.16108667560322,10.4254014732875,1,0,1
"42007","Beaver County, Pennsylvania",2017,0.0314245810055866,4.42175106371096,193.515755015717,3328,"PA",183.625125080949,181.465134215247,1.48653578589608,5.26535893042516,8.1101268019411,1,0,1
"42011","Berks County, Pennsylvania",2017,0.531914893617021,4.6041580831248,174.319946535977,8375,"PA",170.841618005781,169.851486582337,1.52695982630944,5.16089238393586,9.03300635669327,1,0,1
"42017","Bucks County, Pennsylvania",2017,0.217391304347826,4.58432737382516,170.510886604044,19290,"PA",165.734673805811,164.520858567282,1.52264339349092,5.13879914573529,9.86734210589978,1,0,1
"42019","Butler County, Pennsylvania",2017,0.352941176470588,4.60446184945163,158.248155846734,4841,"PA",156.800859720845,156.648174528587,1.52702580065286,5.06416440753922,8.4848765899397,1,0,1
"42029","Chester County, Pennsylvania",2017,0.224426534407936,4.55138669267201,174.38741277042,14536,"PA",169.947829541307,167.524003277845,1.51543195415086,5.16127933438864,9.58438361007601,1,0,1
"42041","Cumberland County, Pennsylvania",2017,0.503030303030303,4.5218219800993,176.028663602999,6058,"PA",168.685212092504,167.867359931177,1.50891500556633,5.17064684315835,8.70913499158718,1,0,1
"42043","Dauphin County, Pennsylvania",2017,0.9,4.56916732253701,171.334944744293,6817,"PA",171.295526642106,167.510307024965,1.51933098317061,5.14362038186516,8.82717477136278,1,0,1
"42045","Delaware County, Pennsylvania",2017,0.697368421052632,4.50629049120402,181.440960294487,12854,"PA",176.175892189103,173.989765312237,1.50547430757614,5.20093031315372,9.46141032593123,1,0,1
"42069","Lackawanna County, Pennsylvania",2017,0.375,4.51211265983272,192.432309280046,5193,"PA",184.561076200535,181.035159241284,1.5067654828186,5.2597444517843,8.55506684384432,1,0,1
"42071","Lancaster County, Pennsylvania",2017,1,4.6262916477854,166.38202302226,13008,"PA",163.221758892935,162.091392436144,1.53175560717117,5.11428648782894,9.47331983178759,1,0,1
"42077","Lehigh County, Pennsylvania",2017,0.333333333333333,4.57505144361867,174.724492063716,8579,"PA",168.401351429732,166.447241628489,1.52061794317108,5.16321040229767,9.05707263557296,1,0,1
"42091","Montgomery County, Pennsylvania",2017,0.191616766467066,4.58565023889364,166.042781242842,26265,"PA",163.115622736512,163.244004334463,1.52293191438672,5.11224547348325,10.1759925333881,1,0,1
"42095","Northampton County, Pennsylvania",2017,0.270833333333333,4.5285019218514,193.452932148471,6304,"PA",185.914717192758,186.836148585279,1.51039118322306,5.2650342381703,8.74893963153771,1,0,1
"42101","Philadelphia County, Pennsylvania",2017,0.0301925696822416,4.44331135152628,237.184122789551,28096,"PA",231.589583709614,230.88984214956,1.4913998983669,5.46883672892015,10.2433824964348,1,0,1
"42125","Washington County, Pennsylvania",2017,0.2109375,4.56557160675257,165.121271882327,5130,"PA",160.010198042368,159.304298741553,1.51854372126898,5.10668018503925,8.54286093816481,1,0,1
"42129","Westmoreland County, Pennsylvania",2017,0.127572016460905,4.5950735661631,169.390619431697,8543,"PA",168.111902083839,166.028914785087,1.52498476572587,5.13220740542906,9.05286751315162,1,0,1
"42133","York County, Pennsylvania",2017,0.0878378378378378,4.58329129796944,178.411758454172,8626,"PA",175.832776466095,174.998069155956,1.52241736405029,5.18409412859146,9.06253617720779,1,0,1
"44003","Kent County, Rhode Island",2017,1,4.47553050616561,194.432963721434,4630,"RI",185.745874239053,191.561345120807,1.49862489356428,5.27008744411985,8.44031214708028,1,0,1
"44007","Providence County, Rhode Island",2017,0.53475935828877,4.57808338970618,188.04287168315,15925,"RI",183.898607197471,181.714310096509,1.52128043667819,5.2366699777004,9.67564548044036,1,0,1
"45019","Charleston County, South Carolina",2017,0.317073170731707,4.52044551580192,187.168877794232,13826,"SC",184.208127386767,184.004038205247,1.50861055442979,5.23201129912306,9.53430615650521,1,0,1
"45045","Greenville County, South Carolina",2017,0.482758620689655,4.57860471096039,176.946724944892,13316,"SC",174.13637321433,175.958398590724,1.52139430344946,5.17584869825563,9.49672159869491,1,0,1
"45057","Lancaster County, South Carolina",2017,0.380952380952381,4.14911258908846,245.399786400854,1325,"SC",226.662274685637,227.209903251007,1.42289447742228,5.50288866186427,7.18916773842032,1,0,1
"45079","Richland County, South Carolina",2017,0.229050279329609,4.49812517854484,189.754072930737,8983,"SC",182.364108590844,183.736396476548,1.5036606829731,5.24572888076599,9.10308918122921,1,0,1
"45083","Spartanburg County, South Carolina",2017,0.425,4.5890108135251,179.674946368354,6348,"SC",173.849885739479,172.347883257608,1.52366449181112,5.19114936486193,8.7558950816463,1,0,1
"45091","York County, South Carolina",2017,0.538461538461538,4.50505339385583,182.471542370384,5039,"SC",178.047176558511,177.041239002658,1.50519974312233,5.20659422864678,8.5249629286806,1,0,1
"46065","Hughes County, South Dakota",2017,0.242424242424242,4.04634873473452,220.751350308642,576,"SD",156.915545225888,161.668972838991,1.39781492750142,5.3970369563788,6.35610766069589,1,0,1
"46119","Sully County, South Dakota",2017,0.242424242424242,1.37605528526042,2551.02040816326,14,"SD",324.260355029586,302.768166089965,0.31922091694561,7.84424871817381,2.63905732961526,1,0,1
"47001","Anderson County, Tennessee",2017,1,4.24484263086074,233.428022272452,1477,"TN",203.080162610267,200.673734680803,1.44570474742967,5.45287377379587,7.29776828253138,1,0,1
"47037","Davidson County, Tennessee",2017,0.601279317697228,4.64514122511989,170.142400253188,19810,"TN",164.035378106877,160.248784070317,1.53582177548928,5.13663573496667,9.8939421396926,1,0,1
"47047","Fayette County, Tennessee",2017,0.333333333333333,3.81913383192128,305.69736325397,497,"TN",214.482060185185,211.992438563327,1.34002365133747,5.72259560358635,6.20859002609663,1,0,1
"47065","Hamilton County, Tennessee",2017,0.285714285714286,4.59648763535904,182.369109326786,8947,"TN",176.87459737941,177.551864136088,1.52529245430588,5.20603270653671,9.0990735595476,1,0,1
"47093","Knox County, Tennessee",2017,1,4.56103619882177,178.585748121568,11475,"TN",172.705659559344,172.409640490374,1.51754983429569,5.18506886750681,9.34792603492875,1,0,1
"47157","Shelby County, Tennessee",2017,0.401709401709402,4.58313443575199,174.36273640064,19461,"TN",166.966248856336,164.17390202542,1.52238313866692,5.16113782121722,9.87616774188117,1,0,1
"47187","Williamson County, Tennessee",2017,0.478632478632479,4.47863103326588,176.33984828513,7038,"TN",169.850315278629,167.185140800096,1.49931742679825,5.17241308930425,8.85907931788153,1,0,1
"48029","Bexar County, Texas",2017,0.284552845528455,4.53513730763863,195.244844218668,36319,"TX",192.51803915038,191.165893290056,1.51185536042708,5.27425438232079,10.5000962992965,1,0,1
"48039","Brazoria County, Texas",2017,0.541666666666667,4.47791697707553,205.476575101008,5591,"TX",192.650715881704,190.588514705367,1.49915797782504,5.32533203766284,8.62891344102665,1,0,1
"48041","Brazos County, Texas",2017,0.805342567400445,4.47005418019729,195.729222599343,4306,"TX",184.489013671834,182.905955725825,1.49740052940153,5.27673218670531,8.36776467792431,1,0,1
"48057","Calhoun County, Texas",2017,0.636363636363636,3.64302815202139,374.867777194899,341,"TX",223.784164774062,222.413658078158,1.29281524569939,5.92657336964754,5.83188247728352,1,0,1
"48085","Collin County, Texas",2017,0.178919631093544,4.35620933526501,236.010368900413,24037,"TX",229.94863142285,226.553482307978,1.47160226068026,5.46387574007915,10.0873495888487,1,0,1
"48113","Dallas County, Texas",2017,0.308264862252296,4.6066526072798,172.78940852756,66544,"TX",167.837080122068,165.418007149894,1.52750147770145,5.15207356124816,11.1056186619827,1,0,1
"48121","Denton County, Texas",2017,0.181223134036733,4.47378755762461,209.037351976094,15042,"TX",201.844741837854,198.656168571132,1.49823537817314,5.34251295358569,9.61860156738635,1,0,1
"48141","El Paso County, Texas",2017,0.25,4.52828409342816,198.993864447087,14500,"TX",193.115788821777,188.46864051152,1.5103430804142,5.29327399232499,9.58190392840867,1,0,1
"48157","Fort Bend County, Texas",2017,0.147079037800687,4.43658860258101,207.519670477837,13366,"TX",202.182349427475,198.959557093325,1.48988574837322,5.33522613266131,9.50046944807102,1,0,1
"48167","Galveston County, Texas",2017,0.25,4.46629866450134,211.506892177338,5827,"TX",202.250291944795,200.339171290791,1.49656002635016,5.35425758508228,8.67025756714308,1,0,1
"48185","Grimes County, Texas",2017,0.318181818181818,3.66398237424098,331.048457023941,331,"TX",195.814571364491,194.396386005383,1.29855063627656,5.80226476050496,5.80211837537706,1,0,1
"48201","Harris County, Texas",2017,0.31276031806134,4.63199623854063,172.028559489269,102080,"TX",167.912362777315,165.544303711174,1.53298792821091,5.14766050657201,11.5335120985786,1,0,1
"48215","Hidalgo County, Texas",2017,0.636363636363636,4.46206626894013,200.623108125918,12046,"TX",195.757156235317,192.137762327828,1.49561194774679,5.30142806393785,9.39648793360367,1,0,1
"48245","Jefferson County, Texas",2017,0.150793650793651,4.4840060374499,202.361147700467,5641,"TX",189.854279071682,188.920963394705,1.50051685165189,5.31005396098537,8.63781663373998,1,0,1
"48339","Montgomery County, Texas",2017,0.282828282828283,4.53488103691398,180.124212610274,11621,"TX",175.043315605171,172.366518038944,1.51179885101002,5.19364668295843,9.36056908522287,1,0,1
"48375","Potter County, Texas",2017,NA,4.46300041359357,197.603918039238,3428,"TX",187.146924321567,182.756182509035,1.49582127831878,5.28626461325099,8.13973227971767,1,0,1
"48381","Randall County, Texas",2017,NA,4.35502922440785,197.224284508108,2568,"TX",181.507313270456,181.849242404332,1.47133132082336,5.28434158117946,7.85088266480985,1,0,1
"48439","Tarrant County, Texas",2017,0.338485316846986,4.59652541145195,183.265059494108,42118,"TX",176.812349595482,172.927125278807,1.52530067274149,5.21093351743987,10.6482304817397,1,0,1
"48453","Travis County, Texas",2017,0.246202200104767,4.54108237562347,180.354592976601,35637,"TX",177.006205562474,175.762475155878,1.51316539236605,5.19492487404274,10.4811397029577,1,0,1
"48473","Waller County, Texas",2017,0.454545454545455,4.12355269220002,212.618870627529,693,"TX",152.918680523074,157.50370301887,1.41671509572303,5.35950122315191,6.5410299991899,1,0,1
"48491","Williamson County, Texas",2017,0.422727272727273,4.46478772590993,191.744369804406,10843,"TX",189.141982146905,189.494605386663,1.49622167140883,5.25616307764891,9.29127498947218,1,0,1
"49035","Salt Lake County, Utah",2017,0.339563862928349,4.60669635921057,164.095879793479,32299,"UT",159.46345055079,157.765594422654,1.5275109752101,5.10045088988004,10.3827915489792,1,0,1
"49049","Utah County, Utah",2017,0.43125,4.47039031818419,186.371876303566,13468,"UT",178.363160390512,172.81403822859,1.49747572431764,5.22774401266848,9.50807178028096,1,0,1
"49051","Wasatch County, Utah",2017,0.172413793103448,3.94601171202684,281.695665432147,889,"UT",235.068870099377,227.981115519404,1.37270537567175,5.64082728758662,6.7900972355139,1,0,1
"50007","Chittenden County, Vermont",2017,0.166666666666667,4.61558657883997,153.631419354906,5629,"VT",148.199449127262,152.666997411099,1.52943896255184,5.03455635288728,8.63568708546403,1,0,1
"51003","Albemarle County, Virginia",2017,0.361111111111111,4.42120178924468,178.685598593425,2740,"VA",169.183498583191,167.298523914937,1.4864115571512,5.18562782906572,7.91571319938212,1,0,1
"51013","Arlington County, Virginia",2017,0.265734265734266,4.03323415039252,362.692310458524,6328,"VA",352.877126117603,347.066998562377,1.39456857282046,5.89355484523292,8.75273950944749,1,0,1
"51041","Chesterfield County, Virginia",2017,0.257142857142857,4.43771597539978,186.64382795768,7386,"VA",181.53660000501,180.337868785336,1.49013982412979,5.22920213734897,8.90734159541251,1,0,1
"51059","Fairfax County, Virginia",2017,0.121125043538837,4.17251879475291,340.377443060926,31308,"VA",335.749328041766,326.618369822822,1.4285198809782,5.83005512852505,10.3516289349247,1,0,1
"51075","Goochland County, Virginia",2017,0.969465648854962,3.90178187895824,271.637051039698,575,"VA",201.525789900081,198.61026193457,1.36143334083279,5.60446680405243,6.35437004079735,1,0,1
"51085","Hanover County, Virginia",2017,0.139130434782609,4.39003156648532,197.135277770559,3114,"VA",187.649422971199,185.499699314702,1.47933641760458,5.2838901822655,8.04366335239394,1,0,1
"51087","Henrico County, Virginia",2017,0.522041763341067,4.50242682843987,171.879933657522,9361,"VA",167.935662339237,169.292964874545,1.50461654661773,5.14679617292535,9.14430740137174,1,0,1
"51107","Loudoun County, Virginia",2017,0.138177486599166,4.1207848718657,419.223706788247,10541,"VA",408.275984094326,390.956682654814,1.41604364809809,6.03840468386068,9.26302769425519,1,0,1
"51153","Prince William County, Virginia",2017,0.197916666666667,4.27270147345978,235.923009947233,8164,"VA",231.934798136942,228.226141229746,1.45224629076702,5.46350552276419,9.00748952392973,1,0,1
"51161","Roanoke County, Virginia",2017,0.45,4.32272942950618,191.565969163838,1947,"VA",177.550181099112,175.076386959925,1.46388701513229,5.25523223579409,7.5740450053722,1,0,1
"51181","Surry County, Virginia",2017,0.212121212121212,1.67128563393936,2142.85714285714,28,"VA",405.405405405405,405.092592592593,0.513593170935575,7.66989533102903,3.3322045101752,1,0,1
"51183","Sussex County, Virginia",2017,0.193548387096774,2.63563412482967,882.026627218935,104,"VA",267.696346265376,286.195811616367,0.969123807624971,6.78222224514172,4.64439089914137,1,0,1
"51510","Alexandria city, Virginia",2017,0.259259259259259,4.16090703076112,272.106314268718,4592,"VA",257.905749497249,262.354169689939,1.42573308674738,5.60619285121167,8.4320709379994,1,0,1
"51540","Charlottesville city, Virginia",2017,0.371428571428571,4.26435736556776,264.752496429312,1941,"VA",242.115185220096,238.110130894493,1.45029149328784,5.57879541382067,7.57095858316901,1,0,1
"51550","Chesapeake city, Virginia",2017,0.114285714285714,4.42075093570642,198.39761750114,5380,"VA",192.298337502246,193.897875059965,1.4863095766153,5.29027318621587,8.59044365315583,1,0,1
"51600","Fairfax city, Virginia",2017,0.114241001564945,3.92767378570257,376.639225421058,1929,"VA",352.688347756646,347.167733365536,1.36804733859711,5.93128776751993,7.56475701290573,1,0,1
"51610","Falls Church city, Virginia",2017,0.00285001781261133,3.83103509205007,360.228811558164,789,"VA",308.768593717101,310.936150096989,1.34313502570007,5.88673941721143,6.67076632084587,1,0,1
"51683","Manassas city, Virginia",2017,0.0454545454545455,4.07075195598813,262.791397587186,1426,"VA",236.586666666667,235.495399864867,1.4038277381603,5.57136055238819,7.26262860097424,1,0,1
"51685","Manassas Park city, Virginia",2017,0.0434782608695652,2.85436347827458,798.03466796875,256,"VA",462.993572084481,426.260687335452,1.04884886843471,6.68215204007603,5.54517744447956,1,0,1
"51740","Portsmouth city, Virginia",2017,0.0606060606060606,4.2240963429757,236.134650923546,1571,"VA",208.594947041867,203.660290905216,1.44080535461348,5.46440219708192,7.35946763825562,1,0,1
"51760","Richmond city, Virginia",2017,0.553191489361702,4.51470071375352,196.895551299906,6098,"VA",187.264646322743,185.998084115094,1.50733889757408,5.28267339168698,8.7157161275482,1,0,1
"51770","Roanoke city, Virginia",2017,0.545454545454545,4.47056209611172,189.973767271795,3051,"VA",175.359961712367,176.161250487345,1.49751414929064,5.24688599563781,8.02322468471667,1,0,1
"51800","Suffolk city, Virginia",2017,0.108108108108108,4.14441290983045,246.444933357146,1539,"VA",216.730960795386,219.616468197861,1.42176114039651,5.50713857443791,7.33888813383888,1,0,1
"53011","Clark County, Washington",2017,0.818181818181818,4.50376632397117,179.300815916892,11026,"WA",174.196988803641,170.205738570067,1.50491400760231,5.18906493116901,9.30801139914963,1,0,1
"53033","King County, Washington",2017,1,4.55719770660198,184.366205142184,69176,"WA",180.358009066267,177.348107941714,1.51670789659452,5.21692402503261,11.1444092606403,1,0,1
"53053","Pierce County, Washington",2017,0.702702702702703,4.49657861000669,192.247473299754,18018,"WA",190.697420883808,188.520185946718,1.50331679870748,5.25878346551527,9.79912653721139,1,0,1
"53061","Snohomish County, Washington",2017,0.23463687150838,4.45787131533363,210.553081391455,18752,"WA",204.32323437597,200.986986714634,1.49467136853844,5.34973778946382,9.83905569237674,1,0,1
"53063","Spokane County, Washington",2017,0.476190476190476,4.6054400716294,166.161831011242,13152,"WA",160.72874370567,160.330257264199,1.52723822901308,5.11296219907408,9.48432911729596,1,0,1
"53067","Thurston County, Washington",2017,0.0275590551181102,4.45949989234463,192.86368795785,6173,"WA",189.108491090902,188.269682633458,1.49503662798344,5.26198365936052,8.7279402223939,1,0,1
"54039","Kanawha County, West Virginia",2017,0.488372093023256,4.51095226509769,184.57614292082,4723,"WV",174.418839021768,176.223024671094,1.50650827648104,5.2180620771017,8.46019946989612,1,0,1
"55025","Dane County, Wisconsin",2017,0.961783439490446,4.59434112764684,168.81551775163,14249,"WI",162.950963744769,161.581175370888,1.52482535654863,5.12880650774481,9.56444200779579,1,0,1
"55073","Marathon County, Wisconsin",2017,1,4.57688378803886,157.324723059305,3316,"WI",151.02121608022,149.531651363153,1.52101837092724,5.05831196910193,8.10651451625519,1,0,1
"55079","Milwaukee County, Wisconsin",2017,0.475961538461538,4.62641763872891,167.362460088085,19906,"WI",161.911927789215,160.74716413221,1.53178284047974,5.12016188014761,9.89877647280601,1,0,1
"55089","Ozaukee County, Wisconsin",2017,0.19047619047619,4.49287292745056,166.528578380198,2732,"WI",154.069035628456,155.55921734886,1.502492347349,5.11516693661482,7.91278922069068,1,0,1
"55101","Racine County, Wisconsin",2017,0.153846153846154,4.57481436093377,161.909754289673,3958,"WI",156.50813428528,153.961288982115,1.52056612105914,5.087039107724,8.28349412616251,1,0,1
"55133","Waukesha County, Wisconsin",2017,0.137931034482759,4.64651575129241,150.583172999348,12599,"WI",146.854582010679,146.905040687097,1.53611763793578,5.01451557605113,9.44137272471063,1,0,1
"55141","Wood County, Wisconsin",2017,0.9,4.41431360801191,178.049911299623,1679,"WI",160.892774997189,161.332032265133,1.48485235379552,5.18206391154687,7.42595365707754,1,0,1
"01017","Chambers County, Alabama",2018,0.22,3.60926426612627,445.296398891967,475,"AL",435.041403336776,319.055471453287,1.2835039471767,6.09874012536921,6.16331480403464,1,1,1
"01073","Jefferson County, Alabama",2018,0.65,4.54862576295118,186.172048951986,16334,"AL",184.85984028608,179.620512985832,1.51482515722196,5.22667124053506,9.70100410391822,1,1,1
"01081","Lee County, Alabama",2018,0.209876543209877,4.35168036079729,232.073599149565,2776,"AL",226.851017263047,213.199585286341,1.47056206034834,5.44705455907071,7.9287663216267,1,1,1
"01087","Macon County, Alabama",2018,0.242424242424242,2.89464361223361,639.958376690947,124,"AL",621.44,256.5,1.06286199886445,6.46140313781836,4.82028156560504,1,1,1
"01089","Madison County, Alabama",2018,0.285714285714286,4.42856806999897,204.141983476146,8398,"AL",205.066959609008,196.55911786025,1.48807629704222,5.31881574918242,9.03574886124414,1,1,1
"01101","Montgomery County, Alabama",2018,0.22972972972973,4.51004138639474,183.215707250275,5435,"AL",179.682087170979,170.167424733787,1.50630633005668,5.21066418683041,8.60061479955531,1,1,1
"01117","Shelby County, Alabama",2018,0.28,4.49995595044021,171.275722914602,5190,"AL",173.511927745994,167.941639761039,1.5040676079373,5.14327467266302,8.55448897615993,1,1,1
"04013","Maricopa County, Arizona",2018,1,4.54954379747588,183.824346289675,95863,"AZ",180.771632698418,177.304661617307,1.51502696364504,5.21398066192025,11.4706753678634,1,1,1
"04019","Pima County, Arizona",2018,0.475,4.54048071569147,183.470446150218,20218,"AZ",179.043926669858,176.005719454683,1.51303289096143,5.21205359812157,9.914328575714,1,1,1
"04021","Pinal County, Arizona",2018,1,4.47813184357886,186.482811200154,3662,"AZ",189.534778408405,182.175929973498,1.4992059602574,5.22833906968978,8.20576472523446,1,1,1
"05007","Benton County, Arkansas",2018,0.863636363636364,4.30128320686164,281.480143495074,6524,"AR",282.251277056361,268.971872387876,1.45891339838145,5.64006190688603,8.78324296374091,1,1,1
"05119","Pulaski County, Arkansas",2018,0.299539170506912,4.5441458294221,178.73943775414,12119,"AR",179.274980114452,174.538154676998,1.51383977364643,5.18592909034094,9.40252974796849,1,1,1
"06001","Alameda County, California",2018,0.200784826684107,4.58663644441787,196.052308529731,40417,"CA",192.309732298211,190.04106382617,1.5231469546623,5.27838150387805,10.6070057675203,1,1,1
"06013","Contra Costa County, California",2018,0.151996565049377,4.45863967572431,197.801634138826,24197,"CA",193.708948001944,189.510459287039,1.49484371406537,5.2872646807259,10.0939839375181,1,1,1
"06017","El Dorado County, California",2018,0.13,4.34089836354243,223.36707855721,4529,"CA",219.909228859419,209.541844103138,1.46808132289949,5.4088165103201,8.41825644355621,1,1,1
"06019","Fresno County, California",2018,0.5,4.52386244846501,197.984374416544,17031,"CA",194.003273859389,189.882157844942,1.50936615294305,5.28818811049226,9.74279049183884,1,1,1
"06029","Kern County, California",2018,0.96,4.51119375914657,208.908645099664,12974,"CA",208.194118258842,201.547852580438,1.50656181009672,5.34189705162037,9.470702633773,1,1,1
"06037","Los Angeles County, California",2018,0.287047619047619,4.57670501419979,184.009275524116,280342,"CA",180.743076941224,176.541801903799,1.52097930999869,5.21498616679558,12.5437655653858,1,1,1
"06041","Marin County, California",2018,0.31740614334471,4.41915585761001,196.322911056137,10014,"CA",192.755993432093,190.363206749413,1.48594869540896,5.27976080897072,9.21173939288989,1,1,1
"06053","Monterey County, California",2018,0.275862068965517,4.4640347924306,208.027008446201,8683,"CA",207.772385305563,202.07879503969,1.49605301905191,5.3376679195708,9.06912237006065,1,1,1
"06059","Orange County, California",2018,0.306522473808719,4.54775255103151,187.97433500566,98288,"CA",185.459284393312,182.954235170401,1.51463316610369,5.23630543758346,11.4956572234037,1,1,1
"06061","Placer County, California",2018,0.425,4.41096121075488,200.966042871273,10949,"CA",198.807217768815,193.610379320959,1.48409262733099,5.30313595284801,9.30100340687343,1,1,1
"06065","Riverside County, California",2018,0.397849462365591,4.53975155728855,201.636423947028,39738,"CA",197.737475125659,193.354851796335,1.5128722874917,5.30646619421799,10.590063187713,1,1,1
"06067","Sacramento County, California",2018,0.153236459709379,4.51167365095465,197.553618953649,30190,"CA",193.815764908733,188.014695771309,1.50666818244749,5.28601003586778,10.3152660227009,1,1,1
"06071","San Bernardino County, California",2018,0.307443365695793,4.62379779007424,187.934843343385,36208,"CA",183.598618930718,180.315252115191,1.53121639989359,5.23609532479721,10.4970353678733,1,1,1
"06073","San Diego County, California",2018,0.594368340943683,4.53707708899155,189.788294873173,85921,"CA",186.283535582648,183.121851078605,1.51228299171922,5.24590921342675,11.3611835484087,1,1,1
"06075","San Francisco County, California",2018,1,4.36715399135043,243.527995912708,34549,"CA",242.258532036508,237.945021740766,1.47411153638468,5.49523190886123,10.4501338852169,1,1,1
"06077","San Joaquin County, California",2018,0.322033898305085,4.53685030984481,199.044676204058,11639,"CA",194.962933305923,191.38074265038,1.51223300693604,5.29352930306533,9.36211680694198,1,1,1
"06081","San Mateo County, California",2018,0.1923828125,4.48892549172792,198.19936313331,21391,"CA",193.039313579915,193.032983789451,1.50161336169545,5.289273408638,9.97072555180181,1,1,1
"06083","Santa Barbara County, California",2018,0.434343434343434,4.53598503201852,192.08693000563,11680,"CA",187.394622684029,180.779527276429,1.51204226660046,5.25794803000869,9.36563325638222,1,1,1
"06085","Santa Clara County, California",2018,0.273358611055677,4.43967528737321,220.210756285431,48837,"CA",217.701006644578,217.917973202084,1.49058124029525,5.39458507089498,10.7962435012766,1,1,1
"06087","Santa Cruz County, California",2018,0.444444444444444,4.50464717743797,191.369939491466,6980,"CA",194.31937417229,188.46701074205,1.50510956999949,5.25420841073582,8.85080419575642,1,1,1
"06095","Solano County, California",2018,0.196078431372549,4.51867307565256,199.218001476417,7106,"CA",196.655675666461,197.024000963394,1.50821838341131,5.29439970992499,8.86869477658097,1,1,1
"06097","Sonoma County, California",2018,0.417582417582418,4.55490854092193,186.761189279295,14213,"CA",180.308233052809,176.461104723434,1.51620545167871,5.22983073803757,9.56191231773901,1,1,1
"06111","Ventura County, California",2018,0.185022026431718,4.56869954218438,179.716635852638,21264,"CA",178.344005347474,173.551759605222,1.51922860033664,5.19138136520102,9.96477078095303,1,1,1
"08001","Adams County, Colorado",2018,0.461538461538462,4.57261442473853,172.851187594743,10227,"CO",174.633498844787,170.231255386383,1.5200851255162,5.15243103701075,9.23278656080601,1,1,1
"08005","Arapahoe County, Colorado",2018,0.266331658291457,4.47587285512458,179.979395581593,19051,"CO",179.890924377432,175.045397431264,1.49870138413125,5.19284237534698,9.85487487261543,1,1,1
"08013","Boulder County, Colorado",2018,0.335195530726257,4.42334681429018,215.44292508918,12760,"CO",211.834197004879,205.230101037607,1.48689660736319,5.37269602569106,9.45407055689878,1,1,1
"08014","Broomfield County, Colorado",2018,0.366666666666667,4.28602993222242,215.100112304437,2193,"CO",217.129318128231,194.952014241361,1.45536088074665,5.37110355837693,7.69302574841789,1,1,1
"08031","Denver County, Colorado",2018,0.386167146974063,4.53069875862515,190.351595918183,26028,"CO",188.905950515591,184.05345219369,1.51087617895156,5.2488728669183,10.1669281606149,1,1,1
"08035","Douglas County, Colorado",2018,0.205741626794258,4.31354449300265,220.2983681334,9435,"CO",215.895617449725,212.252317073187,1.46175995430746,5.39498284630651,9.15218145780265,1,1,1
"08041","El Paso County, Colorado",2018,0.333333333333333,4.46192981318302,187.651191127066,17805,"CO",183.957274052797,177.921013693228,1.49558136598591,5.23458487316049,9.78723459571188,1,1,1
"08059","Jefferson County, Colorado",2018,0.575,4.43579756084513,194.540449197495,17355,"CO",192.348656673407,186.794267863321,1.48970743292946,5.27064010646246,9.76163592829589,1,1,1
"08069","Larimer County, Colorado",2018,0.8,4.51001159546907,181.948025692055,11072,"CO",179.810737548124,173.094350869708,1.50629972456872,5.20372107317245,9.31217467785745,1,1,1
"08123","Weld County, Colorado",2018,0.375,4.49966046633766,178.656620369628,6353,"CO",177.030557857752,167.409099814876,1.50400194200467,5.1854656415473,8.75668242126653,1,1,1
"09001","Fairfield County, Connecticut",2018,0.357766143106457,4.52774075885921,186.073175776949,27016,"CT",183.023693246361,180.663587526899,1.51022308635975,5.22614001450021,10.2041845620654,1,1,1
"09003","Hartford County, Connecticut",2018,0.0623548922056385,4.59937597513489,176.794418506541,22575,"CT",173.235232429593,170.338995742563,1.52592063671336,5.17498758017208,10.0245983782852,1,1,1
"09007","Middlesex County, Connecticut",2018,0.263157894736842,4.50255672820061,197.370834866002,4124,"CT",192.928174191724,179.936559716397,1.50464539725581,5.28508436971097,8.32457884513685,1,1,1
"09009","New Haven County, Connecticut",2018,0.320388349514563,4.57692931764499,195.689449362315,19352,"CT",191.05490144664,187.560541022572,1.52102831860819,5.27652896064577,9.87055105228986,1,1,1
"09013","Tolland County, Connecticut",2018,0.333333333333333,4.2907485544297,227.38354819282,2318,"CT",226.73501470274,202.99401445987,1.45646120593068,5.42663823126221,7.7484600238997,1,1,1
"10003","New Castle County, Delaware",2018,0.286885245901639,4.56570662994612,169.52226243565,16027,"DE",167.159865663732,165.037105487386,1.51857329504608,5.13298425999917,9.68203007899358,1,1,1
"11001","District of Columbia, District of Columbia",2018,0.560869565217391,4.16000687561761,280.319161795697,23663,"DC",280.088622278604,273.695160297784,1.4255167270645,5.63592881757409,10.0716679257751,1,1,1
"12001","Alachua County, Florida",2018,0.361702127659574,4.44238867620411,196.920208431734,6147,"FL",190.170303311329,185.13676779985,1.49119222191538,5.28279861334838,8.72371943690701,1,1,1
"12009","Brevard County, Florida",2018,0.0687830687830688,4.48260522829026,190.733031401784,14416,"FL",189.212544343082,188.321120415576,1.50020440157917,5.25087470894307,9.57609397984812,1,1,1
"12011","Broward County, Florida",2018,0.801195814648729,4.54266493362973,177.233900548455,61889,"FL",174.967819983852,173.734119597695,1.51351382962842,5.1774703322233,11.0330977369037,1,1,1
"12031","Duval County, Florida",2018,0.18864774624374,4.53617589403236,177.771006635011,25913,"FL",175.612056023562,171.575914244189,1.51208434301762,5.18049624248824,10.1625000522646,1,1,1
"12057","Hillsborough County, Florida",2018,0.128071900014043,4.53493399353147,170.107512115379,37445,"FL",168.470814594558,169.061692925983,1.51181052856183,5.13643066136246,10.5306284686835,1,1,1
"12065","Jefferson County, Florida",2018,0.0909090909090909,3.19338684025211,486.505190311419,170,"FL",433.507069067757,230.896294168342,1.16108205899436,6.18724757024627,5.13579843705026,1,1,1
"12069","Lake County, Florida",2018,0.214285714285714,4.43769488828034,194.202805565762,7474,"FL",191.753391388497,188.651345357221,1.49013507232286,5.26890300253846,8.91918561004543,1,1,1
"12071","Lee County, Florida",2018,0.536585365853659,4.40919058662584,207.695239238667,19081,"FL",203.257574267349,198.092354985227,1.48369113216549,5.33607180928411,9.85644835453034,1,1,1
"12073","Leon County, Florida",2018,0.180851063829787,4.38844867157015,205.897199620952,7575,"FL",201.270271043823,197.384251001702,1.47897578685999,5.32737701326594,8.93260863037757,1,1,1
"12081","Manatee County, Florida",2018,0.4,4.46188384188251,188.540134392145,9245,"FL",186.477203396264,179.300623130168,1.4955710629244,5.23931089877217,9.13183814382123,1,1,1
"12086","Miami-Dade County, Florida",2018,0.28694900605013,4.59068881201234,166.591103303577,86107,"FL",164.426400781645,163.196173414907,1.52403008078993,5.11554232676768,11.3633459879241,1,1,1
"12095","Orange County, Florida",2018,0.225997045790251,4.54168954330675,178.987635063503,38727,"FL",172.842198162413,171.234582142927,1.51329908892688,5.18731672559725,10.5642923101748,1,1,1
"12097","Osceola County, Florida",2018,0.28125,4.31211718075125,232.806729601153,6488,"FL",228.055211433202,216.187598492391,1.46142900873635,5.45020862266092,8.77770959579525,1,1,1
"12099","Palm Beach County, Florida",2018,0.0907457322551662,4.47144100708674,191.787649506184,49440,"FL",189.477285051371,185.566476134269,1.49771072962454,5.25638876781184,10.8085150921316,1,1,1
"12101","Pasco County, Florida",2018,0.463414634146341,4.43350234475387,191.445604753364,9859,"FL",185.451446199949,179.297507555556,1.48918986870975,5.25460371998604,9.19614002257504,1,1,1
"12103","Pinellas County, Florida",2018,0.298245614035088,4.53861664690875,180.015571395963,28977,"FL",177.504871054414,175.491606231226,1.5126222622977,5.19304335490398,10.2742576908474,1,1,1
"12105","Polk County, Florida",2018,0.774193548387097,4.56279333004988,168.760647164687,11922,"FL",166.24629920137,162.281900285023,1.51793500835978,5.12848142207153,9.38614071177987,1,1,1
"12115","Sarasota County, Florida",2018,0.576923076923077,4.39396940324153,203.965544381772,14019,"FL",198.935616941817,192.543761153615,1.48023301063402,5.31795107948964,9.54816883136854,1,1,1
"12117","Seminole County, Florida",2018,0.192192192192192,4.48177763356655,181.211836985558,13698,"FL",177.28727450221,173.772840709745,1.50001976093211,5.19966671700262,9.52500511575785,1,1,1
"13057","Cherokee County, Georgia",2018,0.166219839142091,4.39030014800218,199.010740598028,5487,"GA",195.86166272396,191.027784267878,1.47939759559322,5.29335879612242,8.61013693705898,1,1,1
"13063","Clayton County, Georgia",2018,0.260869565217391,4.31179423670443,222.458203616186,3685,"GA",217.472991332524,203.653688888889,1.46135411370755,5.40473923504446,8.21202580462344,1,1,1
"13067","Cobb County, Georgia",2018,0.323619631901841,4.49489235780638,184.290655307784,20632,"GA",181.827085646729,176.608777711296,1.50294172054149,5.21651415968864,9.93459854756118,1,1,1
"13089","DeKalb County, Georgia",2018,0.277930654925702,4.4857410413759,195.922715976545,17071,"GA",192.233317322269,188.91031867809,1.50090370847905,5.27772027522925,9.74513639638075,1,1,1
"13113","Fayette County, Georgia",2018,0.215909090909091,4.3573517382935,199.167330883495,3475,"GA",193.728563862161,188.802946512591,1.47186447334518,5.29414533011188,8.15334975799889,1,1,1
"13117","Forsyth County, Georgia",2018,0.159457478005865,4.3555493310095,222.424318727476,6523,"GA",224.895933597206,220.175888887813,1.47145074035422,5.40458690319471,8.7830896717961,1,1,1
"13121","Fulton County, Georgia",2018,0.243104021269525,4.45507099505356,205.58468950022,37186,"GA",203.473565112789,200.979119724118,1.49404299683475,5.32585806339679,10.52368762534,1,1,1
"13135","Gwinnett County, Georgia",2018,0.143026004728132,4.49930520525865,186.245037665546,24214,"GA",181.141766490361,175.841487010964,1.50392298602414,5.22706321349826,10.0946862572677,1,1,1
"13151","Henry County, Georgia",2018,0.0606060606060606,4.25545434466371,238.274911740873,3762,"GA",231.829459910437,218.323434115204,1.44820153532926,5.47342509841495,8.23270600986098,1,1,1
"13217","Newton County, Georgia",2018,0.285714285714286,4.14361418369374,253.041244159027,1314,"GA",243.869320652555,206.450870539428,1.42156839823238,5.53355249583255,7.18083119904456,1,1,1
"13247","Rockdale County, Georgia",2018,0.266666666666667,4.30202469494546,217.677843523997,1950,"GA",216.088976414377,194.41630794232,1.45908577116971,5.38301618779232,7.57558465155779,1,1,1
"13285","Troup County, Georgia",2018,0.16,4.24295651231223,233.2689412727,1356,"GA",225.974957955076,201.111589900731,1.44526031688938,5.45219204231554,7.21229446850034,1,1,1
"15003","Honolulu County, Hawaii",2018,0.413333333333333,4.46162095986356,220.808788094854,21534,"HI",221.085261666475,216.881245279721,1.49551214391783,5.39729711476513,9.97738836037566,1,1,1
"16001","Ada County, Idaho",2018,0.686390532544379,4.51952806411014,175.337185328957,14235,"ID",170.307598642393,164.89973195526,1.50840757779787,5.16671089338506,9.56345899971214,1,1,1
"16015","Boise County, Idaho",2018,0.789855072463768,2.78547487707429,752.373995617239,111,"ID",772.92899408284,316.037161750984,1.02441837125812,6.62323353491737,4.70953020131233,1,1,1
"16039","Elmore County, Idaho",2018,0.789855072463768,3.75628679037586,294.94150601417,357,"ID",280.646487845377,198.571649536773,1.32343091369624,5.68677705198108,5.87773578177964,1,1,1
"17031","Cook County, Illinois",2018,0.375,4.57057854771078,180.871552574016,133683,"IL",178.189805255337,174.706566818232,1.51963979376666,5.19778712505483,11.8032266046692,1,1,1
"17043","DuPage County, Illinois",2018,0.189097103918228,4.57724724183217,166.73031547549,34161,"IL",161.925284457115,158.319675765526,1.52109777852853,5.11637762970451,10.4388399214787,1,1,1
"17089","Kane County, Illinois",2018,0.218954248366013,4.57183870023099,169.878980702328,12935,"IL",167.317909516461,162.579942176588,1.51991546539573,5.13508630532304,9.46769209462013,1,1,1
"17093","Kendall County, Illinois",2018,0.150684931506849,4.23098365820611,230.901427999165,2105,"IL",232.737508876688,205.41279683502,1.44243450933532,5.44199090083316,7.65207074611648,1,1,1
"17097","Lake County, Illinois",2018,0.449678800856531,4.53511734996945,177.614568152107,19873,"IL",178.407787457492,175.876529269163,1.51185095974156,5.17961585507745,9.89711730552829,1,1,1
"17111","McHenry County, Illinois",2018,0.470588235294118,4.50792791781849,184.241446145327,7950,"IL",182.669191825437,176.001327147146,1.50583760621351,5.21624710472895,8.98092720764838,1,1,1
"17113","McLean County, Illinois",2018,0.106854838709677,4.43880517902239,187.074100378306,3505,"IL",195.773523604128,180.220439668858,1.49038523640542,5.23150479707236,8.16194579946869,1,1,1
"17143","Peoria County, Illinois",2018,0.4625,4.52416770849509,177.302468591712,4324,"IL",174.837834442261,168.199468243857,1.50943362841007,5.17785713623034,8.3719361787591,1,1,1
"17161","Rock Island County, Illinois",2018,0.260869565217391,4.46447772243088,198.24646925331,2952,"IL",197.023549363626,181.656220459871,1.49615223602672,5.2895110507892,7.99023818572036,1,1,1
"17163","St. Clair County, Illinois",2018,0.521739130434783,4.48138189681589,187.734031852717,5137,"IL",182.833925660014,178.66818950686,1.49993145797385,5.23502623697518,8.54422453046727,1,1,1
"17167","Sangamon County, Illinois",2018,0.170634920634921,4.47942350433648,186.485521517091,4899,"IL",185.659955504169,177.257316827054,1.4994943560789,5.22835360345417,8.49678638163858,1,1,1
"17197","Will County, Illinois",2018,0.248618784530387,4.51951811641154,188.280878382422,15572,"IL",183.519269780317,181.692566395783,1.50840537674736,5.23793488182067,9.65322970873035,1,1,1
"18003","Allen County, Indiana",2018,0.346153846153846,4.63403505393653,157.977971785951,9208,"IN",155.879982502241,151.934729441477,1.53342799049097,5.06245560423097,9.12782795040172,1,1,1
"18005","Bartholomew County, Indiana",2018,0.583333333333333,4.42122258948145,188.141072247514,1794,"IN",183.892539892306,174.879319919689,1.48641626179686,5.2371920657277,7.49220304261874,1,1,1
"18011","Boone County, Indiana",2018,0.464285714285714,4.29082743335352,203.413047836126,1468,"IN",200.276188906935,173.744049025937,1.45647958924953,5.31523863021054,7.29165620917446,1,1,1
"18057","Hamilton County, Indiana",2018,0.326666666666667,4.40310768471154,200.808967887596,9079,"IN",197.960010618118,192.725863399685,1.48231058359731,5.30235404761511,9.11371933337176,1,1,1
"18063","Hendricks County, Indiana",2018,0.27027027027027,4.39038373284051,207.010161899701,3247,"IN",203.06091749886,193.506664955962,1.47941663393681,5.33276788336333,8.08548677210285,1,1,1
"18085","Kosciusko County, Indiana",2018,0.465116279069767,4.47662422089027,187.37383772368,1889,"IN",190.636501517254,172.594269320999,1.49886924026369,5.23310575346119,7.54380286750151,1,1,1
"18097","Marion County, Indiana",2018,0.187604690117253,4.63378575202917,165.506696207183,23292,"IN",165.133457212107,160.846345712512,1.53337419102448,5.10901165446498,10.055865232957,1,1,1
"18157","Tippecanoe County, Indiana",2018,0.380952380952381,4.41437245073831,218.095685152577,3574,"IN",208.522624736169,197.816725583705,1.48486568368991,5.38493388920893,8.18144069571937,1,1,1
"19049","Dallas County, Iowa",2018,0.163461538461538,4.17420553553025,217.237135355635,2018,"IA",208.918482773097,192.199444278131,1.42892404930425,5.38098954653779,7.60986220091355,1,1,1
"19113","Linn County, Iowa",2018,0.5,4.56997966935317,168.320561316722,5630,"IA",165.326145546924,159.807296305067,1.519508756177,5.12587026436271,8.63586472113374,1,1,1
"19153","Polk County, Iowa",2018,0.251633986928105,4.5788812558869,162.58694899841,13072,"IA",162.03131139412,160.994923278395,1.52145470101438,5.09121292942993,9.47822781709978,1,1,1
"19169","Story County, Iowa",2018,0.043956043956044,4.38223594927637,191.977382675878,2039,"IA",190.898093992849,173.814306926369,1.47755908483467,5.25737756652585,7.62021477057445,1,1,1
"20091","Johnson County, Kansas",2018,0.239700374531835,4.49694552282841,174.06364492227,17938,"KS",172.611084634157,166.917727147824,1.50339839360099,5.15942100775035,9.79467664667795,1,1,1
"20173","Sedgwick County, Kansas",2018,0.441176470588235,4.58524400809317,174.36494629493,12108,"KS",172.170096021948,169.255540929667,1.5228433230695,5.16115049525717,9.40162167014161,1,1,1
"20177","Shawnee County, Kansas",2018,0.4,4.51396355205289,169.664879069749,4056,"KS",167.205165263187,165.858853911933,1.50717560393937,5.13382519189223,8.30795254527102,1,1,1
"21015","Boone County, Kentucky",2018,0.153846153846154,4.51418999381058,181.882820903621,3017,"KY",177.779467519239,165.983902252409,1.50722576741003,5.20336263853315,8.01201823915906,1,1,1
"21029","Bullitt County, Kentucky",2018,0.25974025974026,4.07850523240103,235.857865128039,1073,"KY",232.668036318313,197.388285024155,1.40573055668057,5.46322935718373,6.9782137426307,1,1,1
"21067","Fayette County, Kentucky",2018,0.40625,4.54664401557265,177.091471904334,8648,"KY",177.554824990291,172.043178511295,1.51438938182262,5.17666638950361,9.06508335931904,1,1,1
"21111","Jefferson County, Kentucky",2018,0.229166666666667,4.60842485562424,169.597200621561,19741,"KY",169.330138506126,163.809470460079,1.5278861187147,5.13342621745248,9.89045297026567,1,1,1
"21117","Kenton County, Kentucky",2018,0.27027027027027,4.42494427784217,187.930800155709,3088,"KY",181.873362666915,175.369670413503,1.48725768580257,5.23607381079216,8.03527891114467,1,1,1
"22033","East Baton Rouge Parish, Louisiana",2018,0.269230769230769,4.55072852541074,173.396943545131,12198,"LA",169.624925942081,166.636121011399,1.51528733562063,5.15558343757708,9.4090272828564,1,1,1
"22049","Jackson Parish, Louisiana",2018,0.04,2.98526658254192,640.955004591368,165,"LA",579.705302549367,283.43341328058,1.09368905024113,6.46295925881155,5.10594547390058,1,1,1
"22051","Jefferson Parish, Louisiana",2018,0.147058823529412,4.54792942823108,179.693985373209,11743,"LA",176.099611993073,170.442114334961,1.51467205866831,5.19125532285212,9.37101259736508,1,1,1
"22061","Lincoln Parish, Louisiana",2018,0.04,4.20849198419835,218.555935526724,1017,"LA",215.810066506881,178.098694761397,1.43710438499816,5.38704197960777,6.92461239604856,1,1,1
"22071","Orleans Parish, Louisiana",2018,0.555555555555556,4.38900725700448,264.895497933599,9429,"LA",256.793635563712,244.745348581158,1.47910306415756,5.57933540079045,9.15154532546568,1,1,1
"22111","Union Parish, Louisiana",2018,0.04,3.50192181520958,377.484149395279,274,"LA",393.057958477509,260.320016806134,1.25331190786046,5.93352857945067,5.61312810638807,1,1,1
"23005","Cumberland County, Maine",2018,0.645161290322581,4.59598674849483,168.597758111756,11568,"ME",167.818249951163,162.281847098491,1.52518347671317,5.12751574839605,9.35599794439855,1,1,1
"24003","Anne Arundel County, Maryland",2018,0.371134020618557,4.45867612912809,198.231608908082,14275,"MD",198.01522372722,193.026993376278,1.49485188993456,5.28943608903947,9.56626503452421,1,1,1
"24005","Baltimore County, Maryland",2018,0.223529411764706,4.50863992958416,178.241725102763,19962,"MD",178.027184162756,178.085059656941,1.5059955403142,5.18314063523092,9.90158574524653,1,1,1
"24021","Frederick County, Maryland",2018,0.354166666666667,4.41101125106769,195.421630562461,6157,"MD",194.607868274819,187.287177293458,1.48410397180368,5.27515943236871,8.72534492491121,1,1,1
"24027","Howard County, Maryland",2018,0.25398773006135,4.33990796990167,242.840057510823,9476,"MD",241.147475241157,228.4433863194,1.4678531427957,5.4924030270882,9.15651756527868,1,1,1
"24031","Montgomery County, Maryland",2018,0.303016400963413,4.34767525949528,214.193519960569,27314,"MD",214.937754920444,211.561649962732,1.46964127914113,5.36687990527111,10.2151546702384,1,1,1
"24033","Prince George's County, Maryland",2018,0.331775700934579,4.42223370456221,203.112411164674,15228,"MD",203.834920729509,196.019610386897,1.48664493145985,5.31375957535874,9.63089111750239,1,1,1
"24510","Baltimore city, Maryland",2018,0.272401433691756,4.50392774892856,215.647361243893,12387,"MD",217.727488779736,208.499217527476,1.50494984917421,5.37364448672821,9.4244028145542,1,1,1
"25005","Bristol County, Massachusetts",2018,0.407894736842105,4.56099678397637,189.756067395836,12828,"MA",189.780115136762,182.833099153547,1.5175411926156,5.24573939150016,9.45938556081305,1,1,1
"25009","Essex County, Massachusetts",2018,0.516320474777448,4.56567047945146,188.172545302594,19095,"MA",187.753330657529,184.74001609482,1.51856537718347,5.23735933607714,9.85718179965962,1,1,1
"25013","Hampden County, Massachusetts",2018,1,4.58998126642549,173.478003792036,9478,"MA",172.260284939305,169.937918941494,1.52387594267534,5.15605081205312,9.15672860252753,1,1,1
"25017","Middlesex County, Massachusetts",2018,0.383210509452099,4.53923431044709,181.370825230598,44530,"MA",180.57546130799,178.160063593062,1.51275834374301,5.20054369360298,10.7039183983157,1,1,1
"25021","Norfolk County, Massachusetts",2018,0.119428090832632,4.52122278492392,182.621124244431,20266,"MA",178.092812537187,173.719218119243,1.50878248489617,5.20741364736479,9.91669988400826,1,1,1
"25023","Plymouth County, Massachusetts",2018,0.445378151260504,4.49957576044905,196.422554104629,12635,"MA",192.785004166894,187.567938393033,1.5039831168763,5.28026822692698,9.4442260198223,1,1,1
"25025","Suffolk County, Massachusetts",2018,0.497264021887825,4.43052923034407,223.118355624143,21600,"MA",223.547160327324,217.391746540192,1.48851904201061,5.40770237337518,9.98044859367226,1,1,1
"25027","Worcester County, Massachusetts",2018,0.314176245210728,4.57743376055194,182.72194484392,18392,"MA",180.69167510679,177.398364530183,1.52113852680141,5.20796557025907,9.81967106644302,1,1,1
"26021","Berrien County, Michigan",2018,1,4.53162521929324,181.364539959209,3454,"MI",181.723728905532,175.921681301653,1.51108064320898,5.20050903874441,8.14728825870662,1,1,1
"26045","Eaton County, Michigan",2018,0.333333333333333,4.42363579731768,202.410682992185,2057,"MI",196.431267780706,177.490444916582,1.48696193653592,5.31029871760235,7.62900388965296,1,1,1
"26065","Ingham County, Michigan",2018,0.380952380952381,4.51137004788084,194.689278945513,6014,"MI",197.834070009653,189.164374036631,1.50660088740071,5.27140484638087,8.70184536354847,1,1,1
"26075","Jackson County, Michigan",2018,0.315789473684211,4.52719029114364,170.383627737085,2849,"MI",170.038901294074,159.740784780024,1.51010150228292,5.13805252842397,7.95472333449791,1,1,1
"26077","Kalamazoo County, Michigan",2018,0.615384615384615,4.57630137033373,182.316966685148,5538,"MI",181.396099383437,176.532011800631,1.5208911108105,5.20574674748632,8.61938870373091,1,1,1
"26081","Kent County, Michigan",2018,0.34640522875817,4.69164273337584,149.292307391359,16774,"MI",146.992937300787,142.846569079698,1.54578278411035,5.00590617871242,9.72758534754436,1,1,1
"26099","Macomb County, Michigan",2018,0.401606425702811,4.53947407600656,180.734191210632,19141,"MI",177.119280040208,171.958313565382,1.51281116305372,5.19702739503199,9.85958791024611,1,1,1
"26111","Midland County, Michigan",2018,0.710526315789474,4.25703240165449,228.204267269009,1810,"MI",244.015310338878,207.617023971181,1.44857229819936,5.43024113694205,7.50108212425987,1,1,1
"26125","Oakland County, Michigan",2018,0.35038503850385,4.58207662154869,169.058684032421,39078,"MI",168.711914856709,167.068434627982,1.52215230618496,5.13024589744364,10.5733149277745,1,1,1
"26139","Ottawa County, Michigan",2018,0.521739130434783,4.62409404098941,159.362983912365,6164,"MI",159.043931729105,153.782355020543,1.53128046874748,5.07118451801067,8.72648119644001,1,1,1
"26159","Van Buren County, Michigan",2018,1,4.23662869649932,230.445900861996,1215,"MI",231.931268401026,189.018496492535,1.44376783421913,5.44001613147087,7.10249935577465,1,1,1
"26161","Washtenaw County, Michigan",2018,0.279228149829739,4.54446360690292,182.945922317731,8144,"MI",186.597016202398,179.576569009842,1.51390970238155,5.2091906027103,9.0050367387903,1,1,1
"26163","Wayne County, Michigan",2018,0.28169014084507,4.59254701870484,186.632962684731,32488,"MI",182.436766772956,178.297815267584,1.52443477620494,5.22914392171262,10.3886260693661,1,1,1
"27003","Anoka County, Minnesota",2018,0.428571428571429,4.5039624341477,177.227201198207,7881,"MN",175.417278194313,170.058990996317,1.50495755024925,5.17743253202342,8.97221007835365,1,1,1
"27037","Dakota County, Minnesota",2018,0.204301075268817,4.57965601215303,161.001807228453,10643,"MN",158.984001350447,157.113534678771,1.52162388878865,5.08141558994291,9.27265767804104,1,1,1
"27053","Hennepin County, Minnesota",2018,0.49493487698987,4.61491974037557,158.878942367423,40647,"MN",158.021586194188,155.45595789508,1.52929447676904,5.06814254347349,10.6126803115145,1,1,1
"27109","Olmsted County, Minnesota",2018,1,4.45993225074393,177.467715359453,3510,"MN",175.378600410487,163.26372936154,1.49513357550044,5.17878870707348,8.16337131645991,1,1,1
"27123","Ramsey County, Minnesota",2018,0.410493827160494,4.63563264431261,156.532214545881,13439,"MN",155.766966016573,151.687152271292,1.53377268254335,5.05326183254094,9.50591620654706,1,1,1
"27139","Scott County, Minnesota",2018,0.102564102564103,4.41181405840923,194.885637900684,3351,"MN",192.155973290753,180.21014842802,1.48428595599028,5.27241291421741,8.11701408773731,1,1,1
"27163","Washington County, Minnesota",2018,0.26530612244898,4.46666702981892,179.463262653777,5925,"MN",176.375714741947,171.137246244835,1.4966424995915,5.18997052210015,8.68693596600333,1,1,1
"29051","Cole County, Missouri",2018,0.2,4.39474502495682,179.769366248066,2129,"MO",176.913478158133,176.454918278171,1.48040951465486,5.19167473070342,7.66340766489348,1,1,1
"29071","Franklin County, Missouri",2018,0.225806451612903,4.47991187113861,179.084965739426,2572,"MO",179.15417331365,167.0603031106,1.49960337461256,5.18786036215643,7.85243908535751,1,1,1
"29095","Jackson County, Missouri",2018,0.330578512396694,4.54280862453268,184.215095820794,18073,"MO",171.28510714862,235.929410661871,1.51354546053947,5.21610407388772,9.80217439083564,1,1,1
"29101","Johnson County, Missouri",2018,0.0476190476190476,4.06184623454884,247.031367430086,795,"MO",244.601413304597,195.654067834691,1.40163760782545,5.50951532220904,6.67834211465433,1,1,1
"29129","Mercer County, Missouri",2018,NA,2.05559466575157,1311.11111111111,30,"MO",1303.15500685871,304.557865994539,0.720565181148903,7.17863023311754,3.40119738166216,1,1,1
"29183","St. Charles County, Missouri",2018,0.0533333333333333,4.48305325478142,186.536437538935,8561,"MO",184.686936964267,185.014085604981,1.50030434437587,5.22862659554444,9.05497228474248,1,1,1
"29189","St. Louis County, Missouri",2018,0.313926940639269,4.50360108278956,193.386752293336,31188,"MO",167.882601081513,264.389326675255,1.50487731737437,5.2646920816727,10.3477886844295,1,1,1
"29510","St. Louis city, Missouri",2018,0.477272727272727,4.27450473160816,420.363406815207,9854,"MO",244.731743539617,1272.87823303426,1.45266824342193,6.0411195914826,9.19563274310391,1,1,1
"31055","Douglas County, Nebraska",2018,0.662962962962963,4.51878691524823,173.708785695807,15752,"NE",170.65511916555,164.736782604277,1.50824357624111,5.15738025167898,9.66472262031896,1,1,1
"31109","Lancaster County, Nebraska",2018,0.815789473684211,4.49946929867615,177.996122453054,8595,"NE",179.989035583577,177.288381839851,1.50395945619404,5.18176176608321,9.05893591781695,1,1,1
"32003","Clark County, Nevada",2018,0.448087431693989,4.51049117449389,199.128366599798,46757,"NV",199.656465782867,197.938695388211,1.5064060554546,5.29394967505426,10.7527192561283,1,1,1
"32031","Washoe County, Nevada",2018,0.317073170731707,4.5922567689622,168.632598090616,12786,"NV",167.741123142785,161.443009252781,1.52437157403984,5.12772237261207,9.45610610132667,1,1,1
"33011","Hillsborough County, New Hampshire",2018,0.379661016949153,4.57990600523538,172.686860709086,10966,"NH",169.403635813572,164.287710898295,1.52167847504113,5.15147990066642,9.30255485596399,1,1,1
"33015","Rockingham County, New Hampshire",2018,0.316666666666667,4.58083740854303,180.506933427523,9806,"NH",177.205311474875,174.753465084468,1.52188182170608,5.19576918937605,9.19074972221118,1,1,1
"34003","Bergen County, New Jersey",2018,0.206652512384996,4.53241486952835,181.203132308157,31737,"NJ",179.914482704752,175.883297790961,1.51125488123735,5.19961867992832,10.3652384716549,1,1,1
"34005","Burlington County, New Jersey",2018,0.252396166134185,4.54396692156355,173.913328691421,10330,"NJ",173.955970735369,167.961152367332,1.51380040180687,5.1585570641472,9.24280756211368,1,1,1
"34007","Camden County, New Jersey",2018,0.328358208955224,4.49974102718487,189.070403937711,11360,"NJ",188.795373345445,187.268884078606,1.50401984560576,5.24211945330284,9.33785369227514,1,1,1
"34013","Essex County, New Jersey",2018,0.663594470046083,4.52080363093529,187.632486893811,18823,"NJ",185.787685308022,182.615764690586,1.50868977249529,5.2344851926555,9.84283480532418,1,1,1
"34017","Hudson County, New Jersey",2018,0.414224446032881,4.45606286407294,214.910322340862,13504,"NJ",214.381698153926,207.418831227615,1.49426561026177,5.37022083572367,9.51074121683574,1,1,1
"34019","Hunterdon County, New Jersey",2018,0.168539325842697,4.37249130030088,214.43303836689,3647,"NJ",209.576226895303,201.736547797747,1.47533293826905,5.36799751418544,8.20166019080868,1,1,1
"34021","Mercer County, New Jersey",2018,0.153862989713285,4.44593718192685,198.168173384158,9665,"NJ",199.490270143977,191.824948359715,1.49199068632092,5.28911603071805,9.17626639164243,1,1,1
"34023","Middlesex County, New Jersey",2018,0.253932265835341,4.45736406252709,227.140536599803,21816,"NJ",229.502354748448,234.89270020953,1.49455757394175,5.4255689298795,9.99039892452542,1,1,1
"34025","Monmouth County, New Jersey",2018,0.223372781065089,4.43701692051147,209.177020057448,19234,"NJ",207.223663880213,203.566275045522,1.4899822858922,5.34318087939545,9.86443482527243,1,1,1
"34027","Morris County, New Jersey",2018,0.286318758815233,4.51840273768475,179.682424158763,16786,"NJ",177.16885230118,176.163726585781,1.50815855477349,5.19119098243275,9.72830048464277,1,1,1
"34029","Ocean County, New Jersey",2018,0.488372093023256,4.41251008637442,212.240687874763,13427,"NJ",210.709256606591,206.545786286621,1.48444370812069,5.35772095084743,9.50502288407271,1,1,1
"34031","Passaic County, New Jersey",2018,0.242718446601942,4.5245691140111,187.075678761306,12004,"NJ",185.943170971568,182.971147612924,1.50952234919489,5.23151323424425,9.39299520656026,1,1,1
"34035","Somerset County, New Jersey",2018,0.156206415620642,4.40516108022099,207.100123254347,9862,"NJ",206.02187019866,202.723554861914,1.48277682630662,5.33320236354548,9.19644426678407,1,1,1
"34039","Union County, New Jersey",2018,0.512097420285211,4.52629656695472,185.834675940738,13892,"NJ",180.762437038119,175.946049315458,1.50990407024246,5.22485743943327,9.53906841386396,1,1,1
"35001","Bernalillo County, New Mexico",2018,0.346491228070175,4.57664581140953,180.160060765376,15845,"NM",178.297526608342,170.855156420498,1.5209663742353,5.19384568223688,9.67060927212502,1,1,1
"36001","Albany County, New York",2018,0.267489711934156,4.51400671121957,194.236087231251,9439,"NY",193.371742112483,184.123394024566,1.5071851651509,5.26907436367757,9.15260532132494,1,1,1
"36005","Bronx County, New York",2018,0.444444444444444,4.09345511856851,332.014504105893,18201,"NY",327.168008012961,324.254679170933,1.40938938570159,5.80517865502818,9.80923181661041,1,1,1
"36011","Cayuga County, New York",2018,0.384615384615385,4.26545628075235,218.415864248582,1472,"NY",216.800081530894,192.297408175333,1.45054915781282,5.38640087973354,7.29437729928882,1,1,1
"36023","Cortland County, New York",2018,0.333333333333333,4.13300424327168,252.445640666099,922,"NY",278.231327727613,207.20606776834,1.41900456220985,5.53119594104768,6.82654522355659,1,1,1
"36027","Dutchess County, New York",2018,0.284090909090909,4.43788870755982,210.092483333694,7496,"NY",215.741902800342,210.732705648472,1.49017874703504,5.34754783059836,8.92212482391826,1,1,1
"36029","Erie County, New York",2018,0.655737704918033,4.60459989031316,177.170380454897,22624,"NY",177.395964047896,171.342826441107,1.52705578000699,5.17711187101026,10.0267665686963,1,1,1
"36047","Kings County, New York",2018,0.363013698630137,4.40058200343829,223.42469021527,59618,"NY",225.213431902459,221.904189294247,1.48173680568555,5.40907440073979,10.9957128208794,1,1,1
"36055","Monroe County, New York",2018,0.164179104477612,4.5998607100571,173.405842575421,17544,"NY",174.669418802784,172.358177659048,1.52602602261422,5.15563475798538,9.77246729009772,1,1,1
"36059","Nassau County, New York",2018,0.320652173913043,4.42712313352544,199.097758602863,48657,"NY",198.74371056809,194.37864429643,1.48774996757721,5.2937959533617,10.7925509621558,1,1,1
"36061","New York County, New York",2018,0.176696490582996,4.32246216018554,223.832560225703,102633,"NY",221.438023708826,216.724977086224,1.46382518438674,5.41089827334597,11.5389147974315,1,1,1
"36067","Onondaga County, New York",2018,0.755555555555556,4.58452713171739,173.241646707855,11525,"NY",171.477958455852,167.515694467023,1.5226869666313,5.15468742165714,9.35227386786485,1,1,1
"36069","Ontario County, New York",2018,0.0486111111111111,4.50169655979018,196.867662992206,2868,"NY",200.837686157265,187.49704796196,1.50445433901133,5.28253174154428,7.96137020171951,1,1,1
"36071","Orange County, New York",2018,0.5,4.51661381342237,194.791104758183,9597,"NY",190.837007777039,186.086292268975,1.50776255676383,5.27192772670681,9.16920582861763,1,1,1
"36079","Putnam County, New York",2018,0.189655172413793,4.19654090694634,256.664460787374,2830,"NY",248.816835711785,230.373186559115,1.43426059236559,5.54776963180778,7.94803199063728,1,1,1
"36081","Queens County, New York",2018,0.248520710059172,4.36301145813073,237.60267963941,50653,"NY",235.55773957728,231.394847727196,1.47316252034264,5.47059986536854,10.8327537379327,1,1,1
"36087","Rockland County, New York",2018,0.172413793103448,4.4508293805863,186.4357274358,10237,"NY",186.827720121309,182.822147606899,1.49309045647183,5.22808655467791,9.23376388691977,1,1,1
"36091","Saratoga County, New York",2018,0.295454545454545,4.42176821874164,204.612572543646,5319,"NY",203.002605551696,199.569938717039,1.4865396655802,5.32111830101203,8.57904059474232,1,1,1
"36099","Seneca County, New York",2018,0.130434782608696,3.96485181897707,276.411221392574,619,"NY",272.323420828431,224.36097500078,1.37746848212542,5.62188968945066,6.4281052726846,1,1,1
"36101","Steuben County, New York",2018,0.533333333333333,4.28838508002818,227.157010048543,1698,"NY",233.04248955849,199.691796388524,1.4559102238474,5.42564145260769,7.43720636687129,1,1,1
"36103","Suffolk County, New York",2018,0.348101265822785,4.50225148054283,196.54344869232,49695,"NY",193.066566196065,189.802170952475,1.50457760066297,5.28088351980547,10.8136596034021,1,1,1
"36109","Tompkins County, New York",2018,0.358974358974359,4.35471724199651,224.561481531464,2284,"NY",213.230106214603,192.159537070855,1.4712596809857,5.4141495295179,7.7336835707759,1,1,1
"36119","Westchester County, New York",2018,0.416666666666667,4.42984378075955,198.719362312247,31783,"NY",194.428799389472,190.576450822818,1.48836431949836,5.29189358976375,10.3666868346285,1,1,1
"36123","Yates County, New York",2018,0.15,3.72359487717704,320.635075879831,429,"NY",324.194176461232,226.758302810815,1.3146895664877,5.77030364117732,6.06145691892802,1,1,1
"37019","Brunswick County, North Carolina",2018,0.513513513513513,4.14627458507857,286.865555110351,2453,"NC",274.677425703469,251.422368417528,1.42221024073482,5.65901365691021,7.80506704425849,1,1,1
"37025","Cabarrus County, North Carolina",2018,0.401129943502825,4.41096071511069,205.945526059967,4392,"NC",202.059731145698,192.489887114469,1.48409251496451,5.32761169721795,8.38753998318937,1,1,1
"37037","Chatham County, North Carolina",2018,0.237762237762238,4.24229863572206,209.504757785467,1360,"NC",204.929210239806,176.683673469388,1.44510525341043,5.34474644929748,7.2152399787301,1,1,1
"37063","Durham County, North Carolina",2018,0.94347522679693,4.47600067904441,189.017105548589,7530,"NC",184.030013988323,181.51674695249,1.49872994215753,5.24183751651235,8.92665032079394,1,1,1
"37067","Forsyth County, North Carolina",2018,0.575,4.55696609018038,178.164777504124,8565,"NC",175.395963671472,172.259247033596,1.51665707099454,5.18270883839629,9.05543941075822,1,1,1
"37071","Gaston County, North Carolina",2018,0.0833333333333333,4.43841057771824,213.859133235315,4140,"NC",212.476352256701,204.142363968125,1.49029633436333,5.36531754236656,8.32845106681936,1,1,1
"37081","Guilford County, North Carolina",2018,0.983606557377049,4.6451980523514,157.955916774969,13487,"NC",157.604908527553,154.911792009642,1.53583400910741,5.0623159863437,9.50948153751686,1,1,1
"37097","Iredell County, North Carolina",2018,0.65,4.56250103643202,168.605379361554,4771,"NC",169.883658368568,169.568318262737,1.51787094607177,5.12756095111781,8.47031120551611,1,1,1
"37101","Johnston County, North Carolina",2018,0.347826086956522,4.27774731641447,226.393420412623,3355,"NC",218.141239657425,203.857941229493,1.45342654309399,5.42227428412503,8.11820704940578,1,1,1
"37119","Mecklenburg County, North Carolina",2018,0.408014571948998,4.56061972679425,169.958263411328,32352,"NC",167.012228004632,162.392048387541,1.51745851929079,5.13555289756278,10.3844311218202,1,1,1
"37129","New Hanover County, North Carolina",2018,0.534883720930233,4.46610944156087,197.647702522672,7627,"NC",192.712771766658,186.913398419772,1.49651765861723,5.28648616570687,8.93944986216424,1,1,1
"37141","Pender County, North Carolina",2018,0.620689655172414,3.97640124994934,298.071192936428,1029,"NC",289.16237176927,253.10349388638,1.38037720169776,5.69733236044399,6.93634273583405,1,1,1
"37179","Union County, North Carolina",2018,0.181818181818182,4.39220090077577,203.823070518176,4796,"NC",199.950771129297,189.139712773945,1.47983044559636,5.31725231613928,8.4755375161474,1,1,1
"37183","Wake County, North Carolina",2018,0.69690063810392,4.48511082449918,187.708562545594,29524,"NC",184.825494417924,183.262947476296,1.50076320523873,5.23489056080235,10.2929587708899,1,1,1
"38017","Cass County, North Dakota",2018,0.407407407407407,4.56241286597257,158.093884297521,5500,"ND",156.041377940779,148.767338003652,1.51785162085722,5.06318906097211,8.61250337122056,1,1,1
"39017","Butler County, Ohio",2018,0.271428571428571,4.60053230756036,174.140109832583,7165,"OH",172.438295646782,166.588943656787,1.52617201583498,5.15986020411454,8.87696334026227,1,1,1
"39025","Clermont County, Ohio",2018,1,4.45778307535392,193.024407269422,3510,"OH",187.516841105418,175.676196145025,1.49465157414627,5.26281664344504,8.16337131645991,1,1,1
"39027","Clinton County, Ohio",2018,0.391304347826087,4.0261879085577,246.527814618723,614,"OH",250.092455621302,193.094389191218,1.3928199998884,5.50747482532682,6.41999492814714,1,1,1
"39035","Cuyahoga County, Ohio",2018,0.339233038348083,4.66054620941439,160.262958054462,32191,"OH",159.632863562092,158.437699370157,1.53913265358941,5.07681595402597,10.3794421893586,1,1,1
"39041","Delaware County, Ohio",2018,0.128270580727505,4.43751751229369,203.101475171618,4633,"OH",199.185041762746,190.071709211209,1.49009510122613,5.31370573183725,8.44095988541665,1,1,1
"39049","Franklin County, Ohio",2018,0.128965801400906,4.57964116498019,175.732554657164,28784,"OH",173.695845196362,172.577399657612,1.52162064679911,5.1689632635003,10.2675749561903,1,1,1
"39055","Geauga County, Ohio",2018,0.254545454545455,4.41380176290991,185.808777992759,2698,"OH",185.446482563999,179.794427147311,1.4847363958405,5.22471806957355,7.9002660367677,1,1,1
"39057","Greene County, Ohio",2018,0.115789473684211,4.32478554717283,230.358652336674,3185,"OH",237.074040510757,224.413986354903,1.46436255468578,5.43963745237251,8.06620756800626,1,1,1
"39061","Hamilton County, Ohio",2018,0.193962748876044,4.66664473477938,161.336951316757,20818,"OH",160.684792188684,158.660781854127,1.54044034124597,5.08349504331416,9.94357327607541,1,1,1
"39085","Lake County, Ohio",2018,0.252427184466019,4.51491956350158,189.903365935136,5851,"OH",187.252067887795,177.586461576194,1.50738737131747,5.24651534243807,8.67436786578824,1,1,1
"39089","Licking County, Ohio",2018,0.479166666666667,4.48735421429373,197.171999017937,2988,"OH",194.1019991608,185.8227500753,1.50126326622122,5.28407643927695,8.00235954625271,1,1,1
"39095","Lucas County, Ohio",2018,0.380952380952381,4.57785186259675,185.45392405611,9403,"OH",190.527946083093,184.997624176209,1.52122986246527,5.22280646335644,9.14878406627708,1,1,1
"39097","Madison County, Ohio",2018,0.153846153846154,3.90377881573427,272.051022376543,576,"OH",271.758034026465,191.408586268915,1.36194501114007,5.60598963097135,6.35610766069589,1,1,1
"39103","Medina County, Ohio",2018,0.347826086956522,4.53683218409671,171.399290046019,3911,"OH",171.200544249673,164.366850123569,1.51222901170079,5.14399586406653,8.27154837475551,1,1,1
"39109","Miami County, Ohio",2018,0.0909090909090909,4.44701257890486,189.250659060294,2036,"OH",183.600409428986,175.443006043235,1.49223254015169,5.24307237479653,7.61874237767041,1,1,1
"39113","Montgomery County, Ohio",2018,0.233830845771144,4.61338485954417,175.653779308107,11026,"OH",175.650369708463,174.512713399653,1.52896183043538,5.16851489460964,9.30801139914963,1,1,1
"39133","Portage County, Ohio",2018,0.347826086956522,4.51446978729355,185.741139254997,2963,"OH",186.606308765406,181.535622747544,1.50728774637254,5.22435397992977,7.99395754757357,1,1,1
"39153","Summit County, Ohio",2018,0.209944751381215,4.66300812147468,160.018709825528,13200,"OH",159.008410758331,154.367936099085,1.53966075950914,5.07529074480685,9.48797210857446,1,1,1
"39159","Union County, Ohio",2018,0.197633136094675,4.16126161939919,222.942897795914,965,"OH",223.96671489941,190.420665790703,1.42581830218898,5.40691567497476,6.87212810133899,1,1,1
"39165","Warren County, Ohio",2018,0.242647058823529,4.45621517933049,186.781978737997,4320,"OH",183.010571406528,174.572014635862,1.49429979125496,5.22994204757554,8.37101068123816,1,1,1
"40109","Oklahoma County, Oklahoma",2018,0.701754385964912,4.57104185633428,175.309120278695,23849,"OK",173.903912429052,168.78906057469,1.51974115623927,5.1665508172635,10.0794975667163,1,1,1
"40139","Texas County, Oklahoma",2018,0.285714285714286,3.69185326806979,315.369644472465,382,"OK",309.404054260021,220.636056191467,1.30612857264113,5.75374542535834,5.94542060860658,1,1,1
"40143","Tulsa County, Oklahoma",2018,0.449275362318841,4.62649519468183,165.567436773628,18852,"OK",165.866289086827,158.291364984464,1.53179960405556,5.109378584775,9.84437428804362,1,1,1
"41005","Clackamas County, Oregon",2018,0.368932038834951,4.56256613570382,176.297081620295,12221,"OR",174.847390280596,168.269775627306,1.51788521430028,5.17217053578012,9.410911062438,1,1,1
"41051","Multnomah County, Oregon",2018,0.404145077720207,4.60048911796475,187.74644667866,27695,"OR",186.375183356345,180.490124122586,1.52616262783475,5.23509236465242,10.2290071704672,1,1,1
"41067","Washington County, Oregon",2018,0.457142857142857,4.55886616179308,174.747237667197,15733,"OR",171.637183220247,170.272584380619,1.51707394387849,5.16334057364819,9.66351569624042,1,1,1
"42003","Allegheny County, Pennsylvania",2018,0.171612903225806,4.58925064213425,175.130900784282,33661,"PA",174.353818739479,172.013587694192,1.52371675195,5.1655336987892,10.4240951761567,1,1,1
"42007","Beaver County, Pennsylvania",2018,0.0314245810055866,4.4036244651657,198.191972403981,3318,"PA",193.515755015717,183.625125080949,1.48242794391802,5.28923611857302,8.10711747075039,1,1,1
"42011","Berks County, Pennsylvania",2018,0.531914893617021,4.59405271329312,176.170359062398,8274,"PA",174.319946535977,170.841618005781,1.52476257857921,5.17145147609556,9.02087334702136,1,1,1
"42017","Bucks County, Pennsylvania",2018,0.217391304347826,4.57417252000353,172.405961996793,19323,"PA",170.510886604044,165.734673805811,1.52042581242396,5.14985193997962,9.869051375215,1,1,1
"42019","Butler County, Pennsylvania",2018,0.352941176470588,4.58753217680855,163.790511531699,4854,"PA",158.248155846734,156.800859720845,1.5233422273743,5.09858824258422,8.48755838628655,1,1,1
"42029","Chester County, Pennsylvania",2018,0.224426534407936,4.55100611329299,175.104725804695,14562,"PA",174.38741277042,169.947829541307,1.51534833231925,5.16538422810348,9.58617067495466,1,1,1
"42041","Cumberland County, Pennsylvania",2018,0.503030303030303,4.51980044992722,176.323475453224,6061,"PA",176.028663602999,168.685212092504,1.50846784462339,5.17232023682533,8.70963008195129,1,1,1
"42043","Dauphin County, Pennsylvania",2018,0.9,4.56477976229144,173.796659431774,6803,"PA",171.334944744293,171.295526642106,1.51837026804005,5.15788599188578,8.82511897034506,1,1,1
"42045","Delaware County, Pennsylvania",2018,0.697368421052632,4.50489801065428,182.144219109759,12843,"PA",181.440960294487,176.175892189103,1.50516525165959,5.2047987859746,9.46055419481306,1,1,1
"42069","Lackawanna County, Pennsylvania",2018,0.375,4.51061104125028,193.652069226716,5119,"PA",192.432309280046,184.561076200535,1.50643263020201,5.26606309129854,8.54071438645758,1,1,1
"42071","Lancaster County, Pennsylvania",2018,1,4.61746884470725,168.072741044075,13146,"PA",166.38202302226,163.221758892935,1.52984668584754,5.12439686809863,9.48387280882352,1,1,1
"42077","Lehigh County, Pennsylvania",2018,0.333333333333333,4.56623549943767,175.709761626543,8505,"PA",174.724492063716,168.401351429732,1.51868912352695,5.16883355213888,9.04840950482996,1,1,1
"42091","Montgomery County, Pennsylvania",2018,0.191616766467066,4.58338085907339,166.246163285608,26345,"PA",166.042781242842,163.115622736512,1.52243690464309,5.11346960128836,10.1790337826434,1,1,1
"42095","Northampton County, Pennsylvania",2018,0.270833333333333,4.52399078033768,198.248509563239,6302,"PA",193.452932148471,185.914717192758,1.50939452030699,5.28952134252069,8.74862232231722,1,1,1
"42101","Philadelphia County, Pennsylvania",2018,0.0301925696822416,4.43446614591816,240.194273161395,28427,"PA",237.184122789551,231.589583709614,1.48940723555518,5.48144806740244,10.2550946767416,1,1,1
"42125","Washington County, Pennsylvania",2018,0.2109375,4.55025854385168,167.37427509769,5102,"PA",165.121271882327,160.010198042368,1.51518405417305,5.12023247299487,8.53738789870176,1,1,1
"42129","Westmoreland County, Pennsylvania",2018,0.127572016460905,4.57868754439441,172.100945067597,8460,"PA",169.390619431697,168.111902083839,1.52141239469996,5.1480811945888,9.04310445260027,1,1,1
"42133","York County, Pennsylvania",2018,0.0878378378378378,4.57460463851984,181.568780543412,8576,"PA",178.411758454172,175.832776466095,1.52052027718338,5.2016345380812,9.05672288331058,1,1,1
"44003","Kent County, Rhode Island",2018,1,4.46547804969043,195.116961575775,4607,"RI",194.432963721434,185.745874239053,1.4963762745974,5.27359918170655,8.43533216493592,1,1,1
"44007","Providence County, Rhode Island",2018,0.53475935828877,4.56445887289673,190.664931838704,15919,"RI",188.04287168315,183.898607197471,1.51829996877247,5.25051760392224,9.67526864335514,1,1,1
"45019","Charleston County, South Carolina",2018,0.317073170731707,4.50459377182747,192.076373399291,14075,"SC",187.168877794232,184.208127386767,1.5050977142592,5.25789307105635,9.55215545300789,1,1,1
"45045","Greenville County, South Carolina",2018,0.482758620689655,4.55529663279526,179.37295947445,13514,"SC",176.946724944892,174.13637321433,1.51629065104934,5.18946721069699,9.51148146411212,1,1,1
"45057","Lancaster County, South Carolina",2018,0.380952380952381,4.12429673476995,252.361048283173,1357,"SC",245.399786400854,226.662274685637,1.4168955167112,5.53086079341367,7.21303165983487,1,1,1
"45079","Richland County, South Carolina",2018,0.229050279329609,4.49551366783881,190.63063740002,8924,"SC",189.754072930737,182.364108590844,1.50307993677592,5.2503377201704,9.09649955555242,1,1,1
"45083","Spartanburg County, South Carolina",2018,0.425,4.57784125607976,182.561860976779,6410,"SC",179.674946368354,173.849885739479,1.52122754554249,5.20708907984347,8.76561454991472,1,1,1
"45091","York County, South Carolina",2018,0.538461538461538,4.49211954689963,183.890720132898,5124,"SC",182.471542370384,178.047176558511,1.50232464981228,5.21434166885199,8.54169066301663,1,1,1
"46065","Hughes County, South Dakota",2018,0.242424242424242,4.04928180195752,219.500352416008,565,"SD",220.751350308642,156.915545225888,1.39853953254312,5.39135383805383,6.33682573114644,1,1,1
"46119","Sully County, South Dakota",2018,0.242424242424242,1.60205591545873,2031.25,16,"SD",2551.02040816326,324.260355029586,0.471287751569342,7.61640664607805,2.77258872223978,1,1,1
"47001","Anderson County, Tennessee",2018,1,4.24776260299081,222.763944177666,1443,"TN",233.428022272452,203.080162610267,1.44639239795969,5.40611266451581,7.27447955877387,1,1,1
"47037","Davidson County, Tennessee",2018,0.601279317697228,4.63119905612458,173.697794261883,19908,"TN",170.142400253188,164.035378106877,1.53281580997468,5.15731697461653,9.89887693997844,1,1,1
"47047","Fayette County, Tennessee",2018,0.333333333333333,3.80433461539709,302.56060512121,508,"TN",305.69736325397,214.482060185185,1.3361411049042,5.71228160491215,6.23048144757848,1,1,1
"47065","Hamilton County, Tennessee",2018,0.285714285714286,4.59349924458245,183.789480349934,8969,"TN",182.369109326786,176.87459737941,1.52464209627578,5.21379097406131,9.101529466118,1,1,1
"47093","Knox County, Tennessee",2018,1,4.55594819666152,178.716926932885,11472,"TN",178.585748121568,172.705659559344,1.51643367516505,5.18580314030335,9.3476645628394,1,1,1
"47157","Shelby County, Tennessee",2018,0.401709401709402,4.57881470427215,175.106177829778,19384,"TN",174.36273640064,166.966248856336,1.52144016643821,5.16539252039288,9.87220326249636,1,1,1
"47187","Williamson County, Tennessee",2018,0.478632478632479,4.47312838968641,175.024129339998,7167,"TN",176.33984828513,169.850315278629,1.49808802729977,5.16492384636152,8.87724243599392,1,1,1
"48029","Bexar County, Texas",2018,0.284552845528455,4.5225763988086,199.075390903698,36455,"TX",195.244844218668,192.51803915038,1.50908183119241,5.29368360174172,10.5038339022405,1,1,1
"48039","Brazoria County, Texas",2018,0.541666666666667,4.46654369439248,206.752121602287,5738,"TX",205.476575101008,192.650715881704,1.49661488680361,5.33152059553089,8.65486599654131,1,1,1
"48041","Brazos County, Texas",2018,0.805342567400445,4.46088258656567,196.595574817518,4384,"TX",195.729222599343,184.489013671834,1.49534663581895,5.28114869890185,8.38571682862785,1,1,1
"48057","Calhoun County, Texas",2018,0.636363636363636,3.62719227249493,371.151658098647,347,"TX",374.867777194899,223.784164774062,1.28845887033627,5.91661076101592,5.84932477994686,1,1,1
"48085","Collin County, Texas",2018,0.178919631093544,4.34201627204958,238.255916086452,24624,"TX",236.010368900413,229.94863142285,1.46833881904226,5.47334537364869,10.1114768560787,1,1,1
"48113","Dallas County, Texas",2018,0.308264862252296,4.60078794629374,174.31289256317,66583,"TX",172.78940852756,167.837080122068,1.52622758149869,5.16085191745069,11.1062045686901,1,1,1
"48121","Denton County, Texas",2018,0.181223134036733,4.45348918925509,216.419754428042,15444,"TX",209.037351976094,201.844741837854,1.49368787641521,5.37721982944201,9.64497585738413,1,1,1
"48141","El Paso County, Texas",2018,0.25,4.51750727388743,203.331208969283,14775,"TX",198.993864447087,193.115788821777,1.50796035364065,5.31483622075262,9.6006918422743,1,1,1
"48157","Fort Bend County, Texas",2018,0.147079037800687,4.42600819038905,210.942863894188,13902,"TX",207.519670477837,202.182349427475,1.48749809214433,5.35158730957525,9.53978799366043,1,1,1
"48167","Galveston County, Texas",2018,0.25,4.47048341991732,206.73004103685,5861,"TX",211.506892177338,202.250291944795,1.49749655041045,5.33141379254178,8.67607551647643,1,1,1
"48185","Grimes County, Texas",2018,0.318181818181818,3.63839574743451,332.122420420017,323,"TX",331.048457023941,195.814571364491,1.29154285577242,5.80550363715487,5.77765232322266,1,1,1
"48201","Harris County, Texas",2018,0.31276031806134,4.62351850994227,174.217020803491,103256,"TX",172.028559489269,167.912362777315,1.53115599747564,5.16030176804646,11.544966620515,1,1,1
"48215","Hidalgo County, Texas",2018,0.636363636363636,4.43939835451109,208.198429708536,12276,"TX",200.623108125918,195.757156235317,1.49051886152165,5.33849161392637,9.41540141573963,1,1,1
"48245","Jefferson County, Texas",2018,0.150793650793651,4.46845559686216,203.139204430159,5616,"TX",202.361147700467,189.854279071682,1.49704284486752,5.31389148014137,8.63337494570565,1,1,1
"48339","Montgomery County, Texas",2018,0.282828282828283,4.53696969878836,180.814027604434,11888,"TX",180.124212610274,175.043315605171,1.5122593219706,5.19746903125612,9.38328476695754,1,1,1
"48375","Potter County, Texas",2018,NA,4.47616020572903,197.456438335777,3431,"TX",197.603918039238,187.146924321567,1.49876558197382,5.28551799462458,8.14060704285845,1,1,1
"48381","Randall County, Texas",2018,NA,4.34509385397191,200.393174366635,2566,"TX",197.224284508108,181.507313270456,1.4690473589379,5.30028130858392,7.85010354517558,1,1,1
"48439","Tarrant County, Texas",2018,0.338485316846986,4.58686467750418,184.159459162796,42715,"TX",183.265059494108,176.812349595482,1.52319671387273,5.21580200819035,10.6623054255857,1,1,1
"48453","Travis County, Texas",2018,0.246202200104767,4.53101861282676,182.305813247208,36468,"TX",180.354592976601,177.006205562474,1.51094677356153,5.2056855695317,10.5041904427048,1,1,1
"48473","Waller County, Texas",2018,0.454545454545455,4.16924743450177,204.557114833258,705,"TX",212.618870627529,152.918680523074,1.4277355481813,5.32084722662681,6.55819780281227,1,1,1
"48491","Williamson County, Texas",2018,0.422727272727273,4.45273194429621,194.575159297713,11343,"TX",191.744369804406,189.141982146905,1.49351782787288,5.2708185115408,9.33635609255904,1,1,1
"49035","Salt Lake County, Utah",2018,0.339563862928349,4.59628446624119,165.832004560577,32684,"UT",164.095879793479,159.46345055079,1.52524825237949,5.1109752551984,10.3946409405046,1,1,1
"49049","Utah County, Utah",2018,0.43125,4.45881036705188,189.326556830022,14135,"UT",186.371876303566,178.363160390512,1.4948819966073,5.24347333802179,9.55640927012769,1,1,1
"49051","Wasatch County, Utah",2018,0.172413793103448,3.90998357558107,294.886929422505,919,"UT",281.695665432147,235.068870099377,1.3635331733698,5.68659199277219,6.82328612235569,1,1,1
"50007","Chittenden County, Vermont",2018,0.166666666666667,4.59599151986052,155.79112267028,5631,"VT",153.631419354906,148.199449127262,1.52518451487178,5.04851615280353,8.63604232525462,1,1,1
"51003","Albemarle County, Virginia",2018,0.361111111111111,4.40634024444416,179.938563327032,2760,"VA",178.685598593425,169.183498583191,1.48304446837731,5.19261547777922,7.9229859587112,1,1,1
"51013","Arlington County, Virginia",2018,0.265734265734266,4.03071748707235,356.692153448721,6263,"VA",362.692310458524,352.877126117603,1.39394439660636,5.87687309450226,8.74241458252541,1,1,1
"51041","Chesterfield County, Virginia",2018,0.257142857142857,4.42670385840389,189.691342264399,7486,"VA",186.64382795768,181.53660000501,1.48765525709275,5.24539823680827,8.92078988846438,1,1,1
"51059","Fairfax County, Virginia",2018,0.121125043538837,4.17803494399519,329.484621077409,31417,"VA",340.377443060926,335.749328041766,1.42984102690868,5.79752967934014,10.3551044266654,1,1,1
"51075","Goochland County, Virginia",2018,0.969465648854962,3.94409432210997,261.236623067776,580,"VA",271.637051039698,201.525789900081,1.37221935179671,5.56542659839975,6.36302810354046,1,1,1
"51085","Hanover County, Virginia",2018,0.139130434782609,4.37158025086338,199.948076121558,3118,"VA",197.135277770559,187.649422971199,1.47512455721099,5.29805771344888,8.04494704961772,1,1,1
"51087","Henrico County, Virginia",2018,0.522041763341067,4.50035141862705,172.170430081737,9327,"VA",171.879933657522,167.935662339237,1.50415548675541,5.14848485879152,9.14066869872686,1,1,1
"51107","Loudoun County, Virginia",2018,0.138177486599166,4.13114877784721,406.481871030745,10774,"VA",419.223706788247,408.275984094326,1.41855552273759,6.00753933028301,9.28489110324048,1,1,1
"51153","Prince William County, Virginia",2018,0.197916666666667,4.25184345255926,240.117377892694,8323,"VA",235.923009947233,231.934798136942,1.44735264243581,5.4811278783369,9.0267780457461,1,1,1
"51161","Roanoke County, Virginia",2018,0.45,4.30446109070162,195.204251492654,1931,"VA",191.565969163838,177.550181099112,1.45965194786062,5.27404645392958,7.56579328242851,1,1,1
"51181","Surry County, Virginia",2018,0.212121212121212,2.07952175639663,1450.61728395062,36,"VA",2142.85714285714,405.405405405405,0.732137942467153,7.27974445789391,3.58351893845611,1,1,1
"51183","Sussex County, Virginia",2018,0.193548387096774,2.72827941746594,830.289749208668,111,"VA",882.026627218935,267.696346265376,1.00367116049337,6.72177473530314,4.70953020131233,1,1,1
"51510","Alexandria city, Virginia",2018,0.259259259259259,4.17113961086734,265.945846509844,4545,"VA",272.106314268718,257.905749497249,1.42818928645213,5.58329270350609,8.42178300661158,1,1,1
"51540","Charlottesville city, Virginia",2018,0.371428571428571,4.24850552925238,265.896755237176,1944,"VA",264.752496429312,242.115185220096,1.44656728092051,5.58310809523046,7.57250298502038,1,1,1
"51550","Chesapeake city, Virginia",2018,0.114285714285714,4.42104072886224,199.955482921438,5435,"VA",198.39761750114,192.298337502246,1.48637512739209,5.29809475637942,8.60061479955531,1,1,1
"51600","Fairfax city, Virginia",2018,0.114241001564945,3.90967874348816,381.949349773156,1913,"VA",376.639225421058,352.688347756646,1.36345520783098,5.94528800759858,7.55642796944025,1,1,1
"51610","Falls Church city, Virginia",2018,0.00285001781261133,3.81522176237938,356.064260743717,778,"VA",360.228811558164,308.768593717101,1.33899879211105,5.87511122226954,6.65672652417839,1,1,1
"51683","Manassas city, Virginia",2018,0.0454545454545455,4.07638892169483,259.024676428683,1445,"VA",262.791397587186,236.586666666667,1.40521152829989,5.55692333294751,7.27586460054653,1,1,1
"51685","Manassas Park city, Virginia",2018,0.0434782608695652,2.87957987184822,755.428978284087,265,"VA",798.03466796875,462.993572084481,1.05764440567617,6.62728577105182,5.57972982598622,1,1,1
"51740","Portsmouth city, Virginia",2018,0.0606060606060606,4.22775000824934,235.534563107816,1573,"VA",236.134650923546,208.594947041867,1.44166993859889,5.4618576674766,7.36073990305828,1,1,1
"51760","Richmond city, Virginia",2018,0.553191489361702,4.50651540492204,198.610963913996,6168,"VA",196.895551299906,187.264646322743,1.50552421738684,5.29134795609934,8.72712991524317,1,1,1
"51770","Roanoke city, Virginia",2018,0.545454545454545,4.46967407704498,193.054279554168,3046,"VA",189.973767271795,175.359961712367,1.49731549255441,5.2629713905773,8.02158453345511,1,1,1
"51800","Suffolk city, Virginia",2018,0.108108108108108,4.14319054366828,249.666731312966,1565,"VA",246.444933357146,216.730960795386,1.421466153751,5.52012695377952,7.35564110297425,1,1,1
"53011","Clark County, Washington",2018,0.818181818181818,4.48638433648451,180.493979547749,11274,"WA",179.300815916892,174.196988803641,1.50104710707918,5.19569742291057,9.33025446864152,1,1,1
"53033","King County, Washington",2018,1,4.54213858959121,187.291924975874,70124,"WA",184.366205142184,180.358009066267,1.51339795611773,5.23266849573835,11.1580203824738,1,1,1
"53053","Pierce County, Washington",2018,0.702702702702703,4.47694279374784,196.067682118102,18384,"WA",192.247473299754,190.697420883808,1.49894040136791,5.27845991655144,9.81923600008854,1,1,1
"53061","Snohomish County, Washington",2018,0.23463687150838,4.44172557019317,213.181310881733,19032,"WA",210.553081391455,204.32323437597,1.49104294287782,5.36214302841993,9.85387705198279,1,1,1
"53063","Spokane County, Washington",2018,0.476190476190476,4.59450976895368,167.472002388994,13294,"WA",166.161831011242,160.72874370567,1.52486206218435,5.12081618737756,9.49506808460153,1,1,1
"53067","Thurston County, Washington",2018,0.0275590551181102,4.44202495542938,195.280663996194,6265,"WA",192.86368795785,189.108491090902,1.491110343518,5.27443782630523,8.74273386733017,1,1,1
"54039","Kanawha County, West Virginia",2018,0.488372093023256,4.49720848538645,187.792297387272,4617,"WV",184.57614292082,174.418839021768,1.50345686770714,5.23533655095578,8.43750042250699,1,1,1
"55025","Dane County, Wisconsin",2018,0.961783439490446,4.59305513104247,167.677204124326,14269,"WI",168.81551775163,162.950963744769,1.5245454085467,5.1220407271168,9.56584463093058,1,1,1
"55073","Marathon County, Wisconsin",2018,1,4.58423496502645,154.639642908985,3320,"WI",157.324723059305,151.02121608022,1.52262323573983,5.04109752572116,8.10772006191053,1,1,1
"55079","Milwaukee County, Wisconsin",2018,0.475961538461538,4.62173259695516,168.161830065989,19769,"WI",167.362460088085,161.911927789215,1.53076965577682,5.1249267899547,9.89187033319594,1,1,1
"55089","Ozaukee County, Wisconsin",2018,0.19047619047619,4.47978061597951,170.049591767088,2719,"WI",166.528578380198,154.069035628456,1.49957407558041,5.13609011078633,7.90801944463247,1,1,1
"55101","Racine County, Wisconsin",2018,0.153846153846154,4.56001967903592,166.507135661993,3919,"WI",161.909754289673,156.50813428528,1.51732693909504,5.11503816533096,8.27359179819963,1,1,1
"55133","Waukesha County, Wisconsin",2018,0.137931034482759,4.63864229554497,151.997254888871,12569,"WI",150.583172999348,146.854582010679,1.53442171470112,5.02386246074156,9.43898874392484,1,1,1
"55141","Wood County, Wisconsin",2018,0.9,4.4074016728812,178.509244820673,1675,"WI",178.049911299623,160.892774997189,1.48328532599537,5.184640391591,7.42356844425917,1,1,1
"01017","Chambers County, Alabama",2019,0.22,3.54304394918162,475.85885630126,461,"AL",445.296398891967,435.041403336776,1.26498623031716,6.16512128988506,6.13339804299665,1,2,1
"01073","Jefferson County, Alabama",2019,0.65,4.55013757500338,184.954900785328,16431,"AL",186.172048951986,184.85984028608,1.51515746877023,5.2201120158205,9.70692507345183,1,2,1
"01081","Lee County, Alabama",2019,0.209876543209877,4.3521935119929,233.307032395993,2864,"AL",232.073599149565,226.851017263047,1.470679973637,5.45235532171922,7.95997452808054,1,2,1
"01087","Macon County, Alabama",2019,0.242424242424242,2.93582462298238,621.748178980229,124,"AL",639.958376690947,621.44,1.07698837565153,6.43253515381751,4.82028156560504,1,2,1
"01089","Madison County, Alabama",2019,0.285714285714286,4.41937353817245,205.951427502371,8475,"AL",204.141983476146,205.066959609008,1.48599795259933,5.32764035216359,9.04487593224865,1,2,1
"01101","Montgomery County, Alabama",2019,0.22972972972973,4.51144596133853,183.018261756053,5445,"AL",183.215707250275,179.682087170979,1.50661771439964,5.20958593887931,8.60245303536706,1,2,1
"01117","Shelby County, Alabama",2019,0.28,4.50186760819142,172.344190639447,5267,"AL",171.275722914602,173.511927745994,1.50449233472016,5.14949358563208,8.56921621948339,1,2,1
"04013","Maricopa County, Arizona",2019,1,4.53795093397921,186.571920044747,97826,"AZ",183.824346289675,180.771632698418,1.51247557404252,5.22881679501437,11.4909456693622,1,2,1
"04019","Pima County, Arizona",2019,0.475,4.53017036099505,184.747702451387,20334,"AZ",183.470446150218,179.043926669858,1.51075954607148,5.2189911237639,9.92004964083511,1,2,1
"04021","Pinal County, Arizona",2019,1,4.46891812165371,188.180005609616,3757,"AZ",186.482811200154,189.534778408405,1.49714634838131,5.23739898138846,8.23137604557397,1,2,1
"05007","Benton County, Arkansas",2019,0.863636363636364,4.31984979882485,269.875827742536,6780,"AR",281.480143495074,282.251277056361,1.46322063286103,5.59796195596333,8.82173238093444,1,2,1
"05119","Pulaski County, Arkansas",2019,0.299539170506912,4.53673782335418,182.039751927148,12145,"AR",178.73943775414,179.274980114452,1.51220821266745,5.20422508040937,9.40467284143627,1,2,1
"06001","Alameda County, California",2019,0.200784826684107,4.57794243278917,196.914518686512,40684,"CA",196.052308529731,192.309732298211,1.52124964670015,5.28276971927261,10.6135901737455,1,2,1
"06013","Contra Costa County, California",2019,0.151996565049377,4.45369060069583,199.086917367714,24474,"CA",197.801634138826,193.708948001944,1.49373310092971,5.29374150005997,10.1053666085456,1,2,1
"06017","El Dorado County, California",2019,0.13,4.31674672895965,226.608618668355,4546,"CA",223.36707855721,219.909228859419,1.46250204655478,5.42322438259415,8.42200300441249,1,2,1
"06019","Fresno County, California",2019,0.5,4.52472502258682,198.669316379458,17280,"CA",197.984374416544,194.003273859389,1.50955680681631,5.29164171578879,9.75730504235805,1,2,1
"06029","Kern County, California",2019,0.96,4.50529587281057,207.449125968172,13134,"CA",208.908645099664,208.194118258842,1.50525356544322,5.33488613355319,9.48295956675092,1,2,1
"06037","Los Angeles County, California",2019,0.287047619047619,4.56396756628137,187.096341076397,284928,"CA",184.009275524116,180.743076941224,1.51819232555069,5.23162367711019,12.5599917957551,1,2,1
"06041","Marin County, California",2019,0.31740614334471,4.41029913651655,198.279714753383,9944,"CA",196.322911056137,192.755993432093,1.48394251856796,5.28967873454625,9.20472463319055,1,2,1
"06053","Monterey County, California",2019,0.275862068965517,4.46624873778301,207.772996541709,8753,"CA",208.027008446201,207.772385305563,1.49654884774319,5.33644612095106,9.07715177773244,1,2,1
"06059","Orange County, California",2019,0.306522473808719,4.54061923076909,189.22484704899,99453,"CA",187.97433500566,185.459284393312,1.51306339719491,5.24293597489257,11.5074404497397,1,2,1
"06061","Placer County, California",2019,0.425,4.41717430670886,201.822872636087,11191,"CA",200.966042871273,198.807217768815,1.48550019452737,5.30739044458927,9.32286516281803,1,2,1
"06065","Riverside County, California",2019,0.397849462365591,4.53686604594503,202.168652414847,40525,"CA",201.636423947028,197.737475125659,1.51223647543772,5.30910226200006,10.6096743466039,1,2,1
"06067","Sacramento County, California",2019,0.153236459709379,4.49779355481767,199.629666817044,30702,"CA",197.553618953649,193.815764908733,1.50358695537792,5.29646398418074,10.3320830780331,1,2,1
"06071","San Bernardino County, California",2019,0.307443365695793,4.61326435725078,190.394245680366,36960,"CA",187.934843343385,183.598618930718,1.52893570994666,5.24909689963358,10.5175915257556,1,2,1
"06073","San Diego County, California",2019,0.594368340943683,4.53225286408626,190.93262766525,87196,"CA",189.788294873173,186.283535582648,1.51121913686219,5.25192063108419,11.3759137372853,1,2,1
"06075","San Francisco County, California",2019,1,4.35728411880399,245.039320977636,34745,"CA",243.527995912708,242.258532036508,1.47184895474162,5.50141869145325,10.4557909557484,1,2,1
"06077","San Joaquin County, California",2019,0.322033898305085,4.53528804930487,198.314956647057,11907,"CA",199.044676204058,194.962933305923,1.51188859848601,5.28985645702367,9.38488174145117,1,2,1
"06081","San Mateo County, California",2019,0.1923828125,4.48407652198278,197.72768296851,21432,"CA",198.19936313331,193.039313579915,1.50053257062692,5.28689074550553,9.97264041122444,1,2,1
"06083","Santa Barbara County, California",2019,0.434343434343434,4.52996248816289,193.145704062611,11779,"CA",192.08693000563,187.394622684029,1.51071365870191,5.2634448474081,9.37407356395878,1,2,1
"06085","Santa Clara County, California",2019,0.273358611055677,4.43487330212801,220.669629719258,48928,"CA",220.210756285431,217.701006644578,1.48949904762586,5.39666669490952,10.7981051087288,1,2,1
"06087","Santa Cruz County, California",2019,0.444444444444444,4.49069571968164,194.554424498654,6993,"CA",191.369939491466,194.31937417229,1.502007638455,5.27071194139069,8.85266492770387,1,2,1
"06095","Solano County, California",2019,0.196078431372549,4.50202540860248,202.300092577676,7173,"CA",199.218001476417,196.655675666461,1.50452738631635,5.30975220179928,8.87807925612644,1,2,1
"06097","Sonoma County, California",2019,0.417582417582418,4.539201467394,190.072330599517,14204,"CA",186.761189279295,180.308233052809,1.5127511083439,5.24740468708331,9.56127889406298,1,2,1
"06111","Ventura County, California",2019,0.185022026431718,4.5704614892201,178.710575152072,21432,"CA",179.716635852638,178.344005347474,1.51961418213162,5.18576759865769,9.97264041122444,1,2,1
"08001","Adams County, Colorado",2019,0.461538461538462,4.56220311818263,176.758969607466,10433,"CO",172.851187594743,174.633498844787,1.5178056468041,5.17478705091463,9.25272913846797,1,2,1
"08005","Arapahoe County, Colorado",2019,0.266331658291457,4.47228644355326,181.169089818595,19161,"CO",179.979395581593,179.890924377432,1.49789978647443,5.19943079306734,9.8606322422297,1,2,1
"08013","Boulder County, Colorado",2019,0.335195530726257,4.42281138853721,214.462047751769,12783,"CO",215.44292508918,211.834197004879,1.48677555464373,5.3681327891553,9.45587144216802,1,2,1
"08014","Broomfield County, Colorado",2019,0.366666666666667,4.26085370412395,223.298836301593,2204,"CO",215.100112304437,217.129318128231,1.44946954023297,5.40851094746484,7.6980291702728,1,2,1
"08031","Denver County, Colorado",2019,0.386167146974063,4.51699829334482,194.226925672641,26534,"CO",190.351595918183,188.905950515591,1.50784767884304,5.26902719543602,10.1861822084769,1,2,1
"08035","Douglas County, Colorado",2019,0.205741626794258,4.32261812621423,219.992228234644,9595,"CO",220.2983681334,215.895617449725,1.46386126641803,5.39359221952221,9.1689974084418,1,2,1
"08041","El Paso County, Colorado",2019,0.333333333333333,4.4591594851175,189.444688201266,17886,"CO",187.651191127066,183.957274052797,1.49496029202018,5.24409709907347,9.79177356290613,1,2,1
"08059","Jefferson County, Colorado",2019,0.575,4.43508567081704,194.776816326531,17500,"CO",194.540449197495,192.348656673407,1.48954693255739,5.27185437142838,9.76995615991161,1,2,1
"08069","Larimer County, Colorado",2019,0.8,4.50009541735528,184.178958883002,11161,"CO",181.948025692055,179.810737548124,1.5040986004082,5.21590788756252,9.32018083765571,1,2,1
"08123","Weld County, Colorado",2019,0.375,4.50189906637535,180.099059027319,6525,"CO",178.656620369628,177.030557857752,1.50449932250317,5.19350702744488,8.78339623219089,1,2,1
"09001","Fairfield County, Connecticut",2019,0.357766143106457,4.51987169017955,188.272872395763,26862,"CT",186.073175776949,183.023693246361,1.5084836063128,5.23789235940976,10.198467927469,1,2,1
"09003","Hartford County, Connecticut",2019,0.0623548922056385,4.59400905833926,178.837152198286,22639,"CT",176.794418506541,173.235232429593,1.52475307604103,5.1864756274987,10.0274293617303,1,2,1
"09007","Middlesex County, Connecticut",2019,0.263157894736842,4.50553200793736,200.929675747367,4147,"CT",197.370834866002,192.928174191724,1.50530597685979,5.30295497493597,8.33014046024638,1,2,1
"09009","New Haven County, Connecticut",2019,0.320388349514563,4.57021884029418,196.769268111361,19294,"CT",195.689449362315,191.05490144664,1.51956109003842,5.2820318144535,9.8675494457305,1,2,1
"09013","Tolland County, Connecticut",2019,0.333333333333333,4.26812602482835,234.527089072544,2310,"CT",227.38354819282,226.73501470274,1.45117486084526,5.45757109964762,7.74500280351584,1,2,1
"10003","New Castle County, Delaware",2019,0.286885245901639,4.56967763887437,167.093005771355,16129,"DE",169.52226243565,167.159865663732,1.51944266387863,5.11855057818048,9.68837417291718,1,2,1
"11001","District of Columbia, District of Columbia",2019,0.560869565217391,4.15780097704799,279.051156556595,23911,"DC",280.319161795697,280.088622278604,1.42498632322243,5.63139512184723,10.0820938830826,1,2,1
"12001","Alachua County, Florida",2019,0.361702127659574,4.45123649726303,198.808505365904,6219,"FL",196.920208431734,190.170303311329,1.49318192213443,5.29234207683799,8.73536440110389,1,2,1
"12009","Brevard County, Florida",2019,0.0687830687830688,4.47715276898889,192.416808483368,14449,"FL",190.733031401784,189.212544343082,1.49898730174765,5.25966389659542,9.57838048699361,1,2,1
"12011","Broward County, Florida",2019,0.801195814648729,4.53861340442625,177.850627187727,62214,"FL",177.233900548455,174.967819983852,1.51262154787657,5.18094402488657,11.0383353337863,1,2,1
"12031","Duval County, Florida",2019,0.18864774624374,4.52430711549461,179.403360816965,26188,"FL",177.771006635011,175.612056023562,1.50946444177967,5.18963668310009,10.173056569561,1,2,1
"12057","Hillsborough County, Florida",2019,0.128071900014043,4.53016220419783,171.805583630943,38251,"FL",170.107512115379,168.470814594558,1.51075774552009,5.1463635097842,10.5519249827038,1,2,1
"12065","Jefferson County, Florida",2019,0.0909090909090909,3.19380659653217,485.492674518817,177,"FL",486.505190311419,433.507069067757,1.16121349584055,6.18516419908782,5.17614973257383,1,2,1
"12069","Lake County, Florida",2019,0.214285714285714,4.43233416620835,197.866673851046,7585,"FL",194.202805565762,191.753391388497,1.48892634511537,5.28759343949426,8.93392789178263,1,2,1
"12071","Lee County, Florida",2019,0.536585365853659,4.39943166513434,210.910941805957,19464,"FL",207.695239238667,203.257574267349,1.48147536556652,5.35143596762758,9.87632188446336,1,2,1
"12073","Leon County, Florida",2019,0.180851063829787,4.37967975651948,206.720652359812,7642,"FL",205.897199620952,201.270271043823,1.47697560676544,5.3313683763546,8.94141462800684,1,2,1
"12081","Manatee County, Florida",2019,0.4,4.45558675691393,191.079862235153,9438,"FL",188.540134392145,186.477203396264,1.49415875975042,5.25269146754156,9.15249937228633,1,2,1
"12086","Miami-Dade County, Florida",2019,0.28694900605013,4.58725792580609,167.511768542864,86710,"FL",166.591103303577,164.426400781645,1.52328244377174,5.1210536087544,11.3703244963712,1,2,1
"12095","Orange County, Florida",2019,0.225997045790251,4.53742015090779,179.605518968609,39627,"FL",178.987635063503,172.842198162413,1.51235860184005,5.19076288461985,10.587265983092,1,2,1
"12097","Osceola County, Florida",2019,0.28125,4.29996339348467,237.001943209271,6760,"FL",232.806729601153,228.055211433202,1.45860650952018,5.46806834029676,8.81877816903701,1,2,1
"12099","Palm Beach County, Florida",2019,0.0907457322551662,4.46305588730008,193.063075454825,49837,"FL",191.787649506184,189.477285051371,1.49583370793039,5.26301695134033,10.8165129590333,1,2,1
"12101","Pasco County, Florida",2019,0.463414634146341,4.43427938187255,192.336022676756,10096,"FL",191.445604753364,185.451446199949,1.48936511820159,5.25924396046367,9.219894584781,1,2,1
"12103","Pinellas County, Florida",2019,0.298245614035088,4.5305545575333,181.795740443581,29357,"FL",180.015571395963,177.504871054414,1.51084435088389,5.2028837515656,10.2872862976712,1,2,1
"12105","Polk County, Florida",2019,0.774193548387097,4.55359154798838,169.034978906316,12081,"FL",168.760647164687,166.24629920137,1.51591627279528,5.13010566928356,9.39938924951956,1,2,1
"12115","Sarasota County, Florida",2019,0.576923076923077,4.39552183058977,203.510201074858,14262,"FL",203.965544381772,198.935616941817,1.48058625687389,5.31571613175826,9.56535393658825,1,2,1
"12117","Seminole County, Florida",2019,0.192192192192192,4.4725797120458,183.451659143449,13931,"FL",181.211836985558,177.28727450221,1.4979653589464,5.2119511948784,9.54187185170622,1,2,1
"13057","Cherokee County, Georgia",2019,0.166219839142091,4.38012528497769,203.870754473322,5637,"GA",199.010740598028,195.86166272396,1.47707732785546,5.31748623655916,8.63710728808157,1,2,1
"13063","Clayton County, Georgia",2019,0.260869565217391,4.31535325041469,219.407015473319,3704,"GA",222.458203616186,217.472991332524,1.46217918686585,5.39092852305152,8.21716859576607,1,2,1
"13067","Cobb County, Georgia",2019,0.323619631901841,4.49397584797571,183.906109640334,20773,"GA",184.290655307784,181.827085646729,1.50273779946648,5.21442535368122,9.94140934553469,1,2,1
"13089","DeKalb County, Georgia",2019,0.277930654925702,4.4833164711677,197.638985938464,17192,"GA",195.922715976545,192.233317322269,1.50036305629483,5.28644206311266,9.75219943832235,1,2,1
"13113","Fayette County, Georgia",2019,0.215909090909091,4.36282813117367,200.305413621069,3533,"GA",199.167330883495,193.728563862161,1.47312050101482,5.29984326987054,8.16990264735914,1,2,1
"13117","Forsyth County, Georgia",2019,0.159457478005865,4.35165237120438,225.030402538149,6704,"GA",222.424318727476,224.895933597206,1.47055562842306,5.41623551546799,8.81045964216192,1,2,1
"13121","Fulton County, Georgia",2019,0.243104021269525,4.45453080164147,205.904199617072,37772,"GA",205.58468950022,203.473565112789,1.49392173587942,5.32741101021754,10.539323366383,1,2,1
"13135","Gwinnett County, Georgia",2019,0.143026004728132,4.4911396974409,188.835505946273,24803,"GA",186.245037665546,181.141766490361,1.50210649970975,5.24087629718622,10.118719892579,1,2,1
"13151","Henry County, Georgia",2019,0.0606060606060606,4.27069795753792,236.800987945985,3860,"GA",238.274911740873,231.829459910437,1.45177726998091,5.46722007507034,8.25842246245888,1,2,1
"13217","Newton County, Georgia",2019,0.285714285714286,4.18397086355506,246.170271346098,1357,"GA",253.041244159027,243.869320652555,1.4312607629609,5.50602345644363,7.21303165983487,1,2,1
"13247","Rockdale County, Georgia",2019,0.266666666666667,4.33187270988298,215.853135021843,1990,"GA",217.677843523997,216.088976414377,1.46599994502351,5.37459824597219,7.59588991771854,1,2,1
"13285","Troup County, Georgia",2019,0.16,4.19311425789712,242.053938864744,1349,"GA",233.2689412727,225.974957955076,1.43344371749471,5.48916058919172,7.20711885620776,1,2,1
"15003","Honolulu County, Hawaii",2019,0.413333333333333,4.45745418702453,223.96922271772,21356,"HI",220.808788094854,221.085261666475,1.49457779297369,5.41150864383338,9.96908800962008,1,2,1
"16001","Ada County, Idaho",2019,0.686390532544379,4.51726581169935,175.947023494121,14722,"ID",175.337185328957,170.307598642393,1.50790690189685,5.17018294685338,9.59709825261865,1,2,1
"16015","Boise County, Idaho",2019,0.789855072463768,2.82522177140359,712.43895432347,118,"ID",752.373995617239,772.92899408284,1.03858686466891,6.56869423032973,4.77068462446567,1,2,1
"16039","Elmore County, Idaho",2019,0.789855072463768,3.81735867388968,280.219184027778,384,"ID",294.94150601417,280.646487845377,1.33955873683328,5.63557209704026,5.95064255258773,1,2,1
"17031","Cook County, Illinois",2019,0.375,4.56526310571132,181.755637359256,134107,"IL",180.871552574016,178.189805255337,1.51847614781024,5.20266313303993,11.8063932677583,1,2,1
"17043","DuPage County, Illinois",2019,0.189097103918228,4.57634734511244,167.283078132113,33996,"IL",166.73031547549,161.925284457115,1.5209011570343,5.1196874560278,10.4339981496185,1,2,1
"17089","Kane County, Illinois",2019,0.218954248366013,4.57257129962572,171.392755477788,12980,"IL",169.878980702328,167.317909516461,1.5200756942998,5.14395773851305,9.47116499025808,1,2,1
"17093","Kendall County, Illinois",2019,0.150684931506849,4.20264192051648,240.286206685244,2149,"IL",230.901427999165,232.737508876688,1.4357133562281,5.48183074070063,7.67275789664251,1,2,1
"17097","Lake County, Illinois",2019,0.449678800856531,4.5268592849103,180.517776181853,19779,"IL",177.614568152107,178.407787457492,1.5100283844519,5.19582925592576,9.89237604778141,1,2,1
"17111","McHenry County, Illinois",2019,0.470588235294118,4.51048831742235,185.963246624372,8014,"IL",184.241446145327,182.669191825437,1.50640542202637,5.22554905539429,8.98894529119609,1,2,1
"17113","McLean County, Illinois",2019,0.106854838709677,4.42954180809311,194.749564555139,3462,"IL",187.074100378306,195.773523604128,1.48829614938351,5.27171444883123,8.14960173573616,1,2,1
"17143","Peoria County, Illinois",2019,0.4625,4.51121425084928,182.004854271176,4298,"IL",177.302468591712,174.837834442261,1.50656635249886,5.20403335854076,8.36590507720246,1,2,1
"17161","Rock Island County, Illinois",2019,0.260869565217391,4.44275869185714,206.148058440053,2955,"IL",198.24646925331,197.023549363626,1.49127551049528,5.32859464091817,7.9912539298402,1,2,1
"17163","St. Clair County, Illinois",2019,0.521739130434783,4.49361182146136,186.066198821258,5076,"IL",187.734031852717,182.833925660014,1.50265679296553,5.22610251803427,8.53227882883428,1,2,1
"17167","Sangamon County, Illinois",2019,0.170634920634921,4.46893405390501,190.625734452486,4804,"IL",186.485521517091,185.659955504169,1.49714991349986,5.25031200021975,8.47720418319987,1,2,1
"17197","Will County, Illinois",2019,0.248618784530387,4.5012902515347,194.903433109671,15770,"IL",188.280878382422,183.519269780317,1.50436407824248,5.27250422108219,9.66586467995708,1,2,1
"18003","Allen County, Indiana",2019,0.346153846153846,4.63085729615804,156.863525751271,9252,"IN",157.977971785951,155.879982502241,1.53274201211517,5.05537616458961,9.13259502335133,1,2,1
"18005","Bartholomew County, Indiana",2019,0.583333333333333,4.42258989698657,189.909531080946,1805,"IN",188.141072247514,183.892539892306,1.48672547403268,5.24654780655848,7.49831587076698,1,2,1
"18011","Boone County, Indiana",2019,0.464285714285714,4.29437299051903,205.897045188278,1492,"IN",203.413047836126,200.276188906935,1.45730555886982,5.32737626321819,7.30787278076371,1,2,1
"18057","Hamilton County, Indiana",2019,0.326666666666667,4.39921078658156,202.399238592473,9283,"IN",200.808967887596,197.960010618118,1.48142515815008,5.31024217551134,9.13594004939993,1,2,1
"18063","Hendricks County, Indiana",2019,0.27027027027027,4.38966276007322,205.780127030076,3314,"IN",207.010161899701,203.06091749886,1.47925240410739,5.32680825425759,8.10591119798651,1,2,1
"18085","Kosciusko County, Indiana",2019,0.465116279069767,4.47464561761977,182.817224857371,1869,"IN",187.37383772368,190.636501517254,1.49842715699765,5.20848688246585,7.53315880745556,1,2,1
"18097","Marion County, Indiana",2019,0.187604690117253,4.62566304110471,166.335176951131,23484,"IN",165.506696207183,165.133457212107,1.53161972092815,5.11400489089652,10.0640746171841,1,2,1
"18157","Tippecanoe County, Indiana",2019,0.380952380952381,4.4210885728512,221.266433279667,3614,"IN",218.095685152577,208.522624736169,1.48638594921731,5.39936755584017,8.19257047115217,1,2,1
"19049","Dallas County, Iowa",2019,0.163461538461538,4.16383181094759,221.998216426176,2074,"IA",217.237135355635,208.918482773097,1.42643575871401,5.40266934772368,7.63723438878947,1,2,1
"19113","Linn County, Iowa",2019,0.5,4.57633865185119,168.055710354754,5619,"IA",168.320561316722,165.326145546924,1.52089925742554,5.12429553368755,8.6339089911122,1,2,1
"19153","Polk County, Iowa",2019,0.251633986928105,4.57347683892972,162.254083634893,13244,"IA",162.58694899841,162.03131139412,1.52027371191205,5.08916352404956,9.49129989866714,1,2,1
"19169","Story County, Iowa",2019,0.043956043956044,4.39291341866782,190.533037154535,2033,"IA",191.977382675878,190.898093992849,1.47999265586881,5.24982560291405,7.61726781362835,1,2,1
"20091","Johnson County, Kansas",2019,0.239700374531835,4.49647705148265,174.338006297888,18041,"KS",174.06364492227,172.611084634157,1.50329421271939,5.16099597980557,9.8004022244528,1,2,1
"20173","Sedgwick County, Kansas",2019,0.441176470588235,4.58768314157907,173.58236571961,12119,"KS",174.36494629493,172.170096021948,1.52337513445393,5.15665221711049,9.40252974796849,1,2,1
"20177","Shawnee County, Kansas",2019,0.4,4.51088571258523,171.650975099269,4031,"KS",169.664879069749,167.205165263187,1.5064935228327,5.14546320062901,8.30176976311717,1,2,1
"21015","Boone County, Kentucky",2019,0.153846153846154,4.49937879024481,181.750800403491,3020,"KY",181.882820903621,177.779467519239,1.5039393406347,5.20263652027458,8.01301211036892,1,2,1
"21029","Bullitt County, Kentucky",2019,0.25974025974026,4.08042508113835,236.04197060964,1082,"KY",235.857865128039,232.668036318313,1.40620116954255,5.46400963077994,6.98656645940643,1,2,1
"21067","Fayette County, Kentucky",2019,0.40625,4.55652864789459,174.386064637468,8707,"KY",177.091471904334,177.554824990291,1.51656107219305,5.16127160368066,9.07188257882862,1,2,1
"21111","Jefferson County, Kentucky",2019,0.229166666666667,4.61262569950602,169.012987057276,19852,"KY",169.597200621561,169.330138506126,1.52879726092074,5.12997555846329,9.89606003670733,1,2,1
"21117","Kenton County, Kentucky",2019,0.27027027027027,4.43134217168899,187.932197672457,3080,"KY",187.930800155709,181.873362666915,1.48870251146313,5.23608124710143,8.03268487596762,1,2,1
"22033","East Baton Rouge Parish, Louisiana",2019,0.269230769230769,4.54987106874489,174.97782886406,12203,"LA",173.396943545131,169.624925942081,1.51509889602179,5.16465927369201,9.40943710213184,1,2,1
"22049","Jackson Parish, Louisiana",2019,0.04,3.06139812493636,590.277777777778,168,"LA",640.955004591368,579.705302549367,1.11887171518961,6.38059323589645,5.12396397940326,1,2,1
"22051","Jefferson Parish, Louisiana",2019,0.147058823529412,4.55139950175342,179.897128631653,11690,"LA",179.693985373209,176.099611993073,1.51543476847192,5.19238517991556,9.36648905446611,1,2,1
"22061","Lincoln Parish, Louisiana",2019,0.04,4.18686249123897,226.244067444539,991,"LA",218.555935526724,215.810066506881,1.43195164466321,5.42161436099664,6.89871453432999,1,2,1
"22071","Orleans Parish, Louisiana",2019,0.555555555555556,4.38460419946929,266.449624573958,9538,"LA",264.895497933599,256.793635563712,1.47809935937153,5.58518519974934,9.16303909885817,1,2,1
"22111","Union Parish, Louisiana",2019,0.04,3.48431288043036,389.157024793388,275,"LA",377.484149395279,393.057958477509,1.2482708599036,5.96398292487651,5.61677109766657,1,2,1
"23005","Cumberland County, Maine",2019,0.645161290322581,4.59845136419123,168.803054689795,11644,"ME",168.597758111756,167.818249951163,1.52571958685394,5.12873267850164,9.36254630486551,1,2,1
"24003","Anne Arundel County, Maryland",2019,0.371134020618557,4.4673480106688,196.650501487154,14292,"MD",198.231608908082,198.01522372722,1.49679494635773,5.28142804902536,9.5674552191433,1,2,1
"24005","Baltimore County, Maryland",2019,0.223529411764706,4.50321545053916,179.059153749498,19870,"MD",178.241725102763,178.027184162756,1.50479168617511,5.18771621912256,9.89696633554586,1,2,1
"24021","Frederick County, Maryland",2019,0.354166666666667,4.40959422374433,195.336638244431,6150,"MD",195.421630562461,194.607868274819,1.48378267246893,5.27472442010586,8.72420736080056,1,2,1
"24027","Howard County, Maryland",2019,0.25398773006135,4.33686179229224,245.270009207137,9469,"MD",242.840057510823,241.147475241157,1.46715099722354,5.50235968209863,9.1557785839835,1,2,1
"24031","Montgomery County, Maryland",2019,0.303016400963413,4.33988418138438,216.213984499706,27258,"MD",214.193519960569,214.937754920444,1.46784766143926,5.37626858627562,10.2131023349875,1,2,1
"24033","Prince George's County, Maryland",2019,0.331775700934579,4.41546806799589,206.891215980554,15372,"MD",203.112411164674,203.834920729509,1.48511384610256,5.33219312846385,9.64030295168473,1,2,1
"24510","Baltimore city, Maryland",2019,0.272401433691756,4.50016158669481,218.02926053473,12283,"MD",215.647361243893,217.727488779736,1.50411330428599,5.38462927641841,9.41597147153909,1,2,1
"25005","Bristol County, Massachusetts",2019,0.407894736842105,4.56143659826691,189.848221644596,12883,"MA",189.756067395836,189.780115136762,1.5176376173901,5.24622491947353,9.46366389179152,1,2,1
"25009","Essex County, Massachusetts",2019,0.516320474777448,4.55513683700845,188.735293416109,19235,"MA",188.172545302594,187.753330657529,1.51625557131634,5.2403454694173,9.8644868151864,1,2,1
"25013","Hampden County, Massachusetts",2019,1,4.58746216540084,173.911498415573,9400,"MA",173.478003792036,172.260284939305,1.52332696602261,5.15854654002296,9.14846496825809,1,2,1
"25017","Middlesex County, Massachusetts",2019,0.383210509452099,4.53321709355432,182.712925099312,44662,"MA",181.370825230598,180.57546130799,1.51143186261743,5.20791620581494,10.7068783071948,1,2,1
"25021","Norfolk County, Massachusetts",2019,0.119428090832632,4.52280540011226,180.947348337033,20345,"MA",182.621124244431,178.092812537187,1.50913246505371,5.19820609578264,9.92059046043579,1,2,1
"25023","Plymouth County, Massachusetts",2019,0.445378151260504,4.49869002172876,196.196536031224,12739,"MA",196.422554104629,192.785004166894,1.50378624811412,5.27911689168093,9.45242343310979,1,2,1
"25025","Suffolk County, Massachusetts",2019,0.497264021887825,4.42983248406079,219.733597793653,21918,"MA",223.118355624143,223.547160327324,1.48836176936032,5.39241589347764,9.99506349602334,1,2,1
"25027","Worcester County, Massachusetts",2019,0.314176245210728,4.57546043958945,181.342963146638,18472,"MA",182.72194484392,180.69167510679,1.52070733619658,5.20039006236586,9.82401135103433,1,2,1
"26021","Berrien County, Michigan",2019,1,4.5287247276225,184.81847190072,3456,"MI",181.364539959209,181.723728905532,1.51044038278045,5.21937411038503,8.14786712992395,1,2,1
"26045","Eaton County, Michigan",2019,0.333333333333333,4.43234720337674,199.522646859119,2057,"MI",202.410682992185,196.431267780706,1.48892928648864,5.29592774797805,7.62900388965296,1,2,1
"26065","Ingham County, Michigan",2019,0.380952380952381,4.49852753252114,197.106236890308,6001,"MI",194.689278945513,197.834070009653,1.50375012823446,5.28374285693712,8.69968140098951,1,2,1
"26075","Jackson County, Michigan",2019,0.315789473684211,4.5392257590199,167.744502314815,2880,"MI",170.383627737085,170.038901294074,1.51275645984924,5.12244200222869,7.96554557312999,1,2,1
"26077","Kalamazoo County, Michigan",2019,0.615384615384615,4.57125789788068,181.633082519731,5523,"MI",182.316966685148,181.396099383437,1.51978841820885,5.20198862204128,8.61667646990119,1,2,1
"26081","Kent County, Michigan",2019,0.34640522875817,4.69093765165141,149.370619484757,16905,"MI",149.292307391359,146.992937300787,1.54563248820095,5.00643059663072,9.73536471514199,1,2,1
"26099","Macomb County, Michigan",2019,0.401606425702811,4.53472346120122,184.117315324059,19019,"MI",180.734191210632,177.119280040208,1.51176410292088,5.21557313772205,9.85319375848166,1,2,1
"26111","Midland County, Michigan",2019,0.710526315789474,4.29090383808623,213.128428058849,1681,"MI",228.204267269009,244.015310338878,1.45649739561757,5.36189493264202,7.42714413340862,1,2,1
"26125","Oakland County, Michigan",2019,0.35038503850385,4.58100775346737,169.61940641664,39112,"MI",169.058684032421,168.711914856709,1.52191900743043,5.13355714143822,10.5741846042585,1,2,1
"26139","Ottawa County, Michigan",2019,0.521739130434783,4.61753403809081,160.410624,6250,"MI",159.362983912365,159.043931729105,1.52986080460514,5.07773692765298,8.74033674273045,1,2,1
"26159","Van Buren County, Michigan",2019,1,4.20265300145548,240.67854627689,1194,"MI",230.445900861996,231.931268401026,1.4357159928849,5.4834622102678,7.08506429395255,1,2,1
"26161","Washtenaw County, Michigan",2019,0.279228149829739,4.54150193930947,182.947272191463,8152,"MI",182.945922317731,186.597016202398,1.51325778097963,5.20919798122267,9.00601857490256,1,2,1
"26163","Wayne County, Michigan",2019,0.28169014084507,4.58541578114196,188.430613231714,32498,"MI",186.632962684731,182.436766772956,1.5228807845069,5.23872983955628,10.3889338279627,1,2,1
"27003","Anoka County, Minnesota",2019,0.428571428571429,4.51202328528826,175.644439162898,7938,"MN",177.227201198207,175.417278194313,1.50674567492895,5.16846171958785,8.97941663334301,1,2,1
"27037","Dakota County, Minnesota",2019,0.204301075268817,4.57647042584803,162.042498511021,10630,"MN",161.001807228453,158.984001350447,1.52092805164505,5.08785863731597,9.27143547133599,1,2,1
"27053","Hennepin County, Minnesota",2019,0.49493487698987,4.61351512775099,158.5516356181,40489,"MN",158.878942367423,158.021586194188,1.52899006704941,5.06608031703395,10.6087856112651,1,2,1
"27109","Olmsted County, Minnesota",2019,1,4.46159318800387,181.359201467464,3521,"MN",177.467715359453,175.378600410487,1.49550591928638,5.20047960316501,8.16650031915505,1,2,1
"27123","Ramsey County, Minnesota",2019,0.410493827160494,4.62432004476361,161.116435588317,13482,"MN",156.532214545881,155.766966016573,1.53132934280787,5.08212730601152,9.50911074141338,1,2,1
"27139","Scott County, Minnesota",2019,0.102564102564103,4.40023940942587,198.118744577419,3334,"MN",194.885637900684,192.155973290753,1.48165895067713,5.28886657102229,8.11192806331074,1,2,1
"27163","Washington County, Minnesota",2019,0.26530612244898,4.45266530766416,181.008793832012,5949,"MN",179.463262653777,176.375714741947,1.49350286242436,5.19854561479288,8.6909784171879,1,2,1
"29051","Cole County, Missouri",2019,0.2,4.39085991355149,181.532277408177,2118,"MO",179.769366248066,176.913478158133,1.47952508798515,5.20143347485344,7.65822752616135,1,2,1
"29071","Franklin County, Missouri",2019,0.225806451612903,4.47233255463918,181.985922783997,2534,"MO",179.084965739426,179.15417331365,1.49791009682659,5.20392933674466,7.83755436088108,1,2,1
"29095","Jackson County, Missouri",2019,0.330578512396694,4.55591394553388,178.375105489945,17981,"MO",184.215095820794,171.28510714862,1.51642615724454,5.18388866719105,9.79707092383164,1,2,1
"29101","Johnson County, Missouri",2019,0.0476190476190476,4.08851188487079,243.54739892115,807,"MO",247.031367430086,244.601413304597,1.40818106151815,5.49531158033984,6.69332366826995,1,2,1
"29129","Mercer County, Missouri",2019,NA,1.76023669934203,1776.85950413223,22,"MO",1311.11111111111,1303.15500685871,0.565448288269841,7.48260276151306,3.09104245335832,1,2,1
"29183","St. Charles County, Missouri",2019,0.0533333333333333,4.4690331400357,190.484065767597,8591,"MO",186.536437538935,184.686936964267,1.49717208546101,5.2495685468038,9.05847042263806,1,2,1
"29189","St. Louis County, Missouri",2019,0.313926940639269,4.50120056214903,192.211788033822,30842,"MO",193.386752293336,167.882601081513,1.5043441527824,5.25859782677732,10.3366326764176,1,2,1
"29510","St. Louis city, Missouri",2019,0.477272727272727,4.28500113292406,403.916038329059,9705,"MO",420.363406815207,244.731743539617,1.45512081644272,6.00120703044418,9.18039649560311,1,2,1
"31055","Douglas County, Nebraska",2019,0.662962962962963,4.51787123612451,174.907827222262,15864,"NE",173.708785695807,170.65511916555,1.50804091744589,5.16425913358043,9.67180767019963,1,2,1
"31109","Lancaster County, Nebraska",2019,0.815789473684211,4.49506279333072,178.527986576601,8623,"NE",177.996122453054,179.989035583577,1.50297963742128,5.18474537647379,9.06218833095232,1,2,1
"32003","Clark County, Nevada",2019,0.448087431693989,4.50737598647279,201.544850416898,47309,"NV",199.128366599798,199.656465782867,1.50571516300976,5.30601193933302,10.7644558312215,1,2,1
"32031","Washoe County, Nevada",2019,0.317073170731707,4.5981591088923,167.247129720606,12901,"NV",168.632598090616,167.741123142785,1.52565602967711,5.11947253725035,9.46506010672514,1,2,1
"33011","Hillsborough County, New Hampshire",2019,0.379661016949153,4.58516564732253,171.390874351217,10993,"NH",172.686860709086,169.403635813572,1.52282623315234,5.14394676292141,9.30501398557886,1,2,1
"33015","Rockingham County, New Hampshire",2019,0.316666666666667,4.57439132770703,179.938073447659,9837,"NH",180.506933427523,177.205311474875,1.52047364675232,5.19261275529422,9.19390606551276,1,2,1
"34003","Bergen County, New Jersey",2019,0.206652512384996,4.52914735153323,183.167272741062,31743,"NJ",181.203132308157,179.914482704752,1.51053369915925,5.21039979403849,10.3654275075723,1,2,1
"34005","Burlington County, New Jersey",2019,0.252396166134185,4.5372853919231,175.052820809903,10426,"NJ",173.913328691421,173.955970735369,1.51232890192658,5.16508776158048,9.25205796532805,1,2,1
"34007","Camden County, New Jersey",2019,0.328358208955224,4.50139620764101,186.179969230682,11267,"NJ",189.070403937711,188.795373345445,1.50438761701767,5.22671378242182,9.32963337816417,1,2,1
"34013","Essex County, New Jersey",2019,0.663594470046083,4.5216732156771,187.748367915551,18835,"NJ",187.632486893811,185.787685308022,1.50888210580379,5.23510259774655,9.84347212012614,1,2,1
"34017","Hudson County, New Jersey",2019,0.414224446032881,4.44896169293433,217.490464892104,13774,"NJ",214.910322340862,214.381698153926,1.49267074152258,5.38215500999122,9.53053803610464,1,2,1
"34019","Hunterdon County, New Jersey",2019,0.168539325842697,4.37671198003865,210.907632315351,3635,"NJ",214.43303836689,209.576226895303,1.47629775299101,5.35142027609189,8.19836438996762,1,2,1
"34021","Mercer County, New Jersey",2019,0.153862989713285,4.45423211672538,195.046595526978,9623,"NJ",198.168173384158,199.490270143977,1.49385468169492,5.2732384814398,9.1719113453564,1,2,1
"34023","Middlesex County, New Jersey",2019,0.253932265835341,4.4628218725992,223.615667695788,21823,"NJ",227.140536599803,229.502354748448,1.49578127281818,5.40992880902198,9.990719738479,1,2,1
"34025","Monmouth County, New Jersey",2019,0.223372781065089,4.43786253106084,209.758613291199,19226,"NJ",209.177020057448,207.223663880213,1.49017284860497,5.34595740906294,9.86401880862576,1,2,1
"34027","Morris County, New Jersey",2019,0.286318758815233,4.51795692824129,180.868260735797,16629,"NJ",179.682424158763,177.16885230118,1.50805988463191,5.19776892502211,9.71890343808791,1,2,1
"34029","Ocean County, New Jersey",2019,0.488372093023256,4.4226104261381,209.128927718123,13548,"NJ",212.240687874763,210.709256606591,1.48673011590641,5.34295094080723,9.51399421393766,1,2,1
"34031","Passaic County, New Jersey",2019,0.242718446601942,4.51934518458422,187.818821608134,11986,"NJ",187.075678761306,185.943170971568,1.50836711268216,5.23547778330788,9.39149458101813,1,2,1
"34035","Somerset County, New Jersey",2019,0.156206415620642,4.41098434635551,206.095038877697,9805,"NJ",207.100123254347,206.02187019866,1.48409787234197,5.32833741617388,9.19064773863045,1,2,1
"34039","Union County, New Jersey",2019,0.512097420285211,4.52687923032942,186.25829012859,13908,"NJ",185.834675940738,180.762437038119,1.51003279045923,5.22713436702662,9.54021949312775,1,2,1
"35001","Bernalillo County, New Mexico",2019,0.346491228070175,4.57723129246642,179.671948634324,15870,"NM",180.160060765376,178.297526608342,1.52109429403388,5.19113268051556,9.67218581352046,1,2,1
"36001","Albany County, New York",2019,0.267489711934156,4.5202857832541,189.144536827077,9450,"NY",194.236087231251,193.371742112483,1.50857521822909,5.2425114679079,9.15377002048779,1,2,1
"36005","Bronx County, New York",2019,0.444444444444444,4.09938348545784,328.817453425061,18359,"NY",332.014504105893,327.168008012961,1.41083659300312,5.79550274396622,9.81787519646021,1,2,1
"36011","Cayuga County, New York",2019,0.384615384615385,4.27559666778695,217.863780116457,1441,"NY",218.415864248582,216.800081530894,1.45292366406169,5.38387000563044,7.27309259599952,1,2,1
"36023","Cortland County, New York",2019,0.333333333333333,4.15875910965451,239.945521551033,948,"NY",252.445640666099,278.231327727613,1.42521673882714,5.4804119040377,6.85435450225502,1,2,1
"36027","Dutchess County, New York",2019,0.284090909090909,4.43198337768313,212.32982369813,7531,"NY",210.092483333694,215.741902800342,1.48884719891519,5.35814083787324,8.92678311410135,1,2,1
"36029","Erie County, New York",2019,0.655737704918033,4.60455560870608,177.584627166633,22688,"NY",177.170380454897,177.395964047896,1.52704616314102,5.17944726806521,10.0295914293319,1,2,1
"36047","Kings County, New York",2019,0.363013698630137,4.40410004157145,220.844636680359,60503,"NY",223.42469021527,225.213431902459,1.48253593467224,5.39745945285002,11.0104482295664,1,2,1
"36055","Monroe County, New York",2019,0.164179104477612,4.59613605453429,173.754586534005,17498,"NY",173.405842575421,174.669418802784,1.5252159623626,5.15764388141451,9.76984186766621,1,2,1
"36059","Nassau County, New York",2019,0.320652173913043,4.41658158332918,200.660920474287,48805,"NY",199.097758602863,198.74371056809,1.48536599942668,5.30161652072051,10.7955880456091,1,2,1
"36061","New York County, New York",2019,0.176696490582996,4.32692225130918,223.209898096032,101620,"NY",223.832560225703,221.438023708826,1.46485649281443,5.40811257583228,11.5289956451477,1,2,1
"36067","Onondaga County, New York",2019,0.755555555555556,4.58833234435841,171.214232446962,11497,"NY",173.241646707855,171.477958455852,1.52351663438523,5.14291559370413,9.34984141075374,1,2,1
"36069","Ontario County, New York",2019,0.0486111111111111,4.48420178962788,203.079982490549,2857,"NY",196.867662992206,200.837686157265,1.50056050634451,5.31359990385972,7.95752740223077,1,2,1
"36071","Orange County, New York",2019,0.5,4.51802273431118,192.082557846006,9678,"NY",194.791104758183,190.837007777039,1.50807444997454,5.25792526839038,9.17761054735326,1,2,1
"36079","Putnam County, New York",2019,0.189655172413793,4.20807431574471,258.033500063721,2797,"NY",256.664460787374,248.816835711785,1.43700513586518,5.55308942170068,7.93630269320196,1,2,1
"36081","Queens County, New York",2019,0.248520710059172,4.35172509543625,241.351435716746,51050,"NY",237.60267963941,235.55773957728,1.47057234014955,5.48625411078052,10.8405608235928,1,2,1
"36087","Rockland County, New York",2019,0.172413793103448,4.43776633012871,189.230607647753,10315,"NY",186.4357274358,186.827720121309,1.4901511710577,5.24296641757052,9.24135442550535,1,2,1
"36091","Saratoga County, New York",2019,0.295454545454545,4.42294659397037,200.901261295181,5312,"NY",204.612572543646,203.002605551696,1.4868061241966,5.30281355002508,8.57772369115627,1,2,1
"36099","Seneca County, New York",2019,0.130434782608696,3.97617056119652,275.202287289923,627,"NY",276.411221392574,272.323420828431,1.38031918555949,5.61750641739792,6.44094654063292,1,2,1
"36101","Steuben County, New York",2019,0.533333333333333,4.2939833522362,224.459883410466,1696,"NY",227.157010048543,233.04248955849,1.45721482246635,5.41369699816566,7.43602781635185,1,2,1
"36103","Suffolk County, New York",2019,0.348101265822785,4.49230607173784,199.177200019243,49839,"NY",196.54344869232,193.066566196065,1.50236617162929,5.29419488086499,10.8165530890546,1,2,1
"36109","Tompkins County, New York",2019,0.358974358974359,4.36784953688493,221.025707216458,2263,"NY",224.561481531464,213.230106214603,1.47427079116545,5.39827901699926,7.72444664563354,1,2,1
"36119","Westchester County, New York",2019,0.416666666666667,4.42849462035789,199.428548646893,31453,"NY",198.719362312247,194.428799389472,1.48805971148927,5.29545602003222,10.3562496470865,1,2,1
"36123","Yates County, New York",2019,0.15,3.77514371942249,306.360473767822,446,"NY",320.635075879831,324.194176461232,1.32843845334649,5.72476242748171,6.10031895202006,1,2,1
"37019","Brunswick County, North Carolina",2019,0.513513513513513,4.1497477731311,285.558000711289,2499,"NC",286.865555110351,274.677425703469,1.4230475548368,5.65444516331856,7.82364593083495,1,2,1
"37025","Cabarrus County, North Carolina",2019,0.401129943502825,4.40860920691928,207.605775230605,4532,"NC",205.945526059967,202.059731145698,1.4835592671377,5.33564096993468,8.4189186221479,1,2,1
"37037","Chatham County, North Carolina",2019,0.237762237762238,4.23759322935956,213.867988084512,1404,"NC",209.504757785467,204.929210239806,1.44399547349335,5.36535894656451,7.24708058458576,1,2,1
"37063","Durham County, North Carolina",2019,0.94347522679693,4.47903643673078,189.449127332057,7617,"NC",189.017105548589,184.030013988323,1.49940794220676,5.24412053113073,8.93813787037279,1,2,1
"37067","Forsyth County, North Carolina",2019,0.575,4.55646787446527,179.197258125175,8584,"NC",178.164777504124,175.395963671472,1.51654773444423,5.18848719978301,9.05765528431053,1,2,1
"37071","Gaston County, North Carolina",2019,0.0833333333333333,4.43818844407469,212.677318772513,4182,"NC",213.859133235315,212.476352256701,1.4902462850949,5.35977608169431,8.33854487998858,1,2,1
"37081","Guilford County, North Carolina",2019,0.983606557377049,4.63562141379232,160.923079213464,13601,"NC",157.955916774969,157.604908527553,1.53377025988936,5.08092648195608,9.51789859843275,1,2,1
"37097","Iredell County, North Carolina",2019,0.65,4.54602615114808,171.135111858733,4855,"NC",168.605379361554,169.883658368568,1.51425347797608,5.14245337234485,8.48776438072542,1,2,1
"37101","Johnston County, North Carolina",2019,0.347826086956522,4.28155139047487,227.28306112011,3443,"NC",226.393420412623,218.141239657425,1.45431541832574,5.42619620595272,8.14409846333852,1,2,1
"37119","Mecklenburg County, North Carolina",2019,0.408014571948998,4.54755431014058,172.62173614797,33114,"NC",169.958263411328,167.012228004632,1.51458957419547,5.15110270437024,10.4077114326676,1,2,1
"37129","New Hanover County, North Carolina",2019,0.534883720930233,4.46911029998781,196.057175364531,7741,"NC",197.647702522672,192.712771766658,1.49718935078073,5.27840632773465,8.95428615720471,1,2,1
"37141","Pender County, North Carolina",2019,0.620689655172414,3.93719255963113,301.138620661491,1038,"NC",298.071192936428,289.16237176927,1.37046792100966,5.70757069249486,6.94505106372583,1,2,1
"37179","Union County, North Carolina",2019,0.181818181818182,4.37447840826956,206.493545311655,4925,"NC",203.823070518176,199.950771129297,1.47578729173524,5.33026915434188,8.50207955360619,1,2,1
"37183","Wake County, North Carolina",2019,0.69690063810392,4.48837021527083,186.6521028646,30165,"NC",187.708562545594,184.825494417924,1.50148965485189,5.22924647164912,10.3144375908749,1,2,1
"38017","Cass County, North Dakota",2019,0.407407407407407,4.55409544829868,160.960720315344,5523,"ND",158.093884297521,156.041377940779,1.51602692664428,5.08116036202154,8.61667646990119,1,2,1
"39017","Butler County, Ohio",2019,0.271428571428571,4.60133693977579,176.393632942342,7195,"OH",174.140109832583,172.438295646782,1.52634690034939,5.1727180484901,8.88114161932147,1,2,1
"39025","Clermont County, Ohio",2019,1,4.45564728121211,192.773690368366,3537,"OH",193.024407269422,187.516841105418,1.49417234357011,5.26151691211984,8.17103418920548,1,2,1
"39027","Clinton County, Ohio",2019,0.391304347826087,4.06396901799048,241.883454734651,620,"OH",246.527814618723,250.092455621302,1.40216008672116,5.48845601814844,6.42971947803914,1,2,1
"39035","Cuyahoga County, Ohio",2019,0.339233038348083,4.65704038294251,163.187843981624,31720,"OH",160.262958054462,159.632863562092,1.53838013541261,5.09490195434911,10.3647026757488,1,2,1
"39041","Delaware County, Ohio",2019,0.128270580727505,4.41457983247422,209.504220931127,4747,"OH",203.101475171618,199.185041762746,1.48491266134463,5.34474388680184,8.46526811855132,1,2,1
"39049","Franklin County, Ohio",2019,0.128965801400906,4.58146186041296,176.29087586804,29125,"OH",175.732554657164,173.695845196362,1.52201813069416,5.1721353346218,10.279352190868,1,2,1
"39055","Geauga County, Ohio",2019,0.254545454545455,4.39075306509399,192.370498119681,2667,"OH",185.808777992759,185.446482563999,1.47950075339929,5.25942319029812,7.88870952418201,1,2,1
"39057","Greene County, Ohio",2019,0.115789473684211,4.29168555814956,235.888632110934,3173,"OH",230.358652336674,237.074040510757,1.45667955977093,5.46335979581176,8.06243279158319,1,2,1
"39061","Hamilton County, Ohio",2019,0.193962748876044,4.66889463003137,160.451184515851,20845,"OH",161.336951316757,160.684792188684,1.54092234773914,5.07798974998951,9.9448693903149,1,2,1
"39085","Lake County, Ohio",2019,0.252427184466019,4.54848647632908,181.3679293096,5548,"OH",189.903365935136,187.252067887795,1.51479453506001,5.2005277266242,8.62119278143472,1,2,1
"39089","Licking County, Ohio",2019,0.479166666666667,4.47937407470409,196.304327976625,2960,"OH",197.171999017937,194.1019991608,1.49948332119794,5.27966614880618,7.99294454731811,1,2,1
"39095","Lucas County, Ohio",2019,0.380952380952381,4.57013716613114,188.756156781131,9300,"OH",185.45392405611,190.527946083093,1.5195432189264,5.24045600630513,9.13776967914135,1,2,1
"39097","Madison County, Ohio",2019,0.153846153846154,3.94176075608302,262.448516821695,588,"OH",272.051022376543,271.758034026465,1.37162751589003,5.57005493640284,6.37672694789863,1,2,1
"39103","Medina County, Ohio",2019,0.347826086956522,4.54194527368086,169.91139859561,3914,"OH",171.399290046019,171.200544249673,1.51335539466337,5.13527711645459,8.27231514795602,1,2,1
"39109","Miami County, Ohio",2019,0.0909090909090909,4.45577151913649,186.973136088781,2019,"OH",189.250659060294,183.600409428986,1.49420022643078,5.23096494925565,7.61035761831284,1,2,1
"39113","Montgomery County, Ohio",2019,0.233830845771144,4.60655810905807,176.549920456372,10984,"OH",175.653779308107,175.650369708463,1.52748096406627,5.17360367182981,9.30419494744781,1,2,1
"39133","Portage County, Ohio",2019,0.347826086956522,4.50602394320976,184.114296085602,2911,"OH",185.741139254997,186.606308765406,1.50541515562438,5.21555673913831,7.97625194374562,1,2,1
"39153","Summit County, Ohio",2019,0.209944751381215,4.65525171378671,159.696883425698,13133,"OH",160.018709825528,159.008410758331,1.53799598312031,5.07327753985019,9.48288342558516,1,2,1
"39159","Union County, Ohio",2019,0.197633136094675,4.22228024970946,207.059614155289,988,"OH",222.942897795914,223.96671489941,1.44037532564797,5.33300674289225,6.89568269774787,1,2,1
"39165","Warren County, Ohio",2019,0.242647058823529,4.46290528081645,185.780550040594,4331,"OH",186.781978737997,183.010571406528,1.49579996221252,5.2245661386644,8.37355374121463,1,2,1
"40109","Oklahoma County, Oklahoma",2019,0.701754385964912,4.56697170022788,176.477351855071,23978,"OK",175.309120278695,173.903912429052,1.51885033760558,5.1731925500383,10.0848920222676,1,2,1
"40139","Texas County, Oklahoma",2019,0.285714285714286,3.71659089937857,313.221329437546,370,"OK",315.369644472465,309.404054260021,1.3128068232128,5.74691006345028,5.91350300563827,1,2,1
"40143","Tulsa County, Oklahoma",2019,0.449275362318841,4.6160640822156,169.25782546082,18967,"OK",165.567436773628,165.866289086827,1.52954241173847,5.13142314682882,9.85045590598432,1,2,1
"41005","Clackamas County, Oregon",2019,0.368932038834951,4.55122152427846,179.020579947926,12190,"OR",176.297081620295,174.847390280596,1.51539566380646,5.18750077100813,9.40837122247532,1,2,1
"41051","Multnomah County, Oregon",2019,0.404145077720207,4.59219767533702,189.9441001101,27696,"OR",187.74644667866,186.375183356345,1.52435870585577,5.24672981892541,10.229043277416,1,2,1
"41067","Washington County, Oregon",2019,0.457142857142857,4.5506903838854,177.400575629804,15865,"OR",174.747237667197,171.637183220247,1.51527895417468,5.17841031468309,9.6718707040173,1,2,1
"42003","Allegheny County, Pennsylvania",2019,0.171612903225806,4.58712253474378,175.164486255618,33663,"PA",175.130900784282,174.353818739479,1.52325292874064,5.16572545393461,10.424154590333,1,2,1
"42007","Beaver County, Pennsylvania",2019,0.0314245810055866,4.4113711198428,195.421996318485,3269,"PA",198.191972403981,193.515755015717,1.48418555266476,5.27516130399203,8.09223940672421,1,2,1
"42011","Berks County, Pennsylvania",2019,0.531914893617021,4.59454799330745,176.860810108826,8290,"PA",176.170359062398,174.319946535977,1.52487038172152,5.17536303964613,9.02280524812934,1,2,1
"42017","Bucks County, Pennsylvania",2019,0.217391304347826,4.56894294085763,172.738136686206,19390,"PA",172.405961996793,170.510886604044,1.51928187418134,5.1517767869826,9.8725127482367,1,2,1
"42019","Butler County, Pennsylvania",2019,0.352941176470588,4.59194349472969,162.727711672854,4889,"PA",163.790511531699,158.248155846734,1.52430335378687,5.09207832346374,8.49474306257865,1,2,1
"42029","Chester County, Pennsylvania",2019,0.224426534407936,4.55494635912315,171.414427507086,14783,"PA",175.104725804695,174.38741277042,1.51621375437983,5.14408417710829,9.60123315090109,1,2,1
"42041","Cumberland County, Pennsylvania",2019,0.503030303030303,4.51342241483621,178.358707369276,6072,"PA",176.323475453224,176.028663602999,1.50705571602956,5.18379673242014,8.71144331907547,1,2,1
"42043","Dauphin County, Pennsylvania",2019,0.9,4.56493626640597,172.959887689852,6797,"PA",173.796659431774,171.334944744293,1.51840455259262,5.15305970454894,8.82423661734664,1,2,1
"42045","Delaware County, Pennsylvania",2019,0.697368421052632,4.50222545523561,180.40430695837,12808,"PA",182.144219109759,181.440960294487,1.50457182013681,5.1952004818356,9.45782525467655,1,2,1
"42069","Lackawanna County, Pennsylvania",2019,0.375,4.51596774600665,190.280089350822,5129,"PA",193.652069226716,192.432309280046,1.50761950410218,5.24849714113945,8.54266598738927,1,2,1
"42071","Lancaster County, Pennsylvania",2019,1,4.61803228936724,167.310084125526,13234,"PA",168.072741044075,166.38202302226,1.52996870297526,5.11984888188175,9.490544554572,1,2,1
"42077","Lehigh County, Pennsylvania",2019,0.333333333333333,4.56442066305322,175.747369431318,8506,"PA",175.709761626543,174.724492063716,1.5182915975713,5.16904756290489,9.04852707581358,1,2,1
"42091","Montgomery County, Pennsylvania",2019,0.191616766467066,4.58054683230812,165.993080008284,26289,"PA",166.246163285608,166.042781242842,1.52181838669946,5.11194610079055,10.176905879724,1,2,1
"42095","Northampton County, Pennsylvania",2019,0.270833333333333,4.51229613723522,200.387903298581,6273,"PA",198.248509563239,193.452932148471,1.50680614529448,5.30025500460727,8.74400998809674,1,2,1
"42101","Philadelphia County, Pennsylvania",2019,0.0301925696822416,4.43559755129274,238.549293204042,28989,"PA",240.194273161395,237.184122789551,1.48966234203904,5.47457596907381,10.2746717266674,1,2,1
"42125","Washington County, Pennsylvania",2019,0.2109375,4.5468935180461,166.531414571975,5102,"PA",167.37427509769,165.121271882327,1.51444425650095,5.11518396773136,8.53738789870176,1,2,1
"42129","Westmoreland County, Pennsylvania",2019,0.127572016460905,4.57585463746865,173.56647201816,8382,"PA",172.100945067597,169.390619431697,1.52079348728549,5.15656065003762,9.03384182848502,1,2,1
"42133","York County, Pennsylvania",2019,0.0878378378378378,4.57990400833381,180.581277360953,8598,"PA",181.568780543412,178.411758454172,1.52167803902737,5.19618096651116,9.05928489705623,1,2,1
"44003","Kent County, Rhode Island",2019,1,4.45883892742822,193.79589342776,4614,"RI",195.116961575775,194.432963721434,1.49488840196715,5.26680550948892,8.4368504387337,1,2,1
"44007","Providence County, Rhode Island",2019,0.53475935828877,4.55945367944877,193.686256831843,15979,"RI",190.664931838704,188.04287168315,1.51720280921042,5.26623961710513,9.67903063913939,1,2,1
"45019","Charleston County, South Carolina",2019,0.317073170731707,4.50640215615275,191.228956894872,14310,"SC",192.076373399291,187.168877794232,1.50549908706283,5.25347143734512,9.5687138725505,1,2,1
"45045","Greenville County, South Carolina",2019,0.482758620689655,4.55556340918618,178.563882457309,13790,"SC",179.37295947445,176.946724944892,1.5163492133343,5.18494642210906,9.53169897078735,1,2,1
"45057","Lancaster County, South Carolina",2019,0.380952380952381,4.1480508425763,248.272030884199,1411,"SC",252.361048283173,245.399786400854,1.42263854742242,5.51452504373774,7.25205395185281,1,2,1
"45079","Richland County, South Carolina",2019,0.229050279329609,4.48880173992521,190.317996188462,9017,"SC",190.63063740002,189.754072930737,1.50158579306933,5.24869633729521,9.10686696349991,1,2,1
"45083","Spartanburg County, South Carolina",2019,0.425,4.579364355578,180.020407828767,6577,"SC",182.561860976779,179.674946368354,1.52156020150259,5.19307022129003,8.79133399330135,1,2,1
"45091","York County, South Carolina",2019,0.538461538461538,4.49541784507213,184.586478146876,5317,"SC",183.890720132898,182.471542370384,1.50305862135014,5.21811806991067,8.57866451350434,1,2,1
"46065","Hughes County, South Dakota",2019,0.242424242424242,4.09362824304016,211.352040816327,560,"SD",219.500352416008,220.751350308642,1.40943167780099,5.35352518306425,6.32793678372919,1,2,1
"46119","Sully County, South Dakota",2019,0.242424242424242,1.6094379124341,2000,15,"SD",2031.25,2551.02040816326,0.475884995327111,7.60090245954208,2.70805020110221,1,2,1
"47001","Anderson County, Tennessee",2019,1,4.2215717320266,229.374213136391,1439,"TN",222.763944177666,233.428022272452,1.44020750705379,5.4353547883349,7.27170370688737,1,2,1
"47037","Davidson County, Tennessee",2019,0.601279317697228,4.6277835710751,172.932296039723,20222,"TN",173.697794261883,170.142400253188,1.53207804312881,5.15290016552791,9.91452639965134,1,2,1
"47047","Fayette County, Tennessee",2019,0.333333333333333,3.84917859145796,292.390022675737,525,"TN",302.56060512121,305.69736325397,1.34785977266867,5.67808860511745,6.26339826259162,1,2,1
"47065","Hamilton County, Tennessee",2019,0.285714285714286,4.59289871288614,184.45508354425,9168,"TN",183.789480349934,182.369109326786,1.52451135260455,5.21740598421725,9.12347443895452,1,2,1
"47093","Knox County, Tennessee",2019,1,4.55739784181031,179.24845937865,11603,"TN",178.716926932885,178.585748121568,1.51675181191853,5.18877288462355,9.35901896434754,1,2,1
"47157","Shelby County, Tennessee",2019,0.401709401709402,4.57580601936595,178.518647207387,19452,"TN",175.106177829778,174.36273640064,1.52078286230615,5.18469306191131,9.87570517152368,1,2,1
"47187","Williamson County, Tennessee",2019,0.478632478632479,4.47333175976961,174.98455958355,7395,"TN",175.024129339998,176.33984828513,1.49813349111,5.16469773907979,8.9085593751449,1,2,1
"48029","Bexar County, Texas",2019,0.284552845528455,4.52505513806657,198.54356023371,36747,"TX",199.075390903698,195.244844218668,1.50962976228573,5.29100852307348,10.5118118686558,1,2,1
"48039","Brazoria County, Texas",2019,0.541666666666667,4.46358262709418,211.41033525888,5831,"TX",206.752121602287,205.476575101008,1.4959517231931,5.35380096182897,8.67094379122216,1,2,1
"48041","Brazos County, Texas",2019,0.805342567400445,4.45123481464969,199.195952052,4435,"TX",196.595574817518,195.729222599343,1.49318154412404,5.29428902391993,8.39728289474368,1,2,1
"48057","Calhoun County, Texas",2019,0.636363636363636,3.63915009366259,364.000891067053,335,"TX",371.151658098647,374.867777194899,1.2917501636334,5.89715631562015,5.81413053182507,1,2,1
"48085","Collin County, Texas",2019,0.178919631093544,4.3340583995003,242.38593879769,25480,"TX",238.255916086452,236.010368900413,1.46650437775811,5.49053124425226,10.1456491096861,1,2,1
"48113","Dallas County, Texas",2019,0.308264862252296,4.59639406594588,175.921497315045,67207,"TX",174.31289256317,172.78940852756,1.52527209737838,5.17003785755092,11.1155326877529,1,2,1
"48121","Denton County, Texas",2019,0.181223134036733,4.44189738378498,220.131357524829,15998,"TX",216.419754428042,209.037351976094,1.49108162385127,5.39422444782954,9.68021899340877,1,2,1
"48141","El Paso County, Texas",2019,0.25,4.51176158779199,205.778721228774,14887,"TX",203.331208969283,198.993864447087,1.50668767321459,5.32680142266445,9.60824362787706,1,2,1
"48157","Fort Bend County, Texas",2019,0.147079037800687,4.4269228083901,210.432404888333,14445,"TX",210.942863894188,207.519670477837,1.4877047170473,5.34916448463333,9.57810361290034,1,2,1
"48167","Galveston County, Texas",2019,0.25,4.46803225910915,210.538651277073,5938,"TX",206.73004103685,211.506892177338,1.49694810121427,5.34966925278515,8.68912765532371,1,2,1
"48185","Grimes County, Texas",2019,0.318181818181818,3.65309341802965,333.285524758866,334,"TX",332.122420420017,331.048457023941,1.29557432044802,5.80899955430417,5.8111409929767,1,2,1
"48201","Harris County, Texas",2019,0.31276031806134,4.61764223003491,176.569373845298,104122,"TX",174.217020803491,172.028559489269,1.52988423500668,5.17371385209614,11.5533185675295,1,2,1
"48215","Hidalgo County, Texas",2019,0.636363636363636,4.43920365641167,206.718749725272,12346,"TX",208.198429708536,200.623108125918,1.49047500369377,5.33135917242034,9.42108740295384,1,2,1
"48245","Jefferson County, Texas",2019,0.150793650793651,4.46724198333866,204.78810854116,5577,"TX",203.139204430159,202.361147700467,1.49677121223446,5.32197582771572,8.62640627638955,1,2,1
"48339","Montgomery County, Texas",2019,0.282828282828283,4.54288727536359,179.962588406372,12300,"TX",180.814027604434,180.124212610274,1.51356277365049,5.19274898710121,9.41735454136051,1,2,1
"48375","Potter County, Texas",2019,NA,4.46646657943,199.417372310306,3405,"TX",197.456438335777,197.603918039238,1.4965976216354,5.29539997665305,8.13300021858361,1,2,1
"48381","Randall County, Texas",2019,NA,4.35005775812012,197.198260711157,2558,"TX",200.393174366635,197.224284508108,1.47018912274121,5.2842096222065,7.84698098213879,1,2,1
"48439","Tarrant County, Texas",2019,0.338485316846986,4.58181052976467,185.533475240416,43343,"TX",184.159459162796,183.265059494108,1.52209423218651,5.2232353252837,10.6769004928147,1,2,1
"48453","Travis County, Texas",2019,0.246202200104767,4.5255358287062,183.764094099057,37401,"TX",182.305813247208,180.354592976601,1.50973598532505,5.21365283773136,10.5294527210131,1,2,1
"48473","Waller County, Texas",2019,0.454545454545455,4.1770187879867,206.987380751117,728,"TX",204.557114833258,212.618870627529,1.42959778346679,5.33265782885209,6.59030104819669,1,2,1
"48491","Williamson County, Texas",2019,0.422727272727273,4.43950637119298,197.464370093889,11869,"TX",194.575159297713,191.744369804406,1.4905431926042,5.28555816347841,9.38168523805651,1,2,1
"49035","Salt Lake County, Utah",2019,0.339563862928349,4.58705204041231,168.117564434088,32950,"UT",165.832004560577,164.095879793479,1.5232375607463,5.12466352296374,10.4027465399307,1,2,1
"49049","Utah County, Utah",2019,0.43125,4.43855798814834,192.458387555475,14712,"UT",189.326556830022,186.371876303566,1.49032954624845,5.25987996181706,9.59641876628416,1,2,1
"49051","Wasatch County, Utah",2019,0.172413793103448,3.91111569516116,293.215279844541,956,"UT",294.886929422505,281.695665432147,1.3638226773254,5.68090708272193,6.8627579130514,1,2,1
"50007","Chittenden County, Vermont",2019,0.166666666666667,4.59249859075145,157.41489357706,5581,"VT",155.79112267028,153.631419354906,1.5244242312484,5.05888495397867,8.62712325078843,1,2,1
"51003","Albemarle County, Virginia",2019,0.361111111111111,4.39956494333613,183.014251421283,2767,"VA",179.938563327032,178.685598593425,1.48150565952109,5.20956402642823,7.92551897978693,1,2,1
"51013","Arlington County, Virginia",2019,0.265734265734266,4.03216913315518,354.865434589378,6346,"VA",356.692153448721,362.692310458524,1.39430447759643,5.87173866012025,8.75557997214314,1,2,1
"51041","Chesterfield County, Virginia",2019,0.257142857142857,4.41943957632285,190.56586806078,7493,"VA",189.691342264399,186.64382795768,1.4860128953636,5.24999789890271,8.92172453036431,1,2,1
"51059","Fairfax County, Virginia",2019,0.121125043538837,4.17154118357416,332.040424554298,31522,"VA",329.484621077409,340.377443060926,1.42828555591683,5.80525672220997,10.3584409937355,1,2,1
"51075","Goochland County, Virginia",2019,0.969465648854962,3.92841879433136,268.400072068826,596,"VA",261.236623067776,271.637051039698,1.36823700251042,5.59247867361025,6.39024066706535,1,2,1
"51085","Hanover County, Virginia",2019,0.139130434782609,4.37049430543138,201.870655909456,3149,"VA",199.948076121558,197.135277770559,1.47487611608169,5.30762717503062,8.05484022110102,1,2,1
"51087","Henrico County, Virginia",2019,0.522041763341067,4.49679147572127,172.961464318683,9412,"VA",172.170430081737,171.879933657522,1.50336413707176,5.15306882008241,9.14974074984725,1,2,1
"51107","Loudoun County, Virginia",2019,0.138177486599166,4.11837660690696,411.877766537849,10946,"VA",406.481871030745,419.223706788247,1.41545905826245,6.02072662216981,9.30072937170386,1,2,1
"51153","Prince William County, Virginia",2019,0.197916666666667,4.26035249366306,236.463058546235,8451,"VA",240.117377892694,235.923009947233,1.44935190184943,5.46579199508122,9.04204005654448,1,2,1
"51161","Roanoke County, Virginia",2019,0.45,4.31040401991028,194.675813051954,1902,"VA",195.204251492654,191.565969163838,1.46103163984072,5.27133567791229,7.55066124310534,1,2,1
"51181","Surry County, Virginia",2019,0.212121212121212,2.10847956774624,1363.26530612245,35,"VA",1450.61728395062,2142.85714285714,0.745967103736012,7.21763806141411,3.55534806148941,1,2,1
"51183","Sussex County, Virginia",2019,0.193548387096774,2.83566914314901,735.610957217605,114,"VA",830.289749208668,882.026627218935,1.04227793865863,6.60070138823859,4.7361984483945,1,2,1
"51510","Alexandria city, Virginia",2019,0.259259259259259,4.17090824361923,264.559482003067,4537,"VA",265.945846509844,272.106314268718,1.42813381632005,5.57806611071527,8.42002127966396,1,2,1
"51540","Charlottesville city, Virginia",2019,0.371428571428571,4.26633758869195,261.760782198134,1956,"VA",265.896755237176,264.752496429312,1.45075575163265,5.56743104163629,7.57865685059476,1,2,1
"51550","Chesapeake city, Virginia",2019,0.114285714285714,4.42186875797221,198.864132231405,5500,"VA",199.955482921438,198.39761750114,1.48656240265791,5.29262183893678,8.61250337122056,1,2,1
"51600","Fairfax city, Virginia",2019,0.114241001564945,3.90162298386473,379.066519171502,1928,"VA",381.949349773156,376.639225421058,1.36139261627823,5.9377117020078,7.56423847517049,1,2,1
"51610","Falls Church city, Virginia",2019,0.00285001781261133,3.84022080364765,341.480001960592,808,"VA",356.064260743717,360.228811558164,1.34552986589643,5.83328911788356,6.69456205852109,1,2,1
"51683","Manassas city, Virginia",2019,0.0454545454545455,4.08139972974088,254.847494975986,1436,"VA",259.024676428683,262.791397587186,1.40644000059559,5.54066530733215,7.26961674960817,1,2,1
"51685","Manassas Park city, Virginia",2019,0.0434782608695652,2.89041886389981,750.201500403001,254,"VA",755.428978284087,798.03466796875,1.06140142722766,6.62034183764979,5.53733426701854,1,2,1
"51740","Portsmouth city, Virginia",2019,0.0606060606060606,4.20933849097327,238.609103572418,1579,"VA",235.534563107816,236.134650923546,1.43730550731353,5.47482666305339,7.36454701425564,1,2,1
"51760","Richmond city, Virginia",2019,0.553191489361702,4.51211731427913,198.392523112551,6247,"VA",198.610963913996,196.895551299906,1.50676651436288,5.290247508216,8.73985662749357,1,2,1
"51770","Roanoke city, Virginia",2019,0.545454545454545,4.46033516781436,190.302989755671,3054,"VA",193.054279554168,189.973767271795,1.49522391294253,5.24861748492841,8.02420748577858,1,2,1
"51800","Suffolk city, Virginia",2019,0.108108108108108,4.16298148412359,243.973296502758,1583,"VA",249.666731312966,246.444933357146,1.42623152047861,5.49705877874168,7.36707705988101,1,2,1
"53011","Clark County, Washington",2019,0.818181818181818,4.47277158491809,184.203601113371,11390,"WA",180.493979547749,179.300815916892,1.49800825784795,5.21604167364841,9.34049105644123,1,2,1
"53033","King County, Washington",2019,1,4.53841770916138,187.90858497106,70479,"WA",187.291924975874,184.366205142184,1.51257842909413,5.23595559441807,11.1630700720872,1,2,1
"53053","Pierce County, Washington",2019,0.702702702702703,4.4713954404535,195.804891935761,18506,"WA",196.067682118102,192.247473299754,1.4977005389801,5.27711871413446,9.82585028280898,1,2,1
"53061","Snohomish County, Washington",2019,0.23463687150838,4.44189879029209,212.694328476343,19199,"WA",213.181310881733,210.553081391455,1.49108194049679,5.35985605742353,9.86261347332616,1,2,1
"53063","Spokane County, Washington",2019,0.476190476190476,4.59577887257493,167.291621693617,13385,"WA",167.472002388994,166.161831011242,1.52513824581227,5.1197385272027,9.50188995595445,1,2,1
"53067","Thurston County, Washington",2019,0.0275590551181102,4.44015961999003,196.02675893887,6375,"WA",195.280663996194,192.86368795785,1.49069032624614,5.27825117511011,8.76013937002663,1,2,1
"54039","Kanawha County, West Virginia",2019,0.488372093023256,4.51025378530082,183.574186856748,4566,"WV",187.792297387272,184.57614292082,1.50635342361672,5.2126188738399,8.42639282708974,1,2,1
"55025","Dane County, Wisconsin",2019,0.961783439490446,4.59319467413029,168.520726330484,14245,"WI",167.677204124326,168.81551775163,1.5245757894074,5.12705874715662,9.56416124693201,1,2,1
"55073","Marathon County, Wisconsin",2019,1,4.57651927915572,157.241113583953,3336,"WI",154.639642908985,157.324723059305,1.52093872647574,5.05778038259391,8.11252776347864,1,2,1
"55079","Milwaukee County, Wisconsin",2019,0.475961538461538,4.60975576839339,170.223070007883,19768,"WI",168.161830065989,167.362460088085,1.52817487694861,5.13710975341598,9.89181974766845,1,2,1
"55089","Ozaukee County, Wisconsin",2019,0.19047619047619,4.46280718133451,173.722589119273,2722,"WI",170.049591767088,166.528578380198,1.49577798089005,5.15745971153479,7.90912218321141,1,2,1
"55101","Racine County, Wisconsin",2019,0.153846153846154,4.56522529413552,164.967448582061,3943,"WI",166.507135661993,161.909754289673,1.51846786532323,5.10574817311722,8.27969713387763,1,2,1
"55133","Waukesha County, Wisconsin",2019,0.137931034482759,4.63544996597251,152.460292791954,12561,"WI",151.997254888871,150.583172999348,1.53373327434308,5.02690418700925,9.43835205468725,1,2,1
"55141","Wood County, Wisconsin",2019,0.9,4.42390123639308,174.53084642094,1694,"WI",178.509244820673,178.049911299623,1.48702193946656,5.16210149634102,7.434847875212,1,2,1
"01017","Chambers County, Alabama",2020,0.22,3.53049074445461,476.042616778901,454,"AL",475.85885630126,445.296398891967,1.26143688237463,6.16550738127187,6.11809719804135,1,3,1
"01073","Jefferson County, Alabama",2020,0.65,4.55260397912241,182.53083397234,16450,"AL",184.954900785328,186.172048951986,1.51569937236372,5.20691911202464,9.70808075619352,1,3,1
"01081","Lee County, Alabama",2020,0.209876543209877,4.34341367657271,233.934562624463,2885,"AL",233.307032395993,232.073599149565,1.46866060035727,5.45504142934521,7.9672801789422,1,3,1
"01087","Macon County, Alabama",2020,0.242424242424242,2.93780723724554,619.554113334535,129,"AL",621.748178980229,639.958376690947,1.07766346540372,6.4290000472698,4.85981240436167,1,3,1
"01089","Madison County, Alabama",2020,0.285714285714286,4.42237307650781,204.816373505847,8591,"AL",205.951427502371,204.141983476146,1.48667644715049,5.32211383872864,9.05847042263806,1,3,1
"01101","Montgomery County, Alabama",2020,0.22972972972973,4.51942884894313,180.428236734925,5413,"AL",183.018261756053,183.215707250275,1.50838562500664,5.19533311830096,8.59655874679698,1,3,1
"01117","Shelby County, Alabama",2020,0.28,4.49140656089015,174.175909885797,5235,"AL",172.344190639447,171.275722914602,1.50216591792851,5.16006576487726,8.56312212330464,1,3,1
"04013","Maricopa County, Arizona",2020,1,4.52931720839737,187.269145136062,100148,"AZ",186.571920044747,183.824346289675,1.51057120151145,5.23254686088808,11.5144043708496,1,3,1
"04019","Pima County, Arizona",2020,0.475,4.5291463894491,182.734544313287,20336,"AZ",184.747702451387,183.470446150218,1.51053348673864,5.20803452221229,9.92014799342924,1,3,1
"04021","Pinal County, Arizona",2020,1,4.46700267749294,189.801546603107,3876,"AZ",188.180005609616,186.482811200154,1.49671764176379,5.24597903473645,8.26255897301066,1,3,1
"05007","Benton County, Arkansas",2020,0.863636363636364,4.31886500550296,263.75923058277,6991,"AR",269.875827742536,281.480143495074,1.46299263752874,5.5750366816481,8.85237888651199,1,3,1
"05119","Pulaski County, Arkansas",2020,0.299539170506912,4.53226692069083,183.199504080354,12184,"AR",182.039751927148,178.73943775414,1.51122223831817,5.2105757452514,9.407878894575,1,3,1
"06001","Alameda County, California",2020,0.200784826684107,4.58171439980966,192.104933446339,41169,"CA",196.914518686512,196.052308529731,1.52207325118723,5.2580417511019,10.6254408249377,1,3,1
"06013","Contra Costa County, California",2020,0.151996565049377,4.45032752794163,196.40643910336,24731,"CA",199.086917367714,197.801634138826,1.49297769525431,5.28018618104158,10.1158127964145,1,3,1
"06017","El Dorado County, California",2020,0.13,4.31893236094528,224.193757187986,4614,"CA",226.608618668355,223.36707855721,1.46300823304215,5.41251066541535,8.4368504387337,1,3,1
"06019","Fresno County, California",2020,0.5,4.51543297528683,198.464536258951,17575,"CA",198.669316379458,197.984374416544,1.50750107934461,5.29061042552081,9.77423271667887,1,3,1
"06029","Kern County, California",2020,0.96,4.49966693450105,208.674904852411,13368,"CA",207.449125968172,208.908645099664,1.50400337948174,5.34077756177604,9.50061907027523,1,3,1
"06037","Los Angeles County, California",2020,0.287047619047619,4.5557585673249,186.704004394444,291291,"CA",187.096341076397,184.009275524116,1.51639205193429,5.22952449860071,12.5820780464867,1,3,1
"06041","Marin County, California",2020,0.31740614334471,4.40316569161725,199.434301486225,9947,"CA",198.279714753383,196.322911056137,1.48232375759345,5.29548486623502,9.20502627715241,1,3,1
"06053","Monterey County, California",2020,0.275862068965517,4.46889441710276,202.848866144648,8804,"CA",207.772996541709,208.027008446201,1.4971410440519,5.31246120001223,9.08296144264635,1,3,1
"06059","Orange County, California",2020,0.306522473808719,4.53052708439667,189.535671108477,101536,"CA",189.22484704899,187.97433500566,1.51083828689777,5.24457724484738,11.5281686943829,1,3,1
"06061","Placer County, California",2020,0.425,4.42111653194075,199.110075837407,11305,"CA",201.822872636087,200.966042871273,1.48639227322568,5.29385781670783,9.33300038471207,1,3,1
"06065","Riverside County, California",2020,0.397849462365591,4.53599513697686,198.766609752705,41706,"CA",202.168652414847,201.636423947028,1.51204449432983,5.29213132112537,10.6384002823285,1,3,1
"06067","Sacramento County, California",2020,0.153236459709379,4.5040533144721,195.740957351605,31267,"CA",199.629666817044,197.553618953649,1.5049777279059,5.27679213892065,10.3503185072502,1,3,1
"06071","San Bernardino County, California",2020,0.307443365695793,4.61082594488394,188.392489041087,37943,"CA",190.394245680366,187.934843343385,1.52840700470988,5.23852749426202,10.5438403125823,1,3,1
"06073","San Diego County, California",2020,0.594368340943683,4.52620417633076,190.824135143594,88518,"CA",190.93262766525,189.788294873173,1.50988365806541,5.25135224547772,11.3909612001456,1,3,1
"06075","San Francisco County, California",2020,1,4.35558250329939,242.923093292785,34551,"CA",245.039320977636,243.527995912708,1.47145835642306,5.49274490474043,10.450191772337,1,3,1
"06077","San Joaquin County, California",2020,0.322033898305085,4.51415389150652,202.323567357251,12136,"CA",198.314956647057,199.044676204058,1.50721776986263,5.30986823445839,9.40393152102837,1,3,1
"06081","San Mateo County, California",2020,0.1923828125,4.48688145553905,196.036422891716,21389,"CA",197.72768296851,198.19936313331,1.50115790710819,5.27830047304624,9.97063205016546,1,3,1
"06083","Santa Barbara County, California",2020,0.434343434343434,4.53888251658903,188.492126020571,11903,"CA",193.145704062611,192.08693000563,1.51268084003493,5.23905623424144,9.38454574816788,1,3,1
"06085","Santa Clara County, California",2020,0.273358611055677,4.43467780132533,217.226441843251,48900,"CA",220.669629719258,220.210756285431,1.48945496404137,5.38094032025993,10.797532675463,1,3,1
"06087","Santa Cruz County, California",2020,0.444444444444444,4.49085558498388,193.714270843854,6914,"CA",194.554424498654,191.369939491466,1.50204323704969,5.26638424268026,8.84130362048157,1,3,1
"06095","Solano County, California",2020,0.196078431372549,4.51052667338753,197.709021001738,7188,"CA",202.300092577676,199.218001476417,1.50641392571807,5.28679635888639,8.88016824790345,1,3,1
"06097","Sonoma County, California",2020,0.417582417582418,4.54062404227587,188.729545067775,14148,"CA",190.072330599517,186.761189279295,1.51306445685307,5.24031501175477,9.55732855032537,1,3,1
"06111","Ventura County, California",2020,0.185022026431718,4.56896161175866,176.873838524826,21673,"CA",178.710575152072,179.716635852638,1.51928596065454,5.17543670173185,9.9838225251884,1,3,1
"08001","Adams County, Colorado",2020,0.461538461538462,4.54652764853345,177.252760210798,10559,"CO",176.758969607466,172.851187594743,1.514363787444,5.17757673770734,9.26473385580652,1,3,1
"08005","Arapahoe County, Colorado",2020,0.266331658291457,4.46335071487588,180.91359164982,19342,"CO",181.169089818595,179.979395581593,1.4958997653237,5.19801952307705,9.87003417627691,1,3,1
"08013","Boulder County, Colorado",2020,0.335195530726257,4.41332060586686,217.788356219818,12942,"CO",214.462047751769,215.44292508918,1.48462737796957,5.3835237481874,9.46823311561721,1,3,1
"08014","Broomfield County, Colorado",2020,0.366666666666667,4.25280762678997,218.814817002731,2208,"CO",223.298836301593,215.100112304437,1.44757938289249,5.38822578764588,7.69984240739699,1,3,1
"08031","Denver County, Colorado",2020,0.386167146974063,4.50390659770035,196.535979474952,26722,"CO",194.226925672641,190.351595918183,1.50494515298922,5.28084551620196,10.1932424751488,1,3,1
"08035","Douglas County, Colorado",2020,0.205741626794258,4.31355238749321,221.007379054819,9872,"CO",219.992228234644,220.2983681334,1.46176178446902,5.39819609034866,9.19745774614517,1,3,1
"08041","El Paso County, Colorado",2020,0.333333333333333,4.45315367751973,192.658081471267,18105,"CO",189.444688201266,187.651191127066,1.49361253675232,5.26091701917373,9.80394342219974,1,3,1
"08059","Jefferson County, Colorado",2020,0.575,4.42741770449255,197.073304687459,17591,"CO",194.776816326531,194.540449197495,1.48781650314864,5.28357576453657,9.7751426865989,1,3,1
"08069","Larimer County, Colorado",2020,0.8,4.48990110588562,185.347860779315,11257,"CO",184.178958883002,181.948025692055,1.50183067609637,5.22223438801039,9.3287454363548,1,3,1
"08123","Weld County, Colorado",2020,0.375,4.49729256584804,181.145202833577,6636,"CO",180.099059027319,178.656620369628,1.50347556367729,5.19929893525473,8.80026465131034,1,3,1
"09001","Fairfield County, Connecticut",2020,0.357766143106457,4.51911197816725,189.34617624884,26531,"CT",188.272872395763,186.073175776949,1.50831550953512,5.24357696005275,10.186069139599,1,3,1
"09003","Hartford County, Connecticut",2020,0.0623548922056385,4.59039600187163,180.115283731836,22506,"CT",178.837152198286,176.794418506541,1.52396629526855,5.19359711105679,10.0215372193099,1,3,1
"09007","Middlesex County, Connecticut",2020,0.263157894736842,4.49479867145619,199.435196367291,4133,"CT",200.929675747367,197.370834866002,1.50292087747806,5.29548935332201,8.32675881451173,1,3,1
"09009","New Haven County, Connecticut",2020,0.320388349514563,4.56770523344645,195.735727185893,19108,"CT",196.769268111361,195.689449362315,1.51901094169163,5.27676541873057,9.85786237450985,1,3,1
"09013","Tolland County, Connecticut",2020,0.333333333333333,4.25960909303789,231.796813544931,2264,"CT",234.527089072544,227.38354819282,1.44917739387319,5.44586118424055,7.72488843932307,1,3,1
"10003","New Castle County, Delaware",2020,0.286885245901639,4.56756017739167,166.398332622121,16692,"DE",167.093005771355,169.52226243565,1.51897918431004,5.11438450803715,9.72268484171144,1,3,1
"11001","District of Columbia, District of Columbia",2020,0.560869565217391,4.16223242074665,274.530703997702,23996,"DC",279.051156556595,280.319161795697,1.4260515699362,5.6150631089665,10.085642428773,1,3,1
"12001","Alachua County, Florida",2020,0.361702127659574,4.44283833757735,199.05260427718,6299,"FL",198.808505365904,196.920208431734,1.49129343742129,5.29356913289342,8.74814616962193,1,3,1
"12009","Brevard County, Florida",2020,0.0687830687830688,4.47509823764896,193.58025687047,14573,"FL",192.416808483368,190.733031401784,1.49852830403312,5.26569219066742,9.5869257805337,1,3,1
"12011","Broward County, Florida",2020,0.801195814648729,4.52810695144179,180.00166813243,64510,"FL",177.850627187727,177.233900548455,1.51030396064,5.19296611824966,11.0745755295263,1,3,1
"12031","Duval County, Florida",2020,0.18864774624374,4.51526815914984,179.91418799901,26596,"FL",179.403360816965,177.771006635011,1.50746457805096,5.19248000387791,10.1885161075223,1,3,1
"12057","Hillsborough County, Florida",2020,0.128071900014043,4.52740046696928,172.281094516529,39585,"FL",171.805583630943,170.107512115379,1.51014792642981,5.14912741329162,10.5862055376055,1,3,1
"12065","Jefferson County, Florida",2020,0.0909090909090909,3.15426712284486,505.142857142857,175,"FL",485.492674518817,486.505190311419,1.14875617831058,6.22484127470222,5.16478597392351,1,3,1
"12069","Lake County, Florida",2020,0.214285714285714,4.43142543676926,199.000202772091,7820,"FL",197.866673851046,194.202805565762,1.4887213013229,5.2933058436792,8.96443983353936,1,3,1
"12071","Lee County, Florida",2020,0.536585365853659,4.3924429229112,212.093345716067,19985,"FL",210.910941805957,207.695239238667,1.47988554677982,5.35702648774547,9.90273727114542,1,3,1
"12073","Leon County, Florida",2020,0.180851063829787,4.3878225950036,204.647562669204,7743,"FL",206.720652359812,205.897199620952,1.47883311201583,5.32128929311525,8.95454448838672,1,3,1
"12081","Manatee County, Florida",2020,0.4,4.44828928772025,190.715835537078,9683,"FL",191.079862235153,188.540134392145,1.49251959254031,5.25078454815766,9.17812704961153,1,3,1
"12086","Miami-Dade County, Florida",2020,0.28694900605013,4.57604429320543,168.928354052668,90307,"FL",167.511768542864,166.591103303577,1.52083493348988,5.12947468451813,11.4109702557804,1,3,1
"12095","Orange County, Florida",2020,0.225997045790251,4.52893715253377,180.215337295884,41047,"FL",179.605518968609,178.987635063503,1.51048728780166,5.19415245418213,10.6224730306022,1,3,1
"12097","Osceola County, Florida",2020,0.28125,4.31045850780989,232.935039671583,7046,"FL",237.001943209271,232.806729601153,1.46104428077994,5.45075961500106,8.86021535890118,1,3,1
"12099","Palm Beach County, Florida",2020,0.0907457322551662,4.45574722389895,194.674515364929,51429,"FL",193.063075454825,191.787649506184,1.49419477388374,5.2713290120028,10.8479574946756,1,3,1
"12101","Pasco County, Florida",2020,0.463414634146341,4.43112544742454,193.959461839961,10440,"FL",192.336022676756,191.445604753364,1.48865360312883,5.2676491776404,9.25339986143663,1,3,1
"12103","Pinellas County, Florida",2020,0.298245614035088,4.52441838198047,183.145667621877,29856,"FL",181.795740443581,180.015571395963,1.50948903452168,5.21028183413684,10.3041411036471,1,3,1
"12105","Polk County, Florida",2020,0.774193548387097,4.54869073806196,170.356726863682,12408,"FL",169.034978906316,168.760647164687,1.51483944167843,5.13789463181386,9.42609670485638,1,3,1
"12115","Sarasota County, Florida",2020,0.576923076923077,4.38800661508844,204.432229002783,14386,"FL",203.510201074858,203.965544381772,1.47887504995251,5.32023652203883,9.5740107904273,1,3,1
"12117","Seminole County, Florida",2020,0.192192192192192,4.46997114318022,183.248227801098,14166,"FL",183.451659143449,181.211836985558,1.49738195294026,5.21084166978465,9.55860000631357,1,3,1
"13057","Cherokee County, Georgia",2020,0.166219839142091,4.36086054023575,207.040621730046,5746,"GA",203.870754473322,199.010740598028,1.47266940949943,5.33291501425454,8.65625923953924,1,3,1
"13063","Clayton County, Georgia",2020,0.260869565217391,4.33404849757157,219.831202936954,3845,"GA",219.407015473319,222.458203616186,1.4665020930773,5.39285999248076,8.25452888193974,1,3,1
"13067","Cobb County, Georgia",2020,0.323619631901841,4.48914625117156,183.770716696722,21382,"GA",183.906109640334,184.290655307784,1.50166253916918,5.21368887566557,9.97030472557345,1,3,1
"13089","DeKalb County, Georgia",2020,0.277930654925702,4.47894200246822,196.179308131954,17755,"GA",197.638985938464,195.922715976545,1.49938685837335,5.27902907842975,9.78442244537719,1,3,1
"13113","Fayette County, Georgia",2020,0.215909090909091,4.356378390562,201.849843610702,3614,"GA",200.305413621069,199.167330883495,1.47164106781824,5.30752407251887,8.19257047115217,1,3,1
"13117","Forsyth County, Georgia",2020,0.159457478005865,4.33658204321652,229.400039422862,6881,"GA",225.030402538149,222.424318727476,1.46708649018779,5.43546737654731,8.83651926920248,1,3,1
"13121","Fulton County, Georgia",2020,0.243104021269525,4.45119811515846,206.217635466744,38979,"GA",205.904199617072,205.58468950022,1.49317329930119,5.3289320939526,10.5707783185508,1,3,1
"13135","Gwinnett County, Georgia",2020,0.143026004728132,4.48540625679183,188.555542212348,25555,"GA",188.835505946273,186.245037665546,1.50082907263302,5.23939261713261,10.1485882712024,1,3,1
"13151","Henry County, Georgia",2020,0.0606060606060606,4.28962764676959,232.129792238434,4083,"GA",236.800987945985,238.274911740873,1.45619993354816,5.44729666453649,8.31458729131958,1,3,1
"13217","Newton County, Georgia",2020,0.285714285714286,4.18541024594069,243.287758822684,1406,"GA",246.170271346098,253.041244159027,1.43160472684091,5.49424493542338,7.24850407237061,1,3,1
"13247","Rockdale County, Georgia",2020,0.266666666666667,4.33110222015258,211.732772055737,2085,"GA",215.853135021843,217.677843523997,1.4658220639287,5.35532497039104,7.6425241342329,1,3,1
"13285","Troup County, Georgia",2020,0.16,4.23658825837674,229.624973130375,1359,"GA",242.053938864744,233.2689412727,1.4437582892912,5.43644742652004,7.21450441415114,1,3,1
"15003","Honolulu County, Hawaii",2020,0.413333333333333,4.4565110884274,223.507627526799,21158,"HI",223.96922271772,220.808788094854,1.49436619273261,5.40944554110798,9.95977336354672,1,3,1
"16001","Ada County, Idaho",2020,0.686390532544379,4.50274794053999,178.330003574383,15220,"ID",175.947023494121,175.337185328957,1.50468786385665,5.18363578650806,9.63036563141568,1,3,1
"16015","Boise County, Idaho",2020,0.789855072463768,2.79271902563153,716.481114677959,121,"ID",712.43895432347,752.373995617239,1.02701568241511,6.574351889179,4.79579054559674,1,3,1
"16039","Elmore County, Idaho",2020,0.789855072463768,3.77957713713773,298.909486707862,381,"ID",280.219184027778,294.94150601417,1.32961213489167,5.70014080752113,5.9427993751267,1,3,1
"17031","Cook County, Illinois",2020,0.375,4.55640344366526,182.972662180833,133801,"IL",181.755637359256,180.871552574016,1.51653359382976,5.20933675469209,11.8041089004899,1,3,1
"17043","DuPage County, Illinois",2020,0.189097103918228,4.56514654778706,169.13349898371,33886,"IL",167.283078132113,166.73031547549,1.51845061600418,5.13068833790363,10.4307572287181,1,3,1
"17089","Kane County, Illinois",2020,0.218954248366013,4.56464380301747,172.364472775512,12887,"IL",171.392755477788,169.878980702328,1.51834048318606,5.14961126260537,9.46397433028839,1,3,1
"17093","Kendall County, Illinois",2020,0.150684931506849,4.19072488913013,247.516707212748,2202,"IL",240.286206685244,230.901427999165,1.43287372353614,5.51147808362035,7.69712131728263,1,3,1
"17097","Lake County, Illinois",2020,0.449678800856531,4.51935440698334,181.607329617866,19710,"IL",180.517776181853,177.614568152107,1.5083691533295,5.20184682668456,9.88888140014677,1,3,1
"17111","McHenry County, Illinois",2020,0.470588235294118,4.50226620282394,187.148216163267,7961,"IL",185.963246624372,184.241446145327,1.50458087063958,5.2319009027168,8.98230989908858,1,3,1
"17113","McLean County, Illinois",2020,0.106854838709677,4.41939802824425,196.120936447313,3381,"IL",194.749564555139,187.074100378306,1.48600349410962,5.27873149164066,8.12592680270789,1,3,1
"17143","Peoria County, Illinois",2020,0.4625,4.49658809990173,184.461207389941,4180,"IL",182.004854271176,177.302468591712,1.50331890917543,5.21743918332416,8.3380665255188,1,3,1
"17161","Rock Island County, Illinois",2020,0.260869565217391,4.43729291990075,201.835164657853,2977,"IL",206.148058440053,198.24646925331,1.49004448777479,5.30745134773319,7.99867136101578,1,3,1
"17163","St. Clair County, Illinois",2020,0.521739130434783,4.48610177684845,186.02672993359,4959,"IL",186.066198821258,187.734031852717,1.50098412350192,5.22589037270838,8.50895938648913,1,3,1
"17167","Sangamon County, Illinois",2020,0.170634920634921,4.47654536172137,187.624930158294,4742,"IL",190.625734452486,186.485521517091,1.49885162434161,5.23444491771262,8.46421426662535,1,3,1
"17197","Will County, Illinois",2020,0.248618784530387,4.48614388843773,199.812091577737,15774,"IL",194.903433109671,188.280878382422,1.50099351058089,5.29737738279038,9.66611829395794,1,3,1
"18003","Allen County, Indiana",2020,0.346153846153846,4.62623531085012,158.073519519163,9291,"IN",156.863525751271,157.977971785951,1.53174342953894,5.06306023821468,9.13680146864131,1,3,1
"18005","Bartholomew County, Indiana",2020,0.583333333333333,4.42259442033254,187.590594162957,1807,"IN",189.909531080946,188.141072247514,1.4867264968143,5.23426189759107,7.49942329059223,1,3,1
"18011","Boone County, Indiana",2020,0.464285714285714,4.3394707937985,192.892111276437,1552,"IN",205.897045188278,203.413047836126,1.46775240376462,5.26213102367077,7.34729970074316,1,3,1
"18057","Hamilton County, Indiana",2020,0.326666666666667,4.39131615127449,203.500278729394,9451,"IN",202.399238592473,200.808967887596,1.47962898882249,5.31566737455933,9.15387583499506,1,3,1
"18063","Hendricks County, Indiana",2020,0.27027027027027,4.37210345433313,210.249307479224,3420,"IN",205.780127030076,207.010161899701,1.47524423296505,5.34829400505084,8.13739583005665,1,3,1
"18085","Kosciusko County, Indiana",2020,0.465116279069767,4.49065928774661,179.381024578823,1879,"IN",182.817224857371,187.37383772368,1.50199952566245,5.18951217245202,7.53849499941346,1,3,1
"18097","Marion County, Indiana",2020,0.187604690117253,4.63469676570046,162.882054189976,23423,"IN",166.335176951131,165.506696207183,1.53357077415931,5.09302634495979,10.0614737245929,1,3,1
"18157","Tippecanoe County, Indiana",2020,0.380952380952381,4.43259440560418,210.666021659748,3580,"IN",221.266433279667,218.095685152577,1.48898505724008,5.35027404373236,8.18311807939475,1,3,1
"19049","Dallas County, Iowa",2020,0.163461538461538,4.17621315489131,217.364370172987,2126,"IA",221.998216426176,217.237135355635,1.42940489211565,5.38157507060694,7.66199755890189,1,3,1
"19113","Linn County, Iowa",2020,0.5,4.5727539551441,165.839143310179,5626,"IA",168.055710354754,168.320561316722,1.52011563941128,5.11101830235308,8.6351539890498,1,3,1
"19153","Polk County, Iowa",2020,0.251633986928105,4.57395414704051,161.561700752197,13430,"IA",162.254083634893,162.58694899841,1.52037807085435,5.08488711770218,9.50524628951728,1,3,1
"19169","Story County, Iowa",2020,0.043956043956044,4.39853641552519,187.738175836727,2038,"IA",190.533037154535,191.977382675878,1.48127185275446,5.23504831042789,7.61972421378267,1,3,1
"20091","Johnson County, Kansas",2020,0.239700374531835,4.49208083397759,174.44477731291,18075,"KS",174.338006297888,174.06364492227,1.5023160318117,5.16160822916749,9.80228504702696,1,3,1
"20173","Sedgwick County, Kansas",2020,0.441176470588235,4.57658339796952,176.897864924103,12208,"KS",173.58236571961,174.36494629493,1.52095273676625,5.17557253169835,9.40984675352424,1,3,1
"20177","Shawnee County, Kansas",2020,0.4,4.5119263759913,170.165322733934,3986,"KS",171.650975099269,169.664879069749,1.50672419668481,5.13677045116165,8.29054350077274,1,3,1
"21015","Boone County, Kentucky",2020,0.153846153846154,4.50587420298939,179.897223961604,3011,"KY",181.750800403491,181.882820903621,1.50538192395266,5.19238570982911,8.01002752848173,1,3,1
"21029","Bullitt County, Kentucky",2020,0.25974025974026,4.09506237182317,237.975121687399,1075,"KY",236.04197060964,235.857865128039,1.40978194840349,5.47216613748254,6.98007594056176,1,3,1
"21067","Fayette County, Kentucky",2020,0.40625,4.55735987516341,172.065955969868,8758,"KY",174.386064637468,177.091471904334,1.51674348111083,5.14787786825066,9.07772284736134,1,3,1
"21111","Jefferson County, Kentucky",2020,0.229166666666667,4.60377111551691,169.07547816923,19831,"KY",169.012987057276,169.597200621561,1.52687577535732,5.13034523160564,9.89500164888583,1,3,1
"21117","Kenton County, Kentucky",2020,0.27027027027027,4.40822908126859,195.119654839455,3078,"KY",187.932197672457,187.930800155709,1.48347303993505,5.27361298494062,8.03203531439882,1,3,1
"22033","East Baton Rouge Parish, Louisiana",2020,0.269230769230769,4.54598714557993,175.379769289248,12249,"LA",174.97782886406,173.396943545131,1.51424489779325,5.16695373285969,9.41319957998769,1,3,1
"22049","Jackson Parish, Louisiana",2020,0.04,2.91988375325447,666.666666666667,150,"LA",590.277777777778,640.955004591368,1.07154380495844,6.50229017087397,5.01063529409626,1,3,1
"22051","Jefferson Parish, Louisiana",2020,0.147058823529412,4.54430954119792,181.247180993559,11571,"LA",179.897128631653,179.693985373209,1.51387579996095,5.19986174047485,9.35625724687634,1,3,1
"22061","Lincoln Parish, Louisiana",2020,0.04,4.1961882609484,223.962270093222,1008,"LA",226.244067444539,218.555935526724,1.43417655629315,5.41147760058409,6.91572344863131,1,3,1
"22071","Orleans Parish, Louisiana",2020,0.555555555555556,4.37979962603414,269.00305003655,9718,"LA",266.449624573958,264.895497933599,1.47700297586112,5.5947227179634,9.18173511496585,1,3,1
"22111","Union Parish, Louisiana",2020,0.04,3.567515726387,355.830443558822,278,"LA",389.157024793388,377.484149395279,1.27186947859656,5.87445433525553,5.62762111369064,1,3,1
"23005","Cumberland County, Maine",2020,0.645161290322581,4.59414263870223,168.035888187026,11660,"ME",168.803054689795,168.597758111756,1.52478215269701,5.12417757675059,9.36391945990448,1,3,1
"24003","Anne Arundel County, Maryland",2020,0.371134020618557,4.46348243823794,198.239181319412,14308,"MD",196.650501487154,198.231608908082,1.49592927710236,5.28947428812761,9.56857410037891,1,3,1
"24005","Baltimore County, Maryland",2020,0.223529411764706,4.49809651986742,179.039398384512,19929,"MD",179.059153749498,178.241725102763,1.50365431170339,5.18760588432848,9.89993123633335,1,3,1
"24021","Frederick County, Maryland",2020,0.354166666666667,4.40898191902731,193.006682896023,6155,"MD",195.336638244431,195.421630562461,1.48364380544367,5.26272481470967,8.72502003861855,1,3,1
"24027","Howard County, Maryland",2020,0.25398773006135,4.33049984110699,246.59042495957,9522,"MD",245.270009207137,242.840057510823,1.46568297209735,5.50772876175082,9.16136018975446,1,3,1
"24031","Montgomery County, Maryland",2020,0.303016400963413,4.3391701608891,216.513681567071,27383,"MD",216.213984499706,214.193519960569,1.46768312266148,5.37765373975104,10.2176776618687,1,3,1
"24033","Prince George's County, Maryland",2020,0.331775700934579,4.41849517820112,202.945076484864,15614,"MD",206.891215980554,203.112411164674,1.48579918070026,5.31293538324618,9.65592322668024,1,3,1
"24510","Baltimore city, Maryland",2020,0.272401433691756,4.50997782084284,210.210806759119,12182,"MD",218.02926053473,215.647361243893,1.50629223572929,5.3481108689154,9.40771473139643,1,3,1
"25005","Bristol County, Massachusetts",2020,0.407894736842105,4.55598013039182,189.100582443329,12725,"MA",189.848221644596,189.756067395836,1.5164406843796,5.24227905574073,9.45132384141872,1,3,1
"25009","Essex County, Massachusetts",2020,0.516320474777448,4.54281726019177,190.289633964261,19088,"MA",188.735293416109,188.172545302594,1.51354736148921,5.24854730074415,9.8568151443377,1,3,1
"25013","Hampden County, Massachusetts",2020,1,4.58467130676894,173.283078181482,9292,"MA",173.911498415573,173.478003792036,1.52271841432055,5.15492654730013,9.1369090938903,1,3,1
"25017","Middlesex County, Massachusetts",2020,0.383210509452099,4.52964997322786,181.904203757354,44284,"MA",182.712925099312,181.370825230598,1.51064466790645,5.20348019552287,10.6983787169794,1,3,1
"25021","Norfolk County, Massachusetts",2020,0.119428090832632,4.52248334174429,178.484706113602,20069,"MA",180.947348337033,182.621124244431,1.50906125486301,5.1845029175131,9.90693161493868,1,3,1
"25023","Plymouth County, Massachusetts",2020,0.445378151260504,4.49547874767704,195.478362274083,12677,"MA",196.196536031224,196.422554104629,1.50307216896562,5.27544969439511,9.44754460693873,1,3,1
"25025","Suffolk County, Massachusetts",2020,0.497264021887825,4.42755149202296,216.197893020236,21802,"MA",219.733597793653,223.118355624143,1.48784672065194,5.3761941596453,9.9897569876883,1,3,1
"25027","Worcester County, Massachusetts",2020,0.314176245210728,4.57122431615435,180.255204758021,18249,"MA",181.342963146638,182.72194484392,1.51978107190496,5.19437365096605,9.81186556298882,1,3,1
"26021","Berrien County, Michigan",2020,1,4.54132512347454,182.48987254642,3368,"MI",184.81847190072,181.364539959209,1.51321884688263,5.20669467858643,8.12207437536222,1,3,1
"26045","Eaton County, Michigan",2020,0.333333333333333,4.40930249662644,199.33287605678,2053,"MI",199.522646859119,202.410682992185,1.48371651291922,5.29497617125036,7.62705741701893,1,3,1
"26065","Ingham County, Michigan",2020,0.380952380952381,4.50159082922194,193.157777777778,6000,"MI",197.106236890308,194.689278945513,1.50443085190852,5.26350735637185,8.69951474821019,1,3,1
"26075","Jackson County, Michigan",2020,0.315789473684211,4.54201950890466,167.984808921395,2911,"MI",167.744502314815,170.383627737085,1.51337173889754,5.12387355222791,7.97625194374562,1,3,1
"26077","Kalamazoo County, Michigan",2020,0.615384615384615,4.58054786194139,178.09488690407,5505,"MI",181.633082519731,182.316966685148,1.52181861148335,5.18231648075419,8.61341204915678,1,3,1
"26081","Kent County, Michigan",2020,0.34640522875817,4.68995317117226,148.849627157828,16897,"MI",149.370619484757,149.292307391359,1.54542259758366,5.00293658264056,9.73489137036065,1,3,1
"26099","Macomb County, Michigan",2020,0.401606425702811,4.53277382859554,185.15160575147,18794,"MI",184.117315324059,180.734191210632,1.51133407629425,5.22117498002777,9.84129294894301,1,3,1
"26111","Midland County, Michigan",2020,0.710526315789474,4.29982228550532,209.941794044037,1647,"MI",213.128428058849,228.204267269009,1.4585736928932,5.34683032107955,7.40671073017764,1,3,1
"26125","Oakland County, Michigan",2020,0.35038503850385,4.57895268387941,170.069539540253,38954,"MI",169.61940641664,169.058684032421,1.5214703003347,5.13620740952875,10.5701367417898,1,3,1
"26139","Ottawa County, Michigan",2020,0.521739130434783,4.6034117778208,162.107630839297,6285,"MI",160.410624,159.362983912365,1.52679771940894,5.08826050252135,8.74592112102435,1,3,1
"26159","Van Buren County, Michigan",2020,1,4.18954965956863,239.565992865636,1160,"MI",240.67854627689,230.445900861996,1.43259324834112,5.47882892321976,7.05617528410041,1,3,1
"26161","Washtenaw County, Michigan",2020,0.279228149829739,4.53656935180078,183.819259593902,8143,"MI",182.947272191463,182.945922317731,1.51217107702327,5.21395299003534,9.00491394146713,1,3,1
"26163","Wayne County, Michigan",2020,0.28169014084507,4.58779484867617,187.131035419675,32492,"MI",188.430613231714,186.632962684731,1.52339948350631,5.23180909563142,10.3887491841708,1,3,1
"27003","Anoka County, Minnesota",2020,0.428571428571429,4.50960663337002,176.142444370588,7930,"MN",175.644439162898,177.227201198207,1.50620992872836,5.17129301071141,8.97840831462889,1,3,1
"27037","Dakota County, Minnesota",2020,0.204301075268817,4.57201358097745,162.494682381616,10525,"MN",162.042498511021,161.001807228453,1.51995371639566,5.09064527742892,9.26150865855058,1,3,1
"27053","Hennepin County, Minnesota",2020,0.49493487698987,4.6088800580485,158.320471739118,40304,"MN",158.5516356181,158.878942367423,1.52798488997786,5.06462128094574,10.6042059985924,1,3,1
"27109","Olmsted County, Minnesota",2020,1,4.46140492560869,181.438888848931,3557,"MN",181.359201467464,177.467715359453,1.49546372216994,5.20091889645169,8.17667277194846,1,3,1
"27123","Ramsey County, Minnesota",2020,0.410493827160494,4.62742676240146,158.975999102246,13350,"MN",161.116435588317,156.532214545881,1.53200093873875,5.0687532417838,9.4992716638284,1,3,1
"27139","Scott County, Minnesota",2020,0.102564102564103,4.36002841268278,203.458276371573,3361,"MN",198.118744577419,194.885637900684,1.47247857401007,5.31546095374598,8.11999382772511,1,3,1
"27163","Washington County, Minnesota",2020,0.26530612244898,4.43647790580736,183.246932451475,5986,"MN",181.008793832012,179.463262653777,1.48986079718559,5.21083460093483,8.69717868841264,1,3,1
"29051","Cole County, Missouri",2020,0.2,4.40237669760361,178.586832709672,2129,"MO",181.532277408177,179.769366248066,1.48214455363738,5.18507494069474,7.66340766489348,1,3,1
"29071","Franklin County, Missouri",2020,0.225806451612903,4.4547650167093,181.291574608018,2515,"MO",181.985922783997,179.084965739426,1.49397431356292,5.20010664457955,7.83002808253384,1,3,1
"29095","Jackson County, Missouri",2020,0.330578512396694,4.55650998203324,177.121290333773,17954,"MO",178.375105489945,184.215095820794,1.5165569756755,5.17683475401607,9.79556821031663,1,3,1
"29101","Johnson County, Missouri",2020,0.0476190476190476,4.02525771962003,256.851529164024,806,"MO",243.54739892115,247.031367430086,1.39258893853998,5.54849821042495,6.69208374250663,1,3,1
"29129","Mercer County, Missouri",2020,NA,1.92507252465329,1493.05555555556,24,"MO",1776.85950413223,1311.11111111111,0.654963642174624,7.3085800075338,3.17805383034795,1,3,1
"29183","St. Charles County, Missouri",2020,0.0533333333333333,4.46464654088067,191.156978775439,8560,"MO",190.484065767597,186.536437538935,1.49619004901819,5.25309496889495,9.05485546913579,1,3,1
"29189","St. Louis County, Missouri",2020,0.313926940639269,4.48718022158886,196.584709653242,30638,"MO",192.211788033822,193.386752293336,1.50122449146223,5.2810934307986,10.3299963475726,1,3,1
"29510","St. Louis city, Missouri",2020,0.477272727272727,4.33758586128721,349.628868652615,9279,"MO",403.916038329059,420.363406815207,1.4673179401865,5.85687221660961,9.13550906135318,1,3,1
"31055","Douglas County, Nebraska",2020,0.662962962962963,4.51367815843435,175.937579229764,15950,"NE",174.907827222262,173.708785695807,1.50711237732321,5.17012926866294,9.67721410821299,1,3,1
"31109","Lancaster County, Nebraska",2020,0.815789473684211,4.49672950985636,178.369097148857,8666,"NE",178.527986576601,177.996122453054,1.50335035695939,5.18385498288143,9.06716260229985,1,3,1
"32003","Clark County, Nevada",2020,0.448087431693989,4.49741632609571,203.230380857167,48955,"NV",201.544850416898,199.128366599798,1.50350308213268,5.31434021662087,10.7986567877882,1,3,1
"32031","Washoe County, Nevada",2020,0.317073170731707,4.59973028012588,165.750407315713,13113,"NV",167.247129720606,168.632598090616,1.52599766702072,5.11048308647298,9.48135938353142,1,3,1
"33011","Hillsborough County, New Hampshire",2020,0.379661016949153,4.579880740249,172.842300624278,10929,"NH",171.390874351217,172.686860709086,1.52167295854012,5.15237962169187,9.29917508567667,1,3,1
"33015","Rockingham County, New Hampshire",2020,0.316666666666667,4.55954956216483,183.270563338492,9805,"NH",179.938073447659,180.506933427523,1.5172238384202,5.21096354914233,9.19064773863045,1,3,1
"34003","Bergen County, New Jersey",2020,0.206652512384996,4.53109365453909,181.712690077185,31619,"NJ",183.167272741062,181.203132308157,1.51096333519972,5.20242681378442,10.3615134847099,1,3,1
"34005","Burlington County, New Jersey",2020,0.252396166134185,4.53938300758122,173.506220776532,10423,"NJ",175.052820809903,173.913328691421,1.512791101404,5.15621345336393,9.25177018173932,1,3,1
"34007","Camden County, New Jersey",2020,0.328358208955224,4.50548852193188,183.170112792948,11351,"NJ",186.179969230682,189.070403937711,1.5052963251216,5.2104152991548,9.33706112475534,1,3,1
"34013","Essex County, New Jersey",2020,0.663594470046083,4.52159255602156,187.089153997411,18888,"NJ",187.748367915551,187.632486893811,1.5088642671916,5.2315852625854,9.84628207876535,1,3,1
"34017","Hudson County, New Jersey",2020,0.414224446032881,4.45084553520533,215.548340781438,13769,"NJ",217.490464892104,214.910322340862,1.49309408604024,5.37318520355943,9.53017496744437,1,3,1
"34019","Hunterdon County, New Jersey",2020,0.168539325842697,4.38726223753646,207.901162968163,3620,"NJ",210.907632315351,214.43303836689,1.47870539644872,5.33706278873078,8.19422930481982,1,3,1
"34021","Mercer County, New Jersey",2020,0.153862989713285,4.46893236692072,192.935811438966,9590,"NJ",195.046595526978,198.168173384158,1.49714953600836,5.26235755036903,9.16847616787748,1,3,1
"34023","Middlesex County, New Jersey",2020,0.253932265835341,4.46244759256062,222.109702068734,21561,"NJ",223.615667695788,227.140536599803,1.49569740307279,5.40317141328143,9.97864140613655,1,3,1
"34025","Monmouth County, New Jersey",2020,0.223372781065089,4.43252388855228,211.769386043103,19108,"NJ",209.758613291199,209.177020057448,1.48896914836,5.35549788090287,9.85786237450985,1,3,1
"34027","Morris County, New Jersey",2020,0.286318758815233,4.51329855069091,181.94133409261,16339,"NJ",180.868260735797,179.682424158763,1.50702827214472,5.20368429496355,9.70131016703082,1,3,1
"34029","Ocean County, New Jersey",2020,0.488372093023256,4.40638827701801,210.667316899687,13657,"NJ",209.128927718123,212.240687874763,1.48305536910431,5.35028019202313,9.52200748967842,1,3,1
"34031","Passaic County, New Jersey",2020,0.242718446601942,4.51171983028099,188.326057184672,11815,"NJ",187.818821608134,187.075678761306,1.50667841791521,5.23817480731433,9.37712518962101,1,3,1
"34035","Somerset County, New Jersey",2020,0.156206415620642,4.41198252322668,204.284214969352,9693,"NJ",206.095038877697,207.100123254347,1.48432414019272,5.31951223486084,9.17915925449261,1,3,1
"34039","Union County, New Jersey",2020,0.512097420285211,4.51204507000715,189.192002731205,13858,"NJ",186.25829012859,185.834675940738,1.50675050306589,5.24276238686187,9.53661796218733,1,3,1
"35001","Bernalillo County, New Mexico",2020,0.346491228070175,4.56740421162686,181.088438212301,15752,"NM",179.671948634324,180.160060765376,1.51894503732091,5.1989855208431,9.66472262031896,1,3,1
"36001","Albany County, New York",2020,0.267489711934156,4.53065699918251,184.443785829938,9269,"NY",189.144536827077,194.236087231251,1.51086696191081,5.21734473320645,9.13443077787583,1,3,1
"36005","Bronx County, New York",2020,0.444444444444444,4.10869437330576,323.207047836426,18071,"NY",328.817453425061,332.014504105893,1.41310530731158,5.77829313283377,9.80206372239816,1,3,1
"36011","Cayuga County, New York",2020,0.384615384615385,4.28383001690109,216.90048568447,1428,"NY",217.863780116457,218.415864248582,1.45484747320377,5.3794386570395,7.26403014289953,1,3,1
"36023","Cortland County, New York",2020,0.333333333333333,4.14710106813645,238.352916924345,924,"NY",239.945521551033,252.445640666099,1.42240955235295,5.47375241956356,6.82871207164168,1,3,1
"36027","Dutchess County, New York",2020,0.284090909090909,4.41874436688135,213.788482971786,7334,"NY",212.32982369813,210.092483333694,1.48585557584017,5.36498712890701,8.90027634863127,1,3,1
"36029","Erie County, New York",2020,0.655737704918033,4.60657768029816,174.555334923595,22334,"NY",177.584627166633,177.170380454897,1.52748521261758,5.16224179695448,10.0138654600057,1,3,1
"36047","Kings County, New York",2020,0.363013698630137,4.40520873382722,217.844060835306,59763,"NY",220.844636680359,223.42469021527,1.48278764392432,5.38377948955838,10.9981420193499,1,3,1
"36055","Monroe County, New York",2020,0.164179104477612,4.59646607690754,172.102182556785,17294,"NY",173.754586534005,173.405842575421,1.52528776409375,5.14808838504751,9.75811489952038,1,3,1
"36059","Nassau County, New York",2020,0.320652173913043,4.41284553826183,200.30101189277,48146,"NY",200.660920474287,199.097758602863,1.48451972814795,5.29982129454503,10.7819933400475,1,3,1
"36061","New York County, New York",2020,0.176696490582996,4.32481350800564,222.938423774038,98769,"NY",223.209898096032,223.832560225703,1.4643690199179,5.40689560675634,11.5005390693192,1,3,1
"36067","Onondaga County, New York",2020,0.755555555555556,4.59200969178939,168.675235796932,11233,"NY",171.214232446962,173.241646707855,1.52431776959635,5.12797518444897,9.32661115364157,1,3,1
"36069","Ontario County, New York",2020,0.0486111111111111,4.47859965959015,198.703621929482,2785,"NY",203.079982490549,196.867662992206,1.4993104215805,5.2918143775219,7.93200315236138,1,3,1
"36071","Orange County, New York",2020,0.5,4.51893261416645,189.324760599581,9634,"NY",192.082557846006,194.791104758183,1.50827581864867,5.2434638505046,9.17305378719017,1,3,1
"36079","Putnam County, New York",2020,0.189655172413793,4.19252430031577,261.598219374578,2748,"NY",258.033500063721,256.664460787374,1.43330301083815,5.56680981288777,7.91862865334224,1,3,1
"36081","Queens County, New York",2020,0.248520710059172,4.35456262034898,236.972761115224,49885,"NY",241.351435716746,237.60267963941,1.47122417365329,5.46794520252667,10.8174756353476,1,3,1
"36087","Rockland County, New York",2020,0.172413793103448,4.43598413817565,188.395560259177,10254,"NY",189.230607647753,186.4357274358,1.48974949377741,5.23854379636129,9.23542315234365,1,3,1
"36091","Saratoga County, New York",2020,0.295454545454545,4.4252932601929,199.682065200613,5278,"NY",200.901261295181,204.612572543646,1.48733654975382,5.29672642767873,8.57130251706327,1,3,1
"36099","Seneca County, New York",2020,0.130434782608696,3.96805825832018,275.918769179208,618,"NY",275.202287289923,276.411221392574,1.37827687135118,5.62010650783003,6.42648845745769,1,3,1
"36101","Steuben County, New York",2020,0.533333333333333,4.29885904475857,218.643495404387,1655,"NY",224.459883410466,227.157010048543,1.45834964906281,5.3874425285227,7.41155628781116,1,3,1
"36103","Suffolk County, New York",2020,0.348101265822785,4.485176365726,200.72438165101,49066,"NY",199.177200019243,196.54344869232,1.50077781819937,5.30193273148815,10.80092160956,1,3,1
"36109","Tompkins County, New York",2020,0.358974358974359,4.35052985162046,214.864218633945,2172,"NY",221.025707216458,224.561481531464,1.47029764265319,5.37000628738403,7.68340368105383,1,3,1
"36119","Westchester County, New York",2020,0.416666666666667,4.42792061373674,198.097010382929,30892,"NY",199.428548646893,198.719362312247,1.48793008644194,5.28875686213646,10.3382525296892,1,3,1
"36123","Yates County, New York",2020,0.15,3.7538838374603,309.212489985286,437,"NY",306.360473767822,320.635075879831,1.32279099401488,5.73402871041647,6.07993319509559,1,3,1
"37019","Brunswick County, North Carolina",2020,0.513513513513513,4.15601420313511,286.685482975326,2555,"NC",285.558000711289,286.865555110351,1.42455649073237,5.65838573671137,7.8458075026378,1,3,1
"37025","Cabarrus County, North Carolina",2020,0.401129943502825,4.40199174946532,208.948126450539,4645,"NC",207.605775230605,205.945526059967,1.48205710883294,5.34208602235714,8.44354665124794,1,3,1
"37037","Chatham County, North Carolina",2020,0.237762237762238,4.23168840962749,216.503203509658,1424,"NC",213.867988084512,209.504757785467,1.44260106463071,5.37760534414443,7.26122509197192,1,3,1
"37063","Durham County, North Carolina",2020,0.94347522679693,4.47957428202685,187.33198328869,7649,"NC",189.449127332057,189.017105548589,1.49952801557831,5.23288235455561,8.94233019932187,1,3,1
"37067","Forsyth County, North Carolina",2020,0.575,4.55382938736166,179.055317680263,8654,"NC",179.197258125175,178.164777504124,1.51596850259228,5.18769479541846,9.06577692078483,1,3,1
"37071","Gaston County, North Carolina",2020,0.0833333333333333,4.42288935580549,216.102367495213,4212,"NC",212.677318772513,213.859133235315,1.48679318292904,5.3757522190068,8.34569287325387,1,3,1
"37081","Guilford County, North Carolina",2020,0.983606557377049,4.63212925512267,159.910613520792,13658,"NC",160.923079213464,157.955916774969,1.53301664470059,5.07461499362706,9.52208070952103,1,3,1
"37097","Iredell County, North Carolina",2020,0.65,4.53725860091123,173.609846514048,4960,"NC",171.135111858733,168.605379361554,1.51232299727465,5.15681052016872,8.50916101971897,1,3,1
"37101","Johnston County, North Carolina",2020,0.347826086956522,4.27188785356762,231.43093956532,3555,"NC",227.28306112011,226.393420412623,1.45205584980761,5.44428151180842,8.17611034223734,1,3,1
"37119","Mecklenburg County, North Carolina",2020,0.408014571948998,4.53875824367724,174.199019762438,33746,"NC",172.62173614797,169.958263411328,1.51265346003278,5.16019843732127,10.4266171707583,1,3,1
"37129","New Hanover County, North Carolina",2020,0.534883720930233,4.45642410132068,196.987463994483,7850,"NC",196.057175364531,197.647702522672,1.49434667343736,5.28314009216745,8.96826881077645,1,3,1
"37141","Pender County, North Carolina",2020,0.620689655172414,3.9530575992093,298.290907777239,1091,"NC",301.138620661491,298.071192936428,1.3744893552201,5.69806921092623,6.99484998583307,1,3,1
"37179","Union County, North Carolina",2020,0.181818181818182,4.38804014201515,203.337823412917,5086,"NC",206.493545311655,203.823070518176,1.47888269050586,5.31486875061404,8.53424694598207,1,3,1
"37183","Wake County, North Carolina",2020,0.69690063810392,4.48528306985546,186.457223461236,30766,"NC",186.6521028646,187.708562545594,1.50080160831408,5.22820184795663,10.3341654631157,1,3,1
"38017","Cass County, North Dakota",2020,0.407407407407407,4.56294677265404,157.785080664927,5563,"ND",160.960720315344,158.093884297521,1.51796863688798,5.0612338580924,8.62389281007529,1,3,1
"39017","Butler County, Ohio",2020,0.271428571428571,4.59771667514811,177.134471191574,7227,"OH",176.393632942342,174.140109832583,1.52555980529241,5.17690916837563,8.88557929128298,1,3,1
"39025","Clermont County, Ohio",2020,1,4.44504161372808,196.534433480919,3549,"OH",192.773690368366,193.024407269422,1.49178923084062,5.28083764995722,8.1744211526465,1,3,1
"39027","Clinton County, Ohio",2020,0.391304347826087,4.04774403995013,239.434724476854,591,"OH",241.883454734651,246.527814618723,1.39815969874837,5.47828083054551,6.3818160174061,1,3,1
"39035","Cuyahoga County, Ohio",2020,0.339233038348083,4.6565705263441,162.975910634115,31643,"OH",163.187843981624,160.262958054462,1.53827923864907,5.09360240236434,10.3622722340745,1,3,1
"39041","Delaware County, Ohio",2020,0.128270580727505,4.41144518318003,208.404666826179,4824,"OH",209.504220931127,203.101475171618,1.48420234171141,5.33948170322818,8.48135873840702,1,3,1
"39049","Franklin County, Ohio",2020,0.128965801400906,4.57995258833236,174.900947411032,29411,"OH",176.29087586804,175.732554657164,1.52168864618001,5.16421979888257,10.2891240330101,1,3,1
"39055","Geauga County, Ohio",2020,0.254545454545455,4.3696952733505,197.43866281089,2615,"OH",192.370498119681,185.808777992759,1.4746932751774,5.28542796805881,7.86901937649902,1,3,1
"39057","Greene County, Ohio",2020,0.115789473684211,4.2885014329241,231.734127090226,3166,"OH",235.888632110934,230.358652336674,1.45593735558005,5.44559071058025,8.06022424044096,1,3,1
"39061","Hamilton County, Ohio",2020,0.193962748876044,4.66545139658416,159.947045459219,20707,"OH",160.451184515851,161.336951316757,1.54018459201559,5.07484279457265,9.93822708634002,1,3,1
"39085","Lake County, Ohio",2020,0.252427184466019,4.54681819483573,181.277944834369,5435,"OH",181.3679293096,189.903365935136,1.51442769050177,5.20003146024703,8.60061479955531,1,3,1
"39089","Licking County, Ohio",2020,0.479166666666667,4.45778467390616,198.714335880477,2935,"OH",196.304327976625,197.171999017937,1.49465193274424,5.29186829532197,7.9844627322622,1,3,1
"39095","Lucas County, Ohio",2020,0.380952380952381,4.563859268207,189.675454868797,9228,"OH",188.756156781131,185.45392405611,1.51816859633752,5.24531447936966,9.12999761929365,1,3,1
"39097","Madison County, Ohio",2020,0.153846153846154,3.89211542784551,271.176766532603,583,"OH",262.448516821695,272.051022376543,1.35895282160379,5.60277088326886,6.36818718635049,1,3,1
"39103","Medina County, Ohio",2020,0.347826086956522,4.53370906098521,174.36098184766,3915,"OH",169.91139859561,171.399290046019,1.51154038173913,5.16112775850632,8.2725706084249,1,3,1
"39109","Miami County, Ohio",2020,0.0909090909090909,4.45137679152863,189.158762368776,2033,"OH",186.973136088781,189.250659060294,1.49321343968126,5.24258667497977,7.61726781362835,1,3,1
"39113","Montgomery County, Ohio",2020,0.233830845771144,4.60063559680245,179.759859736328,10912,"OH",176.549920456372,175.653779308107,1.52619446716793,5.19162184759377,9.29761838008324,1,3,1
"39133","Portage County, Ohio",2020,0.347826086956522,4.4859740216716,188.38790616044,2867,"OH",184.114296085602,185.741139254997,1.50095564510301,5.23850316772749,7.96102146588337,1,3,1
"39153","Summit County, Ohio",2020,0.209944751381215,4.66291962114718,157.455547856863,13141,"OH",159.696883425698,160.018709825528,1.53964178009391,5.05914318260022,9.48349239264364,1,3,1
"39159","Union County, Ohio",2020,0.197633136094675,4.18502566236758,212.464472205698,984,"OH",207.059614155289,222.942897795914,1.43151283591011,5.35877478476648,6.89162589705225,1,3,1
"39165","Warren County, Ohio",2020,0.242647058823529,4.46099089722674,185.775668619,4367,"OH",185.780550040594,186.781978737997,1.49537091562101,5.22453986311659,8.38183155348556,1,3,1
"40109","Oklahoma County, Oklahoma",2020,0.701754385964912,4.56091267694481,176.68008090549,24041,"OK",176.477351855071,175.309120278695,1.51752275195208,5.17434064464926,10.0875159851218,1,3,1
"40139","Texas County, Oklahoma",2020,0.285714285714286,3.73059284060931,302.063212116122,378,"OK",313.221329437546,315.369644472465,1.3165671595275,5.71063630711503,5.93489419561959,1,3,1
"40143","Tulsa County, Oklahoma",2020,0.449275362318841,4.61181065170741,168.005633119612,18945,"OK",169.25782546082,165.567436773628,1.5286205459932,5.123997509315,9.8492953234527,1,3,1
"41005","Clackamas County, Oregon",2020,0.368932038834951,4.55079707088971,178.750613751083,12134,"OR",179.020579947926,176.297081620295,1.51530239803588,5.18599161514072,9.40376670850224,1,3,1
"41051","Multnomah County, Oregon",2020,0.404145077720207,4.58285043585296,188.359779863267,27536,"OR",189.9441001101,187.74644667866,1.52232117044351,5.23835385667254,10.2232495184513,1,3,1
"41067","Washington County, Oregon",2020,0.457142857142857,4.54529370249859,177.267773664581,15783,"OR",177.400575629804,174.747237667197,1.51409234655339,5.17766143493843,9.66668869039892,1,3,1
"42003","Allegheny County, Pennsylvania",2020,0.171612903225806,4.58876347501201,173.119573569802,33365,"PA",175.164486255618,175.130900784282,1.52361059235677,5.15398253244923,10.4152627253377,1,3,1
"42007","Beaver County, Pennsylvania",2020,0.0314245810055866,4.40993903655169,199.648267936707,3212,"PA",195.421996318485,198.191972403981,1.48386086545202,5.29655715797301,8.07464907506665,1,3,1
"42011","Berks County, Pennsylvania",2020,0.531914893617021,4.58248197097316,177.255298912584,8263,"PA",176.860810108826,176.170359062398,1.5222407664028,5.17759106009985,9.01954299670119,1,3,1
"42017","Bucks County, Pennsylvania",2020,0.217391304347826,4.56268271344766,173.591457799595,19322,"PA",172.738136686206,172.405961996793,1.51791076488981,5.15670459479205,9.86899962207745,1,3,1
"42019","Butler County, Pennsylvania",2020,0.352941176470588,4.60598647658327,158.809166223616,4805,"PA",162.727711672854,163.790511531699,1.5273568653506,5.06770326895838,8.47741232140439,1,3,1
"42029","Chester County, Pennsylvania",2020,0.224426534407936,4.56011364591391,168.540124850749,14716,"PA",171.414427507086,175.104725804695,1.51734754556528,5.12717385112208,9.59669061622466,1,3,1
"42041","Cumberland County, Pennsylvania",2020,0.503030303030303,4.51969969940423,177.154904888741,6116,"PA",178.358707369276,176.323475453224,1.50844555345212,5.1770245186998,8.71866356704895,1,3,1
"42043","Dauphin County, Pennsylvania",2020,0.9,4.56909509316211,170.831879205543,6857,"PA",172.959887689852,173.796659431774,1.5193151750505,5.14067991034068,8.83302530728436,1,3,1
"42045","Delaware County, Pennsylvania",2020,0.697368421052632,4.49649894449905,181.439008159024,12792,"PA",180.40430695837,182.144219109759,1.50329908163407,5.20091955402876,9.45657525451379,1,3,1
"42069","Lackawanna County, Pennsylvania",2020,0.375,4.51140496227605,186.84402335927,5055,"PA",190.280089350822,193.652069226716,1.50660862657079,5.23027416911684,8.52813313145457,1,3,1
"42071","Lancaster County, Pennsylvania",2020,1,4.62397798770856,165.270640104284,13260,"PA",167.310084125526,168.072741044075,1.53125537091509,5.10758437322737,9.49250726373985,1,3,1
"42077","Lehigh County, Pennsylvania",2020,0.333333333333333,4.56922083734857,173.268288805499,8548,"PA",175.747369431318,175.709761626543,1.51934269526045,5.15484119558953,9.05345261643904,1,3,1
"42091","Montgomery County, Pennsylvania",2020,0.191616766467066,4.5776552437052,164.830053511058,26331,"PA",165.993080008284,166.246163285608,1.52118691150924,5.10491496438713,10.1785022312602,1,3,1
"42095","Northampton County, Pennsylvania",2020,0.270833333333333,4.52438598368731,198.1458777733,6317,"PA",200.387903298581,198.248509563239,1.50948187373185,5.28900351585356,8.7509996908987,1,3,1
"42101","Philadelphia County, Pennsylvania",2020,0.0301925696822416,4.44259185964464,230.856034304061,29242,"PA",238.549293204042,240.194273161395,1.49123795829933,5.44179428811347,10.2833613109774,1,3,1
"42125","Washington County, Pennsylvania",2020,0.2109375,4.55102285331611,165.029557981997,5107,"PA",166.531414571975,167.37427509769,1.51535201062509,5.10612459714189,8.53836742664764,1,3,1
"42129","Westmoreland County, Pennsylvania",2020,0.127572016460905,4.5819766204772,171.688177181449,8297,"PA",173.56647201816,172.100945067597,1.52213048154714,5.14567990811535,9.02364928266429,1,3,1
"42133","York County, Pennsylvania",2020,0.0878378378378378,4.58498266497316,177.946340031122,8506,"PA",180.581277360953,181.568780543412,1.52278632488845,5.18148204434442,9.04852707581358,1,3,1
"44003","Kent County, Rhode Island",2020,1,4.45568535359477,194.543027842245,4571,"RI",193.79589342776,195.116961575775,1.49418088828148,5.27065336143164,8.42748727833174,1,3,1
"44007","Providence County, Rhode Island",2020,0.53475935828877,4.55590017410927,192.957883187852,15869,"RI",193.686256831843,190.664931838704,1.51642313448213,5.26247194326644,9.67212279956284,1,3,1
"45019","Charleston County, South Carolina",2020,0.317073170731707,4.4986845527859,189.040599634565,14419,"SC",191.228956894872,192.076373399291,1.50378503243885,5.24196180487196,9.57630206030665,1,3,1
"45045","Greenville County, South Carolina",2020,0.482758620689655,4.55229230497985,178.84153460751,14091,"SC",178.563882457309,179.37295947445,1.51563090938886,5.18650013222535,9.55329157469511,1,3,1
"45057","Lancaster County, South Carolina",2020,0.380952380952381,4.16966620731855,236.224954462659,1464,"SC",248.272030884199,252.361048283173,1.42783598640026,5.46478454789762,7.28892769452126,1,3,1
"45079","Richland County, South Carolina",2020,0.229050279329609,4.48710766538533,188.283028767738,9086,"SC",190.317996188462,190.63063740002,1.50120832166593,5.23794630291162,9.11449004631935,1,3,1
"45083","Spartanburg County, South Carolina",2020,0.425,4.6026049451354,175.01920622547,6655,"SC",180.020407828767,182.561860976779,1.52662243563274,5.16489571776127,8.80312373082921,1,3,1
"45091","York County, South Carolina",2020,0.538461538461538,4.48950982674288,184.84334450692,5440,"SC",184.586478146876,183.890720132898,1.50174352580424,5.21950867990308,8.60153433984999,1,3,1
"46065","Hughes County, South Dakota",2020,0.242424242424242,4.09033562879694,210.883263736515,553,"SD",211.352040816327,219.500352416008,1.40862702751845,5.35130472794189,6.31535800152233,1,3,1
"46119","Sully County, South Dakota",2020,0.242424242424242,1.60205591545873,2031.25,16,"SD",2000,2031.25,0.471287751569342,7.61640664607805,2.77258872223978,1,3,1
"47001","Anderson County, Tennessee",2020,1,4.21811905756383,228.517878795426,1431,"TN",229.374213136391,222.763944177666,1.43938930772837,5.43161445145464,7.26612877955645,1,3,1
"47037","Davidson County, Tennessee",2020,0.601279317697228,4.61116784785976,176.591446322989,20415,"TN",172.932296039723,173.697794261883,1.52848115417986,5.17383885167967,9.92402520375368,1,3,1
"47047","Fayette County, Tennessee",2020,0.333333333333333,3.83501705312765,298.140233759492,523,"TN",292.390022675737,302.56060512121,1.34417388151798,5.69756395890145,6.25958146406492,1,3,1
"47065","Hamilton County, Tennessee",2020,0.285714285714286,4.60099270589024,181.605131684903,9222,"TN",184.45508354425,183.789480349934,1.52627208584068,5.20183472394472,9.12934721276665,1,3,1
"47093","Knox County, Tennessee",2020,1,4.55528600495592,178.177166148076,11695,"TN",179.24845937865,178.716926932885,1.51628831797367,5.18277837073273,9.36691667901828,1,3,1
"47157","Shelby County, Tennessee",2020,0.401709401709402,4.57691320199656,175.74256325792,19536,"TN",178.518647207387,175.106177829778,1.52102479754075,5.16902021547356,9.88001419635049,1,3,1
"47187","Williamson County, Tennessee",2020,0.478632478632479,4.46124768360361,177.047415205012,7601,"TN",174.98455958355,175.024129339998,1.49542847659623,5.17641757921391,8.93603509656604,1,3,1
"48029","Bexar County, Texas",2020,0.284552845528455,4.52174664610653,199.19164334809,37099,"TX",198.54356023371,199.075390903698,1.50889834533055,5.29426739320672,10.5213452940544,1,3,1
"48039","Brazoria County, Texas",2020,0.541666666666667,4.48069406096677,205.920835540686,5926,"TX",211.41033525888,206.752121602287,1.4997779587503,5.3274918014381,8.68710472813351,1,3,1
"48041","Brazos County, Texas",2020,0.805342567400445,4.44781000096911,199.972556212161,4514,"TX",199.195952052,196.595574817518,1.49241184042648,5.29818013819346,8.41493895737748,1,3,1
"48057","Calhoun County, Texas",2020,0.636363636363636,3.65553657172472,349.952732747453,338,"TX",364.000891067053,371.151658098647,1.29624288727641,5.85779809607049,5.82304589548302,1,3,1
"48085","Collin County, Texas",2020,0.178919631093544,4.32557758849425,243.204348333401,26382,"TX",242.38593879769,238.255916086452,1.46454567793997,5.49390202959254,10.1804372384089,1,3,1
"48113","Dallas County, Texas",2020,0.308264862252296,4.59189047006999,176.035000741939,68063,"TX",175.921497315045,174.31289256317,1.52429180639612,5.17068284311849,11.1281890258375,1,3,1
"48121","Denton County, Texas",2020,0.181223134036733,4.44192151410553,219.284035444325,16622,"TX",220.131357524829,216.419754428042,1.49108705627191,5.39036785498246,9.71848239811297,1,3,1
"48141","El Paso County, Texas",2020,0.25,4.51085580319122,205.701292090071,15016,"TX",205.778721228774,203.331208969283,1.50648689231819,5.32642507806879,9.61687157826634,1,3,1
"48157","Fort Bend County, Texas",2020,0.147079037800687,4.4264018172248,208.182400764386,15296,"TX",210.432404888333,210.942863894188,1.48758702314406,5.33841462217755,9.63534663529118,1,3,1
"48167","Galveston County, Texas",2020,0.25,4.46033611105811,208.406059074399,6044,"TX",210.538651277073,206.73004103685,1.49522412441625,5.33948838370992,8.70682132339263,1,3,1
"48185","Grimes County, Texas",2020,0.318181818181818,3.62283426940451,355.173911590765,346,"TX",333.285524758866,332.122420420017,1.28725666684361,5.87260756132257,5.84643877505772,1,3,1
"48201","Harris County, Texas",2020,0.31276031806134,4.61396698648841,176.088851197759,105477,"TX",176.569373845298,174.217020803491,1.52908800465193,5.17098870400206,11.5662481986521,1,3,1
"48215","Hidalgo County, Texas",2020,0.636363636363636,4.44111325372695,206.197639276883,12355,"TX",206.718749725272,208.198429708536,1.4909050778373,5.32883512281161,9.42181611842271,1,3,1
"48245","Jefferson County, Texas",2020,0.150793650793651,4.47963746408804,200.644484869908,5529,"TX",204.78810854116,203.139204430159,1.4995421199578,5.30153461001525,8.61776224633793,1,3,1
"48339","Montgomery County, Texas",2020,0.282828282828283,4.53472714723698,179.870388333588,12710,"TX",179.962588406372,180.814027604434,1.51176491576741,5.19223652670563,9.4501443641835,1,3,1
"48375","Potter County, Texas",2020,NA,4.45214318750355,203.045801766573,3366,"TX",199.417372310306,197.456438335777,1.49338559540812,5.3134315780583,8.12148037475075,1,3,1
"48381","Randall County, Texas",2020,NA,4.33806649013001,198.925917708718,2614,"TX",197.198260711157,200.393174366635,1.46742873965698,5.29293248259325,7.86863689418417,1,3,1
"48439","Tarrant County, Texas",2020,0.338485316846986,4.57406667733713,185.384084812023,44229,"TX",185.533475240416,184.159459162796,1.52040267296201,5.22242980700923,10.6971359615179,1,3,1
"48453","Travis County, Texas",2020,0.246202200104767,4.51231088068265,186.632511368199,38431,"TX",183.764094099057,182.305813247208,1.50680941268272,5.22914150350593,10.5566197045578,1,3,1
"48473","Waller County, Texas",2020,0.454545454545455,4.18330639577083,208.431001014258,749,"TX",206.987380751117,204.557114833258,1.43110193763098,5.33960805608206,6.61873898351722,1,3,1
"48491","Williamson County, Texas",2020,0.422727272727273,4.4292183836962,199.54292972813,12393,"TX",197.464370093889,194.575159297713,1.4882231314013,5.29602939978777,9.42488707606487,1,3,1
"49035","Salt Lake County, Utah",2020,0.339563862928349,4.58116053646,168.547786156915,33709,"UT",168.117564434088,165.832004560577,1.52195235826788,5.1272193069567,10.4255201430002,1,3,1
"49049","Utah County, Utah",2020,0.43125,4.43452316167035,194.015293186947,15423,"UT",192.458387555475,189.326556830022,1.48942009288316,5.26793698681689,9.64361518072361,1,3,1
"49051","Wasatch County, Utah",2020,0.172413793103448,3.90630371028243,295.833432480666,1025,"UT",293.215279844541,294.886929422505,1.36259158424035,5.68979656782732,6.93244789157251,1,3,1
"50007","Chittenden County, Vermont",2020,0.166666666666667,4.58081962724947,158.025286650845,5486,"VT",157.41489357706,155.79112267028,1.52187794002977,5.06275506231555,8.60995467149755,1,3,1
"51003","Albemarle County, Virginia",2020,0.361111111111111,4.37550968748835,188.11611169063,2765,"VA",183.014251421283,179.938563327032,1.47602301302132,5.23705938755976,7.92479591395644,1,3,1
"51013","Arlington County, Virginia",2020,0.265734265734266,4.01953237519712,355.515345323003,6331,"VA",354.865434589378,356.692153448721,1.39116557128687,5.87356841377724,8.75321348054413,1,3,1
"51041","Chesterfield County, Virginia",2020,0.257142857142857,4.42305944663301,188.32080367405,7538,"VA",190.56586806078,189.691342264399,1.48683163913795,5.23814691110083,8.92771217382708,1,3,1
"51059","Fairfax County, Virginia",2020,0.121125043538837,4.17271716853229,330.499911192486,31646,"VA",332.040424554298,329.484621077409,1.42856742278056,5.80060639058516,10.3623670372789,1,3,1
"51075","Goochland County, Virginia",2020,0.969465648854962,3.93525869580469,267.464193013519,611,"VA",268.400072068826,261.236623067776,1.36997662197139,5.58898569948291,6.4150969591716,1,3,1
"51085","Hanover County, Virginia",2020,0.139130434782609,4.37316730907608,199.661103449573,3211,"VA",201.870655909456,199.948076121558,1.47548753126352,5.29662144653617,8.07433769408951,1,3,1
"51087","Henrico County, Virginia",2020,0.522041763341067,4.50536185854303,170.563972072089,9441,"VA",172.961464318683,172.170430081737,1.50526821159546,5.13911042912146,9.15281718573252,1,3,1
"51107","Loudoun County, Virginia",2020,0.138177486599166,4.10577222474398,421.453145515891,11263,"VA",411.877766537849,406.481871030745,1.41239384329863,6.04370860997215,9.3292782960477,1,3,1
"51153","Prince William County, Virginia",2020,0.197916666666667,4.2629709679621,233.001001781893,8638,"VA",236.463058546235,240.117377892694,1.44996632752345,5.45104275304956,9.06392635352065,1,3,1
"51161","Roanoke County, Virginia",2020,0.45,4.31607059643467,195.990809682411,1932,"VA",194.675813051954,195.204251492654,1.46234540417469,5.27806776875572,7.56631101477246,1,3,1
"51181","Surry County, Virginia",2020,0.212121212121212,2.33656490035313,1050,40,"VA",1363.26530612245,1450.61728395062,0.848681859512627,6.95654544315157,3.68887945411394,1,3,1
"51183","Sussex County, Virginia",2020,0.193548387096774,2.89461911254232,692.561983471074,110,"VA",735.610957217605,830.289749208668,1.06285353502632,6.54039774087343,4.70048036579242,1,3,1
"51510","Alexandria city, Virginia",2020,0.259259259259259,4.16099050305346,271.326504169077,4539,"VA",264.559482003067,265.945846509844,1.42575314762701,5.60332290810765,8.42046200245647,1,3,1
"51540","Charlottesville city, Virginia",2020,0.371428571428571,4.24728571091635,274.305689509578,1932,"VA",261.760782198134,265.896755237176,1.44628012265357,5.61424313965181,7.56631101477246,1,3,1
"51550","Chesapeake city, Virginia",2020,0.114285714285714,4.41988211872334,199.648371274785,5559,"VA",198.864132231405,199.955482921438,1.48611302576186,5.29655767557355,8.62317351495347,1,3,1
"51600","Fairfax city, Virginia",2020,0.114241001564945,3.91247215266524,376.319969459196,1915,"VA",379.066519171502,381.949349773156,1.36416943831129,5.93043976411373,7.55747290161475,1,3,1
"51610","Falls Church city, Virginia",2020,0.00285001781261133,3.82976182923038,342.076813472959,789,"VA",341.480001960592,356.064260743717,1.34280261567941,5.83503531264175,6.67076632084587,1,3,1
"51683","Manassas city, Virginia",2020,0.0454545454545455,4.06169467728357,257.806418476996,1412,"VA",254.847494975986,259.024676428683,1.401600294721,5.55220898731306,7.25276241805319,1,3,1
"51685","Manassas Park city, Virginia",2020,0.0434782608695652,2.87547408531968,744.341831425598,248,"VA",750.201500403001,755.428978284087,1.05621755989656,6.61250038015873,5.51342874616498,1,3,1
"51740","Portsmouth city, Virginia",2020,0.0606060606060606,4.22272304366026,235.817452459451,1565,"VA",238.609103572418,235.534563107816,1.44048019095964,5.46305799918733,7.35564110297425,1,3,1
"51760","Richmond city, Virginia",2020,0.553191489361702,4.51729372330439,194.925694976685,6266,"VA",198.392523112551,198.610963913996,1.50791308074928,5.2726184345436,8.74289347151214,1,3,1
"51770","Roanoke city, Virginia",2020,0.545454545454545,4.46855164856125,189.179465848946,3007,"VA",190.302989755671,193.054279554168,1.49706434013913,5.24269611927404,8.00869818298853,1,3,1
"51800","Suffolk city, Virginia",2020,0.108108108108108,4.17020084322785,239.940389821672,1596,"VA",243.973296502758,249.666731312966,1.42796419849448,5.48039051674859,7.37525577800975,1,3,1
"53011","Clark County, Washington",2020,0.818181818181818,4.46920081518975,184.745280508788,11468,"WA",184.203601113371,180.493979547749,1.49720960409275,5.21897801421806,9.34731582700326,1,3,1
"53033","King County, Washington",2020,1,4.53090774714847,187.235035218835,70152,"WA",187.90858497106,187.291924975874,1.5109223051044,5.23236470047914,11.1584195954592,1,3,1
"53053","Pierce County, Washington",2020,0.702702702702703,4.46098318765668,196.894730481562,18692,"WA",195.804891935761,196.067682118102,1.49536918740033,5.28266922287742,9.83585090382032,1,3,1
"53061","Snohomish County, Washington",2020,0.23463687150838,4.43769944772371,212.471778260872,19244,"WA",212.694328476343,213.181310881733,1.4901360997574,5.35880917136055,9.86495460281934,1,3,1
"53063","Spokane County, Washington",2020,0.476190476190476,4.58086287206358,168.805409592755,13427,"WA",167.291621693617,167.472002388994,1.52188738039492,5.1287466289988,9.50502288407271,1,3,1
"53067","Thurston County, Washington",2020,0.0275590551181102,4.44753532641861,191.355969769288,6402,"WA",196.02675893887,195.280663996194,1.49235008350969,5.25413540955223,8.76436572052981,1,3,1
"54039","Kanawha County, West Virginia",2020,0.488372093023256,4.49049762681778,186.800874454556,4492,"WV",183.574186856748,187.792297387272,1.5019635256392,5.23004320701803,8.41005331585833,1,3,1
"55025","Dane County, Wisconsin",2020,0.961783439490446,4.59049899584421,167.845370395862,14271,"WI",168.520726330484,167.677204124326,1.5239887318551,5.12304314125157,9.56598478510039,1,3,1
"55073","Marathon County, Wisconsin",2020,1,4.5560697134069,159.740178481784,3316,"WI",157.241113583953,154.639642908985,1.51646034691802,5.07354861081543,8.10651451625519,1,3,1
"55079","Milwaukee County, Wisconsin",2020,0.475961538461538,4.59903152857844,171.144963231263,19833,"WI",170.223070007883,168.161830065989,1.52584574406341,5.14251093557011,9.89510249600169,1,3,1
"55089","Ozaukee County, Wisconsin",2020,0.19047619047619,4.45155366529501,177.140393504206,2735,"WI",173.722589119273,170.049591767088,1.49325317351211,5.17694260180951,7.91388671485608,1,3,1
"55101","Racine County, Wisconsin",2020,0.153846153846154,4.54648295790502,169.803012847033,3954,"WI",164.967448582061,166.507135661993,1.51435395777804,5.13463901722415,8.28248300373056,1,3,1
"55133","Waukesha County, Wisconsin",2020,0.137931034482759,4.63242916972994,153.21627296975,12559,"WI",152.460292791954,151.997254888871,1.53308138920187,5.03185047209468,9.43819281901813,1,3,1
"55141","Wood County, Wisconsin",2020,0.9,4.38644951801986,180.177022046199,1672,"WI",174.53084642094,178.509244820673,1.47852013403264,5.19393982342659,7.42177579364465,1,3,1
"01017","Chambers County, Alabama",2021,0.22,3.66296725234599,412.797132363923,511,"AL",476.042616778901,475.85885630126,1.29827354363823,6.0229562673504,6.2363695902037,1,4,1
"01073","Jefferson County, Alabama",2021,0.65,4.55566682632333,179.143489819896,16775,"AL",182.53083397234,184.954900785328,1.51637191436028,5.18818710382133,9.72764496183988,1,4,1
"01081","Lee County, Alabama",2021,0.209876543209877,4.35532568706752,230.717412721978,3035,"AL",233.934562624463,233.307032395993,1.47139939213912,5.44119364010331,8.0179667034936,1,4,1
"01087","Macon County, Alabama",2021,0.242424242424242,2.77280585116792,740.264650283554,115,"AL",619.554113334535,621.748178980229,1.01985975017891,6.60700775778019,4.74493212836325,1,4,1
"01089","Madison County, Alabama",2021,0.285714285714286,4.43085055813056,198.559591783295,8816,"AL",204.816373505847,205.951427502371,1.48859156520549,5.29108926556828,9.0843235313927,1,4,1
"01101","Montgomery County, Alabama",2021,0.22972972972973,4.54136502777109,173.308918918481,5444,"AL",180.428236734925,183.018261756053,1.51322763377195,5.15507566059336,8.60226936377136,1,4,1
"01117","Shelby County, Alabama",2021,0.28,4.50054784921355,172.931865238118,5381,"AL",174.175909885797,172.344190639447,1.50419913363572,5.1528976743672,8.59062950948942,1,4,1
"04013","Maricopa County, Arizona",2021,1,4.51898642670346,188.824193113653,103879,"AZ",187.269145136062,186.571920044747,1.5082877268184,5.24081638699379,11.5509820392382,1,4,1
"04019","Pima County, Arizona",2021,0.475,4.51804132331671,184.648299959238,20616,"AZ",182.734544313287,184.747702451387,1.50807856437776,5.21845293442834,9.9338227523322,1,4,1
"04021","Pinal County, Arizona",2021,1,4.44014532029253,193.885898446636,4154,"AZ",189.801546603107,188.180005609616,1.49068710570414,5.26726983369697,8.33182700443606,1,4,1
"05007","Benton County, Arkansas",2021,0.863636363636364,4.3284404733337,254.460050898991,7241,"AR",263.75923058277,269.875827742536,1.46520730931707,5.53914385274201,8.88751459738882,1,4,1
"05119","Pulaski County, Arkansas",2021,0.299539170506912,4.54107765751306,177.55770509491,12225,"AR",183.199504080354,182.039751927148,1.51316435338184,5.17929565520845,9.41123831434307,1,4,1
"06001","Alameda County, California",2021,0.200784826684107,4.57936795652309,190.596642599923,41394,"CA",192.104933446339,196.914518686512,1.52156098784396,5.25015937616424,10.6308912217742,1,4,1
"06013","Contra Costa County, California",2021,0.151996565049377,4.44474608007891,197.823490943414,25116,"CA",196.40643910336,199.086917367714,1.49172274249254,5.28737517322612,10.131260372234,1,4,1
"06017","El Dorado County, California",2021,0.13,4.33455556460488,219.861625736591,4745,"CA",224.193757187986,226.608618668355,1.46661908239421,5.3929983745407,8.46484671104403,1,4,1
"06019","Fresno County, California",2021,0.5,4.5051913279991,199.430179310345,18125,"CA",198.464536258951,198.669316379458,1.50523036030255,5.29546419667893,9.80504747972287,1,4,1
"06029","Kern County, California",2021,0.96,4.48627144682259,210.453370584948,13646,"CA",208.674904852411,207.449125968172,1.50102194403612,5.34926411117266,9.52120171737537,1,4,1
"06037","Los Angeles County, California",2021,0.287047619047619,4.54942585807293,187.117840437336,296926,"CA",186.704004394444,187.096341076397,1.51500103996194,5.23173858115191,12.6012382284906,1,4,1
"06041","Marin County, California",2021,0.31740614334471,4.41388651691608,197.354003353697,9938,"CA",199.434301486225,198.279714753383,1.48475559769799,5.28499908745516,9.20412107216227,1,4,1
"06053","Monterey County, California",2021,0.275862068965517,4.47159235732365,202.964934405954,8884,"CA",202.848866144648,207.772996541709,1.49774457725336,5.31303322720456,9.09200718501432,1,4,1
"06059","Orange County, California",2021,0.306522473808719,4.52649429035033,190.209490881735,103700,"CA",189.535671108477,189.22484704899,1.50994775254967,5.24812604834971,11.5492573942176,1,4,1
"06061","Placer County, California",2021,0.425,4.41340147362479,200.943229798082,11618,"CA",199.110075837407,201.822872636087,1.48464570136464,5.30302242935021,9.36031089855248,1,4,1
"06065","Riverside County, California",2021,0.397849462365591,4.52981622759377,199.417252942648,43236,"CA",198.766609752705,202.168652414847,1.51068137081195,5.29539937807083,10.6744287605361,1,4,1
"06067","Sacramento County, California",2021,0.153236459709379,4.49440457192076,195.646380320778,32103,"CA",195.740957351605,199.629666817044,1.50283319461563,5.27630884769702,10.3767047626951,1,4,1
"06071","San Bernardino County, California",2021,0.307443365695793,4.59448310914484,191.078482946968,39757,"CA",188.392489041087,190.394245680366,1.52485625963141,5.2526842491296,10.5905412052075,1,4,1
"06073","San Diego County, California",2021,0.594368340943683,4.52620943329499,190.148500169029,90133,"CA",190.824135143594,190.93262766525,1.50988481951571,5.24780534672301,11.4090416362511,1,4,1
"06075","San Francisco County, California",2021,1,4.35729052973603,239.66090719457,33995,"CA",242.923093292785,245.039320977636,1.47185042605429,5.47922503758715,10.4339687339606,1,4,1
"06077","San Joaquin County, California",2021,0.322033898305085,4.4972704430478,207.659374457939,12636,"CA",202.323567357251,198.314956647057,1.50347064452775,5.335899114533,9.44430516192198,1,4,1
"06081","San Mateo County, California",2021,0.1923828125,4.47896600984774,195.777649150821,21329,"CA",196.036422891716,197.72768296851,1.49939221841489,5.2769795721548,9.96782292804102,1,4,1
"06083","Santa Barbara County, California",2021,0.434343434343434,4.54055023939042,185.983462123176,12048,"CA",188.492126020571,193.145704062611,1.51304820281298,5.22565775644392,9.39665395003967,1,4,1
"06085","Santa Clara County, California",2021,0.273358611055677,4.43236049565447,215.650712100031,48628,"CA",217.226441843251,220.669629719258,1.48893228540934,5.37366002519845,10.7919547756757,1,4,1
"06087","Santa Cruz County, California",2021,0.444444444444444,4.48757077314315,192.411642758961,7006,"CA",193.714270843854,194.554424498654,1.50131152486399,5.25963704970096,8.85452220375743,1,4,1
"06095","Solano County, California",2021,0.196078431372549,4.50200785553315,202.044639594199,7354,"CA",197.709021001738,202.300092577676,1.50452348738154,5.30848866107703,8.90299966186122,1,4,1
"06097","Sonoma County, California",2021,0.417582417582418,4.53675023630559,189.271066472544,14331,"CA",188.729545067775,190.072330599517,1.51221094875997,5.24318020169731,9.57018030205807,1,4,1
"06111","Ventura County, California",2021,0.185022026431718,4.58032961593396,173.756478656106,22093,"CA",176.873838524826,178.710575152072,1.52177096408101,5.15765477097914,10.003016095251,1,4,1
"08001","Adams County, Colorado",2021,0.461538461538462,4.52955469514796,179.95926478424,10812,"CO",177.252760210798,176.758969607466,1.51062363337121,5.19273051852475,9.28841190739634,1,4,1
"08005","Arapahoe County, Colorado",2021,0.266331658291457,4.45208089042555,183.262714830573,19712,"CO",180.91359164982,181.169089818595,1.49337160270591,5.21092072351974,9.88898286633325,1,4,1
"08013","Boulder County, Colorado",2021,0.335195530726257,4.41445658589181,217.690366216048,13093,"CO",217.788356219818,214.462047751769,1.4848847428773,5.3830737146938,9.47983301522775,1,4,1
"08014","Broomfield County, Colorado",2021,0.366666666666667,4.26460027135788,217.378942058303,2215,"CO",218.814817002731,223.298836301593,1.45034845354032,5.38164210733832,7.70300768247924,1,4,1
"08031","Denver County, Colorado",2021,0.386167146974063,4.49812265001073,197.38781924233,27208,"CO",196.535979474952,194.226925672641,1.50366012084228,5.28517041912958,10.211266326687,1,4,1
"08035","Douglas County, Colorado",2021,0.205741626794258,4.31726639225952,221.115483398897,10141,"CO",221.007379054819,219.992228234644,1.46262242239697,5.39868511435268,9.224341891612,1,4,1
"08041","El Paso County, Colorado",2021,0.333333333333333,4.43565754388639,199.330033407951,18568,"CO",192.658081471267,189.444688201266,1.48967586720386,5.29496191033588,9.82919494795427,1,4,1
"08059","Jefferson County, Colorado",2021,0.575,4.42346214245128,198.141181199156,17874,"CO",197.073304687459,194.776816326531,1.48692267962533,5.28897981296426,9.79110242194134,1,4,1
"08069","Larimer County, Colorado",2021,0.8,4.46695289652351,191.640067453251,11518,"CO",185.347860779315,184.178958883002,1.49670649754687,5.25561896399384,9.35166630806662,1,4,1
"08123","Weld County, Colorado",2021,0.375,4.50091366923542,181.500330945447,6945,"CO",181.145202833577,180.099059027319,1.5042804137748,5.20125747709413,8.84577725518844,1,4,1
"09001","Fairfield County, Connecticut",2021,0.357766143106457,4.51375627491444,191.24901382892,26829,"CT",189.34617624884,188.272872395763,1.50712968378623,5.25357631624326,10.1972386710143,1,4,1
"09003","Hartford County, Connecticut",2021,0.0623548922056385,4.58999489630069,180.995795432816,22485,"CT",180.115283731836,178.837152198286,1.52387891215477,5.19847380134306,10.0206036992048,1,4,1
"09007","Middlesex County, Connecticut",2021,0.263157894736842,4.49035925739353,202.504358578168,4136,"CT",199.435196367291,200.929675747367,1.50193271133583,5.31076141015776,8.32748441618826,1,4,1
"09009","New Haven County, Connecticut",2021,0.320388349514563,4.57009451000999,195.896381942581,19185,"CT",195.735727185893,196.769268111361,1.51953388521962,5.27758585588041,9.86188400268105,1,4,1
"09013","Tolland County, Connecticut",2021,0.333333333333333,4.23533152767517,244.244260204082,2240,"CT",231.796813544931,234.527089072544,1.44346160784413,5.49816879097054,7.71423114484909,1,4,1
"10003","New Castle County, Delaware",2021,0.286885245901639,4.57098416343428,165.99277775981,17303,"DE",166.398332622121,167.093005771355,1.51972853477005,5.11194427993904,9.75863517585665,1,4,1
"11001","District of Columbia, District of Columbia",2021,0.560869565217391,4.17614030960408,271.535228180103,24016,"DC",274.530703997702,279.051156556595,1.42938744905903,5.60409188484288,10.0864755538732,1,4,1
"12001","Alachua County, Florida",2021,0.361702127659574,4.44131362272476,198.226057674358,6447,"FL",199.05260427718,198.808505365904,1.49095019365995,5.28940808487059,8.77137018531062,1,4,1
"12009","Brevard County, Florida",2021,0.0687830687830688,4.46277417862648,195.585774030175,14964,"FL",193.58025687047,192.416808483368,1.49577058580693,5.27599902504869,9.61340259546804,1,4,1
"12011","Broward County, Florida",2021,0.801195814648729,4.52150733246047,180.898597411866,66977,"FL",180.00166813243,177.850627187727,1.50884541888468,5.19793663898184,11.1121045558557,1,4,1
"12031","Duval County, Florida",2021,0.18864774624374,4.51310765426706,179.283299761129,27376,"FL",179.91418799901,179.403360816965,1.50698597481851,5.18896723495208,10.217421996132,1,4,1
"12057","Hillsborough County, Florida",2021,0.128071900014043,4.52219211870824,172.645562802533,41297,"FL",172.281094516529,171.805583630943,1.50899685829347,5.15124072297016,10.6285451370856,1,4,1
"12065","Jefferson County, Florida",2021,0.0909090909090909,3.16133731162536,511.99464041846,197,"FL",505.142857142857,485.492674518817,1.15099513795645,6.23831415705202,5.28320372873799,1,4,1
"12069","Lake County, Florida",2021,0.214285714285714,4.43184548880481,200.233381826213,8269,"FL",199.000202772091,197.866673851046,1.48881608620297,5.29948359536983,9.02026886172217,1,4,1
"12071","Lee County, Florida",2021,0.536585365853659,4.37503138196433,217.452893638085,21120,"FL",212.093345716067,210.910941805957,1.47591369280427,5.38198224609737,9.9579757378202,1,4,1
"12073","Leon County, Florida",2021,0.180851063829787,4.38676361725576,202.205762471887,7861,"FL",204.647562669204,206.720652359812,1.47859173818295,5.30928580505213,8.96966910379376,1,4,1
"12081","Manatee County, Florida",2021,0.4,4.45137702993559,192.918948280958,10311,"FL",190.715835537078,191.079862235153,1.49321349323929,5.26227014360473,9.24096656551794,1,4,1
"12086","Miami-Dade County, Florida",2021,0.28694900605013,4.5722021880269,169.224874585321,94423,"FL",168.928354052668,167.511768542864,1.51999496805775,5.13122844928239,11.455539966525,1,4,1
"12095","Orange County, Florida",2021,0.225997045790251,4.52538406715949,181.22853239777,43097,"FL",180.215337295884,179.605518968609,1.50970245027039,5.19975884477664,10.6712086681008,1,4,1
"12097","Osceola County, Florida",2021,0.28125,4.30689494785903,228.721900341653,7630,"FL",232.935039671583,237.001943209271,1.46021721475037,5.43250685657369,8.9398431242785,1,4,1
"12099","Palm Beach County, Florida",2021,0.0907457322551662,4.45200427202812,194.879409830485,53619,"FL",194.674515364929,193.063075454825,1.49335439298789,5.272380956143,10.8896587618585,1,4,1
"12101","Pasco County, Florida",2021,0.463414634146341,4.42549532520433,195.885265317104,11054,"FL",193.959461839961,192.336022676756,1.4873822100946,5.27752910679296,9.31054763239321,1,4,1
"12103","Pinellas County, Florida",2021,0.298245614035088,4.50559900913379,186.82715194037,30918,"FL",183.145667621877,181.795740443581,1.50532084762269,5.23018386823186,10.3390938175563,1,4,1
"12105","Polk County, Florida",2021,0.774193548387097,4.53901267912367,173.651455852032,13087,"FL",170.356726863682,169.034978906316,1.51270951684423,5.15705016298466,9.47937465005548,1,4,1
"12115","Sarasota County, Florida",2021,0.576923076923077,4.3860607948899,206.066377451236,15119,"FL",204.432229002783,203.510201074858,1.47843151102364,5.32819833752473,9.6237075099802,1,4,1
"12117","Seminole County, Florida",2021,0.192192192192192,4.46022165747475,185.259483618033,14608,"FL",183.248227801098,183.451659143449,1.49519846378239,5.22175745648546,9.58932460283475,1,4,1
"13057","Cherokee County, Georgia",2021,0.166219839142091,4.37679718233716,203.262199304857,6032,"GA",207.040621730046,203.870754473322,1.47631721999492,5.31449676780683,8.70483390968779,1,4,1
"13063","Clayton County, Georgia",2021,0.260869565217391,4.35206475562814,217.421063070981,4153,"GA",219.831202936954,219.407015473319,1.47065038895309,5.381835856245,8.33158624363075,1,4,1
"13067","Cobb County, Georgia",2021,0.323619631901841,4.48263771313552,184.945737184198,21934,"GA",183.770716696722,183.906109640334,1.50021164842021,5.22006246953595,9.99579322332015,1,4,1
"13089","DeKalb County, Georgia",2021,0.277930654925702,4.47901983330217,195.262965211662,18365,"GA",196.179308131954,197.638985938464,1.49940423528014,5.27434718964792,9.81820195825377,1,4,1
"13113","Fayette County, Georgia",2021,0.215909090909091,4.34431236361705,203.656560329245,3768,"GA",201.849843610702,200.305413621069,1.46886748695646,5.31643504732094,8.23429963569625,1,4,1
"13117","Forsyth County, Georgia",2021,0.159457478005865,4.34832421647026,225.827774362711,7260,"GA",229.400039422862,225.030402538149,1.46979053328448,5.41977264841471,8.89013510781884,1,4,1
"13121","Fulton County, Georgia",2021,0.243104021269525,4.45368076309478,202.508328487713,40452,"GA",206.217635466744,205.904199617072,1.49373089206232,5.31078101403523,10.6078713650221,1,4,1
"13135","Gwinnett County, Georgia",2021,0.143026004728132,4.48606843622816,188.256023986959,26701,"GA",188.555542212348,188.835505946273,1.50097669149395,5.23780286609874,10.1924562968705,1,4,1
"13151","Henry County, Georgia",2021,0.0606060606060606,4.31044332015078,223.941718848456,4416,"GA",232.129792238434,236.800987945985,1.46104075732974,5.41138583428914,8.39298958795693,1,4,1
"13217","Newton County, Georgia",2021,0.285714285714286,4.17948825449669,242.96756266201,1486,"GA",243.287758822684,246.170271346098,1.43018881188795,5.49292794744276,7.3038432252777,1,4,1
"13247","Rockdale County, Georgia",2021,0.266666666666667,4.33216428931464,201.98670988485,2185,"GA",211.732772055737,215.853135021843,1.46606725300749,5.30820190258752,7.68937110752969,1,4,1
"13285","Troup County, Georgia",2021,0.16,4.25306192515473,219.252896854573,1559,"GA",229.624973130375,242.053938864744,1.44763917651225,5.39022584372862,7.35179986905778,1,4,1
"15003","Honolulu County, Hawaii",2021,0.413333333333333,4.45633129742992,221.78699649182,20895,"HI",223.507627526799,223.96922271772,1.49432584847659,5.40171744601918,9.94726517488202,1,4,1
"16001","Ada County, Idaho",2021,0.686390532544379,4.49212662546033,180.795998174908,16175,"ID",178.330003574383,175.947023494121,1.50232622558404,5.19736931372477,9.6912221193691,1,4,1
"16015","Boise County, Idaho",2021,0.789855072463768,2.87547065998574,663.714235767146,131,"ID",716.481114677959,712.43895432347,1.05621636867178,6.49785168902106,4.87519732320115,1,4,1
"16039","Elmore County, Idaho",2021,0.789855072463768,3.74582820802195,307.405480402359,372,"ID",298.909486707862,280.219184027778,1.32064274285869,5.72816765919007,5.91889385427315,1,4,1
"17031","Cook County, Illinois",2021,0.375,4.54381630472768,186.201213160108,134592,"IL",182.972662180833,181.755637359256,1.5137672547055,5.22682788018215,11.8100032590624,1,4,1
"17043","DuPage County, Illinois",2021,0.189097103918228,4.55371024465185,172.261228373702,34000,"IL",169.13349898371,167.283078132113,1.51594233905863,5.14901209426387,10.4341158035983,1,4,1
"17089","Kane County, Illinois",2021,0.218954248366013,4.54659527932512,177.890792454618,13115,"IL",172.364472775512,171.392755477788,1.51437866259574,5.18116983647243,9.48151189230097,1,4,1
"17093","Kendall County, Illinois",2021,0.150684931506849,4.17460942481256,259.149457431398,2324,"IL",247.516707212748,240.286206685244,1.42902080298356,5.55740495098659,7.7510451179718,1,4,1
"17097","Lake County, Illinois",2021,0.449678800856531,4.51672551683465,182.219578212446,19779,"IL",181.607329617866,180.517776181853,1.5077872881302,5.20521243356701,9.89237604778141,1,4,1
"17111","McHenry County, Illinois",2021,0.470588235294118,4.48740872109318,191.463237301161,7977,"IL",187.148216163267,185.963246624372,1.50127541290405,5.25469581787396,8.98431767991113,1,4,1
"17113","McLean County, Illinois",2021,0.106854838709677,4.42908741734551,192.256266928903,3336,"IL",196.120936447313,194.749564555139,1.4881935622368,5.25882920566409,8.11252776347864,1,4,1
"17143","Peoria County, Illinois",2021,0.4625,4.50121780359172,185.636875222636,4179,"IL",184.461207389941,182.004854271176,1.50434798318485,5.22379248177406,8.33782726244791,1,4,1
"17161","Rock Island County, Illinois",2021,0.260869565217391,4.43503442266785,203.085255520869,2976,"IL",201.835164657853,206.148058440053,1.48953537732507,5.31362586881106,7.99833539595298,1,4,1
"17163","St. Clair County, Illinois",2021,0.521739130434783,4.47379937401905,189.778166554943,4995,"IL",186.02672993359,186.066198821258,1.49823801942033,5.24585584560182,8.51619269108265,1,4,1
"17167","Sangamon County, Illinois",2021,0.170634920634921,4.48688695339613,187.174798606557,4759,"IL",187.624930158294,190.625734452486,1.50115913242555,5.23204293215281,8.46779284112111,1,4,1
"17197","Will County, Illinois",2021,0.248618784530387,4.46779809980649,209.624335062917,16408,"IL",199.812091577737,194.903433109671,1.49689569213905,5.34531704810694,9.70552429975222,1,4,1
"18003","Allen County, Indiana",2021,0.346153846153846,4.61790074362342,160.906347513571,9379,"IN",158.073519519163,156.863525751271,1.52994021733263,5.08082250327347,9.14622842650894,1,4,1
"18005","Bartholomew County, Indiana",2021,0.583333333333333,4.41779006161506,185.323930909063,1805,"IN",187.590594162957,189.909531080946,1.48563958499496,5.22210527179048,7.49831587076698,1,4,1
"18011","Boone County, Indiana",2021,0.464285714285714,4.31581371655621,196.104145210298,1629,"IN",192.892111276437,205.897045188278,1.46228588533287,5.2786458712262,7.39572160860205,1,4,1
"18057","Hamilton County, Indiana",2021,0.326666666666667,4.38906706180094,204.543627167875,9779,"IN",203.500278729394,202.399238592473,1.47911669010656,5.32078128851424,9.18799250831228,1,4,1
"18063","Hendricks County, Indiana",2021,0.27027027027027,4.36422445743715,210.945082889139,3575,"IN",210.249307479224,205.780127030076,1.47344050052467,5.35159782893219,8.18172045512811,1,4,1
"18085","Kosciusko County, Indiana",2021,0.465116279069767,4.45802910717165,188.572548360908,1890,"IN",179.381024578823,182.817224857371,1.49470676414192,5.23948280478502,7.54433210805369,1,4,1
"18097","Marion County, Indiana",2021,0.187604690117253,4.62744113160037,164.531173156649,23815,"IN",162.882054189976,166.335176951131,1.53200404395842,5.10310005472413,10.078070913235,1,4,1
"18157","Tippecanoe County, Indiana",2021,0.380952380952381,4.43490701452664,207.776165610137,3590,"IN",210.666021659748,221.266433279667,1.48950664925689,5.33646137338671,8.18590748148232,1,4,1
"19049","Dallas County, Iowa",2021,0.163461538461538,4.17645014018333,219.098532297415,2162,"IA",217.364370172987,221.998216426176,1.42946163696067,5.3895215477995,7.67878899819915,1,4,1
"19113","Linn County, Iowa",2021,0.5,4.56771683503291,168.02854129391,5651,"IA",165.839143310179,168.055710354754,1.51901348160415,5.12413385362804,8.63958779962984,1,4,1
"19153","Polk County, Iowa",2021,0.251633986928105,4.56561168594689,163.111660855721,13688,"IA",161.561700752197,162.254083634893,1.51855249980141,5.09443500220142,9.52427481557203,1,4,1
"19169","Story County, Iowa",2021,0.043956043956044,4.37741096867286,192.467773980911,2106,"IA",187.738175836727,190.533037154535,1.47645744657535,5.2599287318222,7.65254569269392,1,4,1
"20091","Johnson County, Kansas",2021,0.239700374531835,4.484458754857,175.964267127792,18555,"KS",174.44477731291,174.338006297888,1.50061780926682,5.17028094674224,9.8284945734947,1,4,1
"20173","Sedgwick County, Kansas",2021,0.441176470588235,4.57389399018261,177.442013344232,12331,"KS",176.897864924103,173.58236571961,1.5203649187213,5.17864387015757,9.41987169587053,1,4,1
"20177","Shawnee County, Kansas",2021,0.4,4.49329896287299,172.503556162342,3958,"KS",170.165322733934,171.650975099269,1.50258716757455,5.15041785169279,8.28349412616251,1,4,1
"21015","Boone County, Kentucky",2021,0.153846153846154,4.51013614589075,181.544798860174,3064,"KY",179.897223961604,181.750800403491,1.50632734061788,5.20150244892435,8.02747653086048,1,4,1
"21029","Bullitt County, Kentucky",2021,0.25974025974026,4.1238043096876,235.184661313584,1139,"KY",237.975121687399,236.04197060964,1.4167761134497,5.46037099839438,7.03790596344718,1,4,1
"21067","Fayette County, Kentucky",2021,0.40625,4.55474391240768,172.950658736724,8871,"KY",172.065955969868,174.386064637468,1.51616930792567,5.15300634420347,9.09054280852059,1,4,1
"21111","Jefferson County, Kentucky",2021,0.229166666666667,4.59680231209499,168.912165139038,20045,"KY",169.07547816923,169.012987057276,1.525360912222,5.12937884691001,9.90573502507661,1,4,1
"21117","Kenton County, Kentucky",2021,0.27027027027027,4.4055195517627,193.624563983757,3136,"KY",195.119654839455,187.932197672457,1.48285819834969,5.26592104687527,8.0507033814703,1,4,1
"22033","East Baton Rouge Parish, Louisiana",2021,0.269230769230769,4.54978116799126,172.628207127801,12491,"LA",175.379769289248,174.97782886406,1.51507913685929,5.15114019013936,9.43276366396591,1,4,1
"22049","Jackson Parish, Louisiana",2021,0.04,3.06224665750626,598.072562358277,168,"LA",666.666666666667,590.277777777778,1.11914884836943,6.39371208832557,5.12396397940326,1,4,1
"22051","Jefferson Parish, Louisiana",2021,0.147058823529412,4.54361007378617,181.288392970453,11712,"LA",181.247180993559,179.897128631653,1.51372186651022,5.20008909458866,9.36836923620109,1,4,1
"22061","Lincoln Parish, Louisiana",2021,0.04,4.20661829562148,222.509794156857,1049,"LA",223.962270093222,226.244067444539,1.43665906971517,5.40497111932001,6.9555926083963,1,4,1
"22071","Orleans Parish, Louisiana",2021,0.555555555555556,4.39309558270166,256.060753999246,9853,"LA",269.00305003655,266.449624573958,1.48003412271316,5.54541473663311,9.19553125632248,1,4,1
"22111","Union Parish, Louisiana",2021,0.04,3.50809852858066,372.820835958832,276,"LA",355.830443558822,389.157024793388,1.2550741609401,5.92109797169713,5.62040086571715,1,4,1
"23005","Cumberland County, Maine",2021,0.645161290322581,4.58299508698506,170.304292807105,11952,"ME",168.035888187026,168.803054689795,1.52235273351792,5.13758679467393,9.3886539073726,1,4,1
"24003","Anne Arundel County, Maryland",2021,0.371134020618557,4.47414612007498,196.460326610498,14470,"MD",198.239181319412,196.650501487154,1.49831552236363,5.2804605107237,9.57983281962553,1,4,1
"24005","Baltimore County, Maryland",2021,0.223529411764706,4.50185673801925,177.871666511982,20167,"MD",179.039398384512,179.059153749498,1.50448992012554,5.18106231561308,9.91180288413984,1,4,1
"24021","Frederick County, Maryland",2021,0.354166666666667,4.41674309567737,190.47377121217,6268,"MD",193.006682896023,195.336638244431,1.48540256829607,5.24951450116184,8.74321260347591,1,4,1
"24027","Howard County, Maryland",2021,0.25398773006135,4.32433493207069,247.691319055194,9590,"MD",246.59042495957,245.270009207137,1.46425835562794,5.51218328967688,9.16847616787748,1,4,1
"24031","Montgomery County, Maryland",2021,0.303016400963413,4.3462375930336,212.65867528876,27482,"MD",216.513681567071,216.213984499706,1.46931054969878,5.35968841695855,10.2212865238917,1,4,1
"24033","Prince George's County, Maryland",2021,0.331775700934579,4.42331599758851,199.150859804651,16036,"MD",202.945076484864,206.891215980554,1.48688964050974,5.29406262699042,9.6825914737624,1,4,1
"24510","Baltimore city, Maryland",2021,0.272401433691756,4.52023020171413,204.997425698355,12316,"MD",210.210806759119,218.02926053473,1.50856292213004,5.32299742149056,9.41865450904439,1,4,1
"25005","Bristol County, Massachusetts",2021,0.407894736842105,4.54779657932989,192.384717449039,12823,"MA",189.100582443329,189.848221644596,1.51464284738796,5.25949710393873,9.45899571245912,1,4,1
"25009","Essex County, Massachusetts",2021,0.516320474777448,4.53307789326465,195.787485758021,19288,"MA",190.289633964261,188.735293416109,1.51140115541237,5.27702981466275,9.86723841986101,1,4,1
"25013","Hampden County, Massachusetts",2021,1,4.58153355034649,174.691901276248,9232,"MA",173.283078181482,173.911498415573,1.52203377840112,5.16302385817334,9.13043098874788,1,4,1
"25017","Middlesex County, Massachusetts",2021,0.383210509452099,4.52331919253821,183.78425890925,44189,"MA",181.904203757354,182.712925099312,1.50924605898473,5.21376256375814,10.6962311683145,1,4,1
"25021","Norfolk County, Massachusetts",2021,0.119428090832632,4.52207281545977,179.823448796051,20178,"MA",178.484706113602,180.947348337033,1.50897047621613,5.19197552952993,9.91234818096832,1,4,1
"25023","Plymouth County, Massachusetts",2021,0.445378151260504,4.48244685504727,197.203011062422,12862,"MA",195.478362274083,196.196536031224,1.50016907033033,5.28423371113118,9.46203250669481,1,4,1
"25025","Suffolk County, Massachusetts",2021,0.497264021887825,4.42991793322595,214.308764865256,21692,"MA",216.197893020236,219.733597793653,1.48838105865429,5.36741780162101,9.98469880796095,1,4,1
"25027","Worcester County, Massachusetts",2021,0.314176245210728,4.56457740424152,181.750881786761,18462,"MA",180.255204758021,181.342963146638,1.51832593675883,5.20263696804841,9.8234698445501,1,4,1
"26021","Berrien County, Michigan",2021,1,4.52690745548458,183.714848953061,3425,"MI",182.48987254642,184.81847190072,1.51003902545374,5.21338482157847,8.13885675069633,1,4,1
"26045","Eaton County, Michigan",2021,0.333333333333333,4.41474153480478,200.676559046486,2065,"MI",199.33287605678,199.522646859119,1.48494928982917,5.30169445299947,7.63288550539513,1,4,1
"26065","Ingham County, Michigan",2021,0.380952380952381,4.49631906730252,192.792102866127,5992,"MI",193.157777777778,197.106236890308,1.50325907700007,5.26161242109962,8.69818052519705,1,4,1
"26075","Jackson County, Michigan",2021,0.315789473684211,4.53540836318468,166.75508802694,2872,"MI",167.984808921395,167.744502314815,1.51191512652186,5.11652619723541,7.96276393016811,1,4,1
"26077","Kalamazoo County, Michigan",2021,0.615384615384615,4.56706127573866,181.014442772193,5522,"MI",178.09488690407,181.633082519731,1.51886995117847,5.19857682240393,8.6164953924901,1,4,1
"26081","Kent County, Michigan",2021,0.34640522875817,4.67806330682108,151.983914197755,17175,"MI",148.849627157828,149.370619484757,1.54288420095222,5.02377468759978,9.75121011709055,1,4,1
"26099","Macomb County, Michigan",2021,0.401606425702811,4.53110727167628,185.91236394768,19045,"MI",185.15160575147,184.117315324059,1.51096634046021,5.2252754011101,9.8545598789127,1,4,1
"26111","Midland County, Michigan",2021,0.710526315789474,4.27729668882076,215.04107635006,1685,"MI",209.941794044037,213.128428058849,1.45332119527957,5.37082906267038,7.42952084278646,1,4,1
"26125","Oakland County, Michigan",2021,0.35038503850385,4.57723196993424,170.404708428176,39125,"MI",170.069539540253,169.61940641664,1.52109444204208,5.13817624563422,10.5745169278425,1,4,1
"26139","Ottawa County, Michigan",2021,0.521739130434783,4.60679701742164,161.403180954297,6441,"MI",162.107630839297,160.410624,1.52753282538287,5.08390546415649,8.77043908654689,1,4,1
"26159","Van Buren County, Michigan",2021,1,4.21274449490537,238.405341690151,1186,"MI",239.565992865636,240.67854627689,1.43811433432782,5.47397234135859,7.07834157955767,1,4,1
"26161","Washtenaw County, Michigan",2021,0.279228149829739,4.52560249951287,186.144523574462,8075,"MI",183.819259593902,182.947272191463,1.50975071735196,5.22652338046325,8.99652814809086,1,4,1
"26163","Wayne County, Michigan",2021,0.28169014084507,4.57617430580078,187.411025972564,32951,"MI",187.131035419675,188.430613231714,1.52086334465466,5.23330420464003,10.4027768884838,1,4,1
"27003","Anoka County, Minnesota",2021,0.428571428571429,4.50410031961338,178.248697048562,8168,"MN",176.142444370588,175.644439162898,1.50498816403814,5.1831797495822,9.0079793598445,1,4,1
"27037","Dakota County, Minnesota",2021,0.204301075268817,4.56890466694246,162.864375500639,10706,"MN",162.494682381616,162.042498511021,1.51927349717248,5.09291780231593,9.27855961095333,1,4,1
"27053","Hennepin County, Minnesota",2021,0.49493487698987,4.61044504244582,157.408528483346,40555,"MN",158.320471739118,158.5516356181,1.52832439084052,5.05884451801826,10.6104143565044,1,4,1
"27109","Olmsted County, Minnesota",2021,1,4.45236684034474,182.515603963962,3591,"MN",181.438888848931,181.359201467464,1.49343582901796,5.20683567053992,8.18618599422608,1,4,1
"27123","Ramsey County, Minnesota",2021,0.410493827160494,4.62551530197191,158.879181681289,13554,"MN",158.975999102246,161.116435588317,1.53158778140059,5.06814404973783,9.51443698569606,1,4,1
"27139","Scott County, Minnesota",2021,0.102564102564103,4.37557921999883,200.092501471381,3422,"MN",203.458276371573,198.118744577419,1.47603890418897,5.29877976698138,8.13798045445214,1,4,1
"27163","Washington County, Minnesota",2021,0.26530612244898,4.42900334623299,184.836441983665,6151,"MN",183.246932451475,181.008793832012,1.48817458046866,5.21947133664814,8.72436994920837,1,4,1
"29051","Cole County, Missouri",2021,0.2,4.39990876088023,180.894553112104,2128,"MO",178.586832709672,181.532277408177,1.48158380454563,5.19791428200932,7.66293785046154,1,4,1
"29071","Franklin County, Missouri",2021,0.225806451612903,4.44985119563853,184.449553815334,2584,"MO",181.291574608018,181.985922783997,1.49287065643669,5.21737600503913,7.85709386490249,1,4,1
"29095","Jackson County, Missouri",2021,0.330578512396694,4.55359855723653,177.582834591276,18137,"MO",177.121290333773,178.375105489945,1.51591781207316,5.17943717381081,9.80570932961742,1,4,1
"29101","Johnson County, Missouri",2021,0.0476190476190476,4.03239701078897,259.140763406844,851,"MO",256.851529164024,243.54739892115,1.39436099089913,5.55737140212071,6.74641212857337,1,4,1
"29129","Mercer County, Missouri",2021,NA,1.92507252465329,1493.05555555556,24,"MO",1493.05555555556,1776.85950413223,0.654963642174624,7.3085800075338,3.17805383034795,1,4,1
"29183","St. Charles County, Missouri",2021,0.0533333333333333,4.44318468062152,196.923182374799,8710,"MO",191.156978775439,190.484065767597,1.49137138973891,5.28281371550896,9.07222706984655,1,4,1
"29189","St. Louis County, Missouri",2021,0.313926940639269,4.48191341792018,199.432720920477,30617,"MO",196.584709653242,192.211788033822,1.50005005745903,5.29547694095838,10.3293106892322,1,4,1
"29510","St. Louis city, Missouri",2021,0.477272727272727,4.37024699179857,324.703198690109,9260,"MO",349.628868652615,403.916038329059,1.47481952737268,5.78291153027712,9.13345932764022,1,4,1
"31055","Douglas County, Nebraska",2021,0.662962962962963,4.50727364113044,178.025280868319,16319,"NE",175.937579229764,174.907827222262,1.50569245656047,5.18192556755726,9.70008535213093,1,4,1
"31109","Lancaster County, Nebraska",2021,0.815789473684211,4.48733472671032,181.27022221644,8732,"NE",178.369097148857,178.527986576601,1.50125892343373,5.19998885836054,9.07474971766984,1,4,1
"32003","Clark County, Nevada",2021,0.448087431693989,4.4947551382691,203.035104329739,51290,"NV",203.230380857167,201.544850416898,1.50291119219489,5.31337889182422,10.8452510803833,1,4,1
"32031","Washoe County, Nevada",2021,0.317073170731707,4.6060608732846,164.138558045453,13486,"NV",165.750407315713,167.247129720606,1.52737301739553,5.10071093725651,9.50940738929453,1,4,1
"33011","Hillsborough County, New Hampshire",2021,0.379661016949153,4.571030106262,175.13244159811,10967,"NH",172.842300624278,171.390874351217,1.5197385856902,5.16554249681995,9.30264604276021,1,4,1
"33015","Rockingham County, New Hampshire",2021,0.316666666666667,4.55596639071723,184.621616251787,9916,"NH",183.270563338492,179.938073447659,1.51643766862999,5.218308413002,9.20190489315508,1,4,1
"34003","Bergen County, New Jersey",2021,0.206652512384996,4.53238639321651,181.672189226107,31444,"NJ",181.712690077185,183.167272741062,1.51124859840533,5.20220390494284,10.3559634649136,1,4,1
"34005","Burlington County, New Jersey",2021,0.252396166134185,4.53807129150653,172.870575505479,10364,"NJ",173.506220776532,175.052820809903,1.51250209612992,5.15254319605207,9.246093541682,1,4,1
"34007","Camden County, New Jersey",2021,0.328358208955224,4.50816449927671,183.589471624316,11374,"NJ",183.170112792948,186.179969230682,1.50589008603455,5.21270213244801,9.33908532786674,1,4,1
"34013","Essex County, New Jersey",2021,0.663594470046083,4.51593054116979,187.669638530025,19101,"NJ",187.089153997411,187.748367915551,1.50761126556014,5.23468317520779,9.85749596868514,1,4,1
"34017","Hudson County, New Jersey",2021,0.414224446032881,4.43903939912921,220.821097417235,13802,"NJ",215.548340781438,217.490464892104,1.49043800148929,5.39735285973524,9.53256878818055,1,4,1
"34019","Hunterdon County, New Jersey",2021,0.168539325842697,4.36312035415431,213.8207635064,3609,"NJ",207.901162968163,210.907632315351,1.47318747894421,5.36513811036936,8.19118600464279,1,4,1
"34021","Mercer County, New Jersey",2021,0.153862989713285,4.46553332402355,192.383707133475,9632,"NJ",192.935811438966,195.046595526978,1.49638865266542,5.25949185238742,9.1728461675486,1,4,1
"34023","Middlesex County, New Jersey",2021,0.253932265835341,4.45492479432666,224.479243371123,21824,"NJ",222.109702068734,223.615667695788,1.49401017959659,5.41378324576366,9.99076556064319,1,4,1
"34025","Monmouth County, New Jersey",2021,0.223372781065089,4.43244305332351,212.827274343236,19248,"NJ",211.769386043103,209.758613291199,1.48895091135375,5.36048091816074,9.86516243821446,1,4,1
"34027","Morris County, New Jersey",2021,0.286318758815233,4.50832862951484,184.231751559125,16240,"NJ",181.94133409261,180.868260735797,1.50592649270304,5.21619448442297,9.69523261371567,1,4,1
"34029","Ocean County, New Jersey",2021,0.488372093023256,4.4179194425127,207.419811180889,14168,"NJ",210.667316899687,209.128927718123,1.48566887090518,5.33474481283859,9.55874117946267,1,4,1
"34031","Passaic County, New Jersey",2021,0.242718446601942,4.50846356623625,191.677128294929,11915,"NJ",188.326057184672,187.818821608134,1.50595642279758,5.255812333048,9.38555338953284,1,4,1
"34035","Somerset County, New Jersey",2021,0.156206415620642,4.41372719293018,202.711523573399,9648,"NJ",204.284214969352,206.095038877697,1.48471950096989,5.31178390222881,9.17450591896697,1,4,1
"34039","Union County, New Jersey",2021,0.512097420285211,4.50539734113591,191.729654265498,13913,"NJ",189.192002731205,186.25829012859,1.50527608720108,5.25608632909234,9.54057893384188,1,4,1
"35001","Bernalillo County, New Mexico",2021,0.346491228070175,4.56591061418003,179.377685333281,15925,"NM",181.088438212301,179.671948634324,1.5186179715209,5.18949355690096,9.67564548044036,1,4,1
"36001","Albany County, New York",2021,0.267489711934156,4.53060376412768,183.072815907223,9253,"NY",184.443785829938,189.144536827077,1.51085521187817,5.20988397483213,9.13270310224903,1,4,1
"36005","Bronx County, New York",2021,0.444444444444444,4.09760055911898,327.86121478463,18066,"NY",323.207047836426,328.817453425061,1.41040157291347,5.79259039318461,9.80178699770979,1,4,1
"36011","Cayuga County, New York",2021,0.384615384615385,4.28959942039649,214.351589050443,1419,"NY",216.90048568447,217.863780116457,1.45619335338124,5.36761760636124,7.25770767716004,1,4,1
"36023","Cortland County, New York",2021,0.333333333333333,4.16136280578228,228.873307177605,883,"NY",238.352916924345,239.945521551033,1.42584261816863,5.43316860669252,6.78332520060396,1,4,1
"36027","Dutchess County, New York",2021,0.284090909090909,4.42721758119166,211.405989566613,7361,"NY",213.788482971786,212.32982369813,1.48777130121893,5.35378040589481,8.90395107205871,1,4,1
"36029","Erie County, New York",2021,0.655737704918033,4.60478801145059,174.081790674016,22349,"NY",174.555334923595,177.584627166633,1.52709663421781,5.15952525011523,10.0145368563114,1,4,1
"36047","Kings County, New York",2021,0.363013698630137,4.40674511055283,217.602290857322,60135,"NY",217.844060835306,220.844636680359,1.48313634678145,5.38266904276333,11.0043473137447,1,4,1
"36055","Monroe County, New York",2021,0.164179104477612,4.59597999300526,173.140738100922,17336,"NY",172.102182556785,173.754586534005,1.52518200684502,5.15410477880801,9.76054054321619,1,4,1
"36059","Nassau County, New York",2021,0.320652173913043,4.40987642003189,202.143257721581,48145,"NY",200.30101189277,200.660920474287,1.48384666639761,5.30897664268159,10.7819725696744,1,4,1
"36061","New York County, New York",2021,0.176696490582996,4.3262522146598,222.449501185777,95830,"NY",222.938423774038,223.209898096032,1.4647016278794,5.40470011488396,11.4703310673378,1,4,1
"36067","Onondaga County, New York",2021,0.755555555555556,4.59794519993275,167.232541719033,11194,"NY",168.675235796932,171.214232446962,1.52560950803003,5.11938530921931,9.32313319945131,1,4,1
"36069","Ontario County, New York",2021,0.0486111111111111,4.45985868521589,206.35430092223,2787,"NY",198.703621929482,203.079982490549,1.49511708060082,5.32959459883202,7.93272102748195,1,4,1
"36071","Orange County, New York",2021,0.5,4.49940729912994,195.886601223421,9799,"NY",189.324760599581,192.082557846006,1.50394567679712,5.27753592661047,9.19003561863582,1,4,1
"36079","Putnam County, New York",2021,0.189655172413793,4.18216600012241,265.468777545918,2814,"NY",261.598219374578,258.033500063721,1.43082929417428,5.58149723506962,7.94236223767433,1,4,1
"36081","Queens County, New York",2021,0.248520710059172,4.3495677977157,239.115375402351,49786,"NY",236.972761115224,241.351435716746,1.47007648331741,5.4769461777182,10.8154890989919,1,4,1
"36087","Rockland County, New York",2021,0.172413793103448,4.42138163874308,194.076038341877,10459,"NY",188.395560259177,189.230607647753,1.4864522351951,5.26825003248677,9.25521813075427,1,4,1
"36091","Saratoga County, New York",2021,0.295454545454545,4.42833610089364,200.290556962953,5293,"NY",199.682065200613,200.901261295181,1.48802391551005,5.29976909709191,8.57414047185799,1,4,1
"36099","Seneca County, New York",2021,0.130434782608696,3.96514057837759,269.385598075933,609,"NY",275.918769179208,275.202287289923,1.37754130928241,5.59614380328941,6.4118182677099,1,4,1
"36101","Steuben County, New York",2021,0.533333333333333,4.28454901556917,220.785589728738,1661,"NY",218.643495404387,224.459883410466,1.45501529926913,5.39719204836346,7.41517510961329,1,4,1
"36103","Suffolk County, New York",2021,0.348101265822785,4.47117978480029,205.311424393229,49728,"NY",200.72438165101,199.177200019243,1.49765230776083,5.324527969789,10.8143234337273,1,4,1
"36109","Tompkins County, New York",2021,0.358974358974359,4.35281491388765,211.240628014303,2158,"NY",214.864218633945,221.025707216458,1.47082274245821,5.35299790082382,7.67693714581808,1,4,1
"36119","Westchester County, New York",2021,0.416666666666667,4.41633983893194,200.657908777499,30902,"NY",198.097010382929,199.428548646893,1.48531126229369,5.30160151172233,10.3385761857104,1,4,1
"36123","Yates County, New York",2021,0.15,3.77032302299796,300.486195069557,439,"NY",309.212489985286,306.360473767822,1.32716068028221,5.70540181305163,6.08449941307517,1,4,1
"37019","Brunswick County, North Carolina",2021,0.513513513513513,4.16004986233184,292.31458188332,2708,"NC",286.685482975326,285.558000711289,1.4255270603388,5.67783055757601,7.90396563403217,1,4,1
"37025","Cabarrus County, North Carolina",2021,0.401129943502825,4.39416024927695,209.741027355883,4895,"NC",208.948126450539,207.605775230605,1.48027644331947,5.34587356662962,8.49596955496461,1,4,1
"37037","Chatham County, North Carolina",2021,0.237762237762238,4.27703711779904,211.080581955768,1490,"NC",216.503203509658,213.867988084512,1.4532605076731,5.35223996557255,7.30653139893951,1,4,1
"37063","Durham County, North Carolina",2021,0.94347522679693,4.4766233277041,184.1331903421,7839,"NC",187.33198328869,189.449127332057,1.49886904074142,5.21565935630318,8.96686655418872,1,4,1
"37067","Forsyth County, North Carolina",2021,0.575,4.55145420577494,178.637531143281,8749,"NC",179.055317680263,179.197258125175,1.51544678756467,5.18535878714577,9.07669468710627,1,4,1
"37071","Gaston County, North Carolina",2021,0.0833333333333333,4.43889817385099,210.138093940972,4396,"NC",216.102367495213,212.677318772513,1.49040618660501,5.34776490479488,8.38845031552351,1,4,1
"37081","Guilford County, North Carolina",2021,0.983606557377049,4.6385925369949,159.90748327991,14042,"NC",159.910613520792,160.923079213464,1.53441098767934,5.07459541849411,9.54980811757719,1,4,1
"37097","Iredell County, North Carolina",2021,0.65,4.51839848316417,174.517867867354,5101,"NC",173.609846514048,171.135111858733,1.50815761317469,5.16202713105583,8.53719187792293,1,4,1
"37101","Johnston County, North Carolina",2021,0.347826086956522,4.28188258066551,232.376295407138,3685,"NC",231.43093956532,227.28306112011,1.4543927681814,5.4483580206668,8.21202580462344,1,4,1
"37119","Mecklenburg County, North Carolina",2021,0.408014571948998,4.52599831284527,176.27782730375,34980,"NC",174.199019762438,172.62173614797,1.50983817444178,5.17206131464114,10.4625317485726,1,4,1
"37129","New Hanover County, North Carolina",2021,0.534883720930233,4.45036317392185,196.96374048053,8105,"NC",196.987463994483,196.057175364531,1.49298570496533,5.28301965332268,9.00023643416978,1,4,1
"37141","Pender County, North Carolina",2021,0.620689655172414,3.94020283205498,312.449758447548,1183,"NC",298.290907777239,301.138620661491,1.37123220220178,5.74444368328325,7.07580886397839,1,4,1
"37179","Union County, North Carolina",2021,0.181818181818182,4.37438793094916,208.908658699664,5299,"NC",203.337823412917,206.493545311655,1.47576660852512,5.34189711672059,8.57527340249276,1,4,1
"37183","Wake County, North Carolina",2021,0.69690063810392,4.47411901519144,187.07295574945,31940,"NC",186.457223461236,186.6521028646,1.4983094642321,5.23149867846826,10.371614421769,1,4,1
"38017","Cass County, North Dakota",2021,0.407407407407407,4.55162793825599,159.782460288705,5725,"ND",157.785080664927,160.960720315344,1.51548495759946,5.07381326691197,8.65259782842244,1,4,1
"39017","Butler County, Ohio",2021,0.271428571428571,4.58883651224619,178.784787906427,7314,"OH",177.134471191574,176.393632942342,1.5236265087694,5.18618278029689,8.89754559870933,1,4,1
"39025","Clermont County, Ohio",2021,1,4.42479759752611,203.112285804396,3591,"OH",196.534433480919,192.773690368366,1.48722453674169,5.31375895816201,8.18618599422608,1,4,1
"39027","Clinton County, Ohio",2021,0.391304347826087,4.03377137626499,244.780480677917,585,"OH",239.434724476854,241.883454734651,1.39470176372295,5.50036181166628,6.37161184723186,1,4,1
"39035","Cuyahoga County, Ohio",2021,0.339233038348083,4.64999015992219,164.057032436401,31685,"OH",162.975910634115,163.187843981624,1.53686510345126,5.10021412612868,10.3635986617576,1,4,1
"39041","Delaware County, Ohio",2021,0.128270580727505,4.42516074719599,206.599286563615,4988,"OH",208.404666826179,209.504220931127,1.48730660485002,5.33078110345409,8.51479030679993,1,4,1
"39049","Franklin County, Ohio",2021,0.128965801400906,4.57343063112262,175.901205623656,30122,"OH",174.900947411032,176.29087586804,1.52026360843013,5.16992250574877,10.3130110807718,1,4,1
"39055","Geauga County, Ohio",2021,0.254545454545455,4.37094472576051,198.920950385612,2671,"OH",197.43866281089,192.370498119681,1.47497917012758,5.29290751156292,7.89020821310996,1,4,1
"39057","Greene County, Ohio",2021,0.115789473684211,4.27002120566316,239.995812401902,3188,"OH",231.734127090226,235.888632110934,1.45161879342566,5.48062147486436,8.06714903991011,1,4,1
"39061","Hamilton County, Ohio",2021,0.193962748876044,4.65623105248237,161.544285869099,20798,"OH",159.947045459219,160.451184515851,1.53820633387192,5.08477932098014,9.94261210722018,1,4,1
"39085","Lake County, Ohio",2021,0.252427184466019,4.54487482034456,184.354863988811,5451,"OH",181.277944834369,181.3679293096,1.51400018497172,5.21686250886591,8.60355435706428,1,4,1
"39089","Licking County, Ohio",2021,0.479166666666667,4.44021099936973,206.357061921662,3058,"OH",198.714335880477,196.304327976625,1.49070189769555,5.32960797864019,8.02551638648901,1,4,1
"39095","Lucas County, Ohio",2021,0.380952380952381,4.54551667127931,194.905310371563,9331,"OH",189.675454868797,188.756156781131,1.51414140021782,5.27251385278965,9.14109746923402,1,4,1
"39097","Madison County, Ohio",2021,0.153846153846154,3.89640030618772,270.522701088355,598,"OH",271.176766532603,262.448516821695,1.36005312849687,5.60035601745785,6.39359075395063,1,4,1
"39103","Medina County, Ohio",2021,0.347826086956522,4.54178629584974,172.533261531628,3972,"OH",174.36098184766,169.91139859561,1.51332039190488,5.15059003835714,8.28702502516506,1,4,1
"39109","Miami County, Ohio",2021,0.0909090909090909,4.47009814022909,186.690578351859,2039,"OH",189.158762368776,186.973136088781,1.49741036369298,5.22945258517073,7.62021477057445,1,4,1
"39113","Montgomery County, Ohio",2021,0.233830845771144,4.60272464776753,178.080256759804,10939,"OH",179.759859736328,176.549920456372,1.52664844287799,5.18223432934899,9.30008966411979,1,4,1
"39133","Portage County, Ohio",2021,0.347826086956522,4.47858949062722,189.842024948052,2957,"OH",188.38790616044,184.114296085602,1.4993081510104,5.24619227867435,7.99193051985248,1,4,1
"39153","Summit County, Ohio",2021,0.209944751381215,4.65356173188863,158.777820020879,13336,"OH",157.455547856863,159.696883425698,1.53763289024569,5.06750586664533,9.49822242443063,1,4,1
"39159","Union County, Ohio",2021,0.197633136094675,4.1653034816556,214.959261869748,1017,"OH",212.464472205698,207.059614155289,1.42678913770754,5.37044853049853,6.92461239604856,1,4,1
"39165","Warren County, Ohio",2021,0.242647058823529,4.46944212381593,184.482631261161,4464,"OH",185.775668619,185.780550040594,1.49726359632129,5.21755531954328,8.40380050406115,1,4,1
"40109","Oklahoma County, Oklahoma",2021,0.701754385964912,4.56439678803356,174.406085200423,24383,"OK",176.68008090549,176.477351855071,1.51828636687854,5.16138640307042,10.1016414471467,1,4,1
"40139","Texas County, Oklahoma",2021,0.285714285714286,3.73277828846505,305.279136447968,385,"OK",302.063212116122,313.221329437546,1.31715280584748,5.72122655953464,5.95324333428778,1,4,1
"40143","Tulsa County, Oklahoma",2021,0.449275362318841,4.60550298215582,168.42824499447,19207,"OK",168.005633119612,169.25782546082,1.52725188896648,5.12650981336423,9.86303007490485,1,4,1
"41005","Clackamas County, Oregon",2021,0.368932038834951,4.54203949958849,182.434133121819,12300,"OR",178.750613751083,179.020579947926,1.51337614016437,5.20638919347628,9.41735454136051,1,4,1
"41051","Multnomah County, Oregon",2021,0.404145077720207,4.58911829461078,184.59613798062,27585,"OR",188.359779863267,189.9441001101,1.5236879129429,5.21817040083484,10.2250274257065,1,4,1
"41067","Washington County, Oregon",2021,0.457142857142857,4.53986829921158,176.639574262167,16003,"OR",177.267773664581,177.400575629804,1.51289800264826,5.17411135288523,9.68053148364599,1,4,1
"42003","Allegheny County, Pennsylvania",2021,0.171612903225806,4.58390771900674,173.405856905204,33494,"PA",173.119573569802,175.164486255618,1.52255184810307,5.15563484062264,10.4191215972944,1,4,1
"42007","Beaver County, Pennsylvania",2021,0.0314245810055866,4.41716843689076,198.012604564697,3227,"PA",199.648267936707,195.421996318485,1.48549886566381,5.28833068808602,8.07930819205196,1,4,1
"42011","Berks County, Pennsylvania",2021,0.531914893617021,4.58728447398112,176.486653604823,8310,"PA",177.255298912584,176.860810108826,1.52328823112851,5.1732452565444,9.02521488784949,1,4,1
"42017","Bucks County, Pennsylvania",2021,0.217391304347826,4.55575256756765,175.24268253571,19588,"PA",173.591457799595,172.738136686206,1.51639073497222,5.16617177061049,9.88267241282221,1,4,1
"42019","Butler County, Pennsylvania",2021,0.352941176470588,4.60697093857473,159.064469094863,4889,"PA",158.809166223616,162.727711672854,1.52757057783202,5.06930958604653,8.49474306257865,1,4,1
"42029","Chester County, Pennsylvania",2021,0.224426534407936,4.54713525645611,171.111791313812,14850,"PA",168.540124850749,171.414427507086,1.51449742070706,5.14231709327414,9.60575514423085,1,4,1
"42041","Cumberland County, Pennsylvania",2021,0.503030303030303,4.51508395101026,179.597552321285,6276,"PA",177.154904888741,178.358707369276,1.50742378049681,5.19071852727459,8.74448811385292,1,4,1
"42043","Dauphin County, Pennsylvania",2021,0.9,4.56458771851465,170.018068173859,6922,"PA",170.831879205543,172.959887689852,1.51832819639002,5.13590471477822,8.84246002419529,1,4,1
"42045","Delaware County, Pennsylvania",2021,0.697368421052632,4.49214203643603,183.35985825169,13105,"PA",181.439008159024,180.40430695837,1.50232965624185,5.21145066046592,9.48074911575751,1,4,1
"42069","Lackawanna County, Pennsylvania",2021,0.375,4.51235612588606,187.333117765865,5092,"PA",186.84402335927,190.280089350822,1.50681943969056,5.2328884105089,8.5354259596773,1,4,1
"42071","Lancaster County, Pennsylvania",2021,1,4.62400348773402,166.583290093808,13471,"PA",165.270640104284,167.310084125526,1.53126088563753,5.11549542514543,9.50829450569857,1,4,1
"42077","Lehigh County, Pennsylvania",2021,0.333333333333333,4.5567535937441,175.048469293648,8612,"PA",173.268288805499,175.747369431318,1.51661043878647,5.1650629029674,9.06091185848425,1,4,1
"42091","Montgomery County, Pennsylvania",2021,0.191616766467066,4.57529603296827,164.639649355788,26504,"PA",164.830053511058,165.993080008284,1.52067140329383,5.10375914232028,10.1850509439797,1,4,1
"42095","Northampton County, Pennsylvania",2021,0.270833333333333,4.50279076341405,201.658924566367,6378,"PA",198.1458777733,200.387903298581,1.50469737419812,5.3065777780458,8.76060984757,1,4,1
"42101","Philadelphia County, Pennsylvania",2021,0.0301925696822416,4.44705228231981,227.312186120638,29918,"PA",230.856034304061,238.549293204042,1.49224146822127,5.42632434191871,10.3062155849344,1,4,1
"42125","Washington County, Pennsylvania",2021,0.2109375,4.56299918664822,162.786384788579,5136,"PA",165.029557981997,166.531414571975,1.5179801236959,5.09243881855135,8.5440298453698,1,4,1
"42129","Westmoreland County, Pennsylvania",2021,0.127572016460905,4.56944508644165,176.556837699432,8296,"PA",171.688177181449,173.56647201816,1.51939177224717,5.17364285115958,9.02352874990936,1,4,1
"42133","York County, Pennsylvania",2021,0.0878378378378378,4.58061468414404,178.799351037231,8585,"PA",177.946340031122,180.581277360953,1.52183319963247,5.18626423318714,9.05777177333158,1,4,1
"44003","Kent County, Rhode Island",2021,1,4.44908961545999,198.511507354482,4601,"RI",194.543027842245,193.79589342776,1.49269949445314,5.29084707000606,8.43402895015547,1,4,1
"44007","Providence County, Rhode Island",2021,0.53475935828877,4.54854166164463,194.881311337306,16059,"RI",192.957883187852,193.686256831843,1.51480666766304,5.27239071344648,9.68402471906149,1,4,1
"45019","Charleston County, South Carolina",2021,0.317073170731707,4.50829536262229,186.719685527411,14751,"SC",189.040599634565,191.228956894872,1.5059191136901,5.22960848434344,9.59906615608005,1,4,1
"45045","Greenville County, South Carolina",2021,0.482758620689655,4.55278109182169,177.279453872856,14568,"SC",178.84153460751,178.563882457309,1.51573827521031,5.17772732296334,9.58658262140744,1,4,1
"45057","Lancaster County, South Carolina",2021,0.380952380952381,4.21355359076466,235.285004163194,1537,"SC",236.224954462659,248.272030884199,1.43830637497333,5.46079756298927,7.3375877435386,1,4,1
"45079","Richland County, South Carolina",2021,0.229050279329609,4.4842058307912,188.265754899758,9246,"SC",188.283028767738,190.317996188462,1.50056140754425,5.23785455454465,9.13194630454817,1,4,1
"45083","Spartanburg County, South Carolina",2021,0.425,4.58742312113406,176.678509804588,6860,"SC",175.01920622547,180.020407828767,1.52331845490437,5.17433175226095,8.83346272071993,1,4,1
"45091","York County, South Carolina",2021,0.538461538461538,4.4807718808001,186.354274457534,5702,"SC",184.84334450692,184.586478146876,1.4997953264073,5.22764956345417,8.64857226947262,1,4,1
"46065","Hughes County, South Dakota",2021,0.242424242424242,4.05169711745931,216.86715583417,554,"SD",210.883263736515,211.352040816327,1.39913583469312,5.37928498098266,6.31716468674728,1,4,1
"46119","Sully County, South Dakota",2021,0.242424242424242,1.93681859771259,1455.57655954631,23,"SD",2031.25,2000,0.661046728884228,7.28315736197157,3.13549421592915,1,4,1
"47001","Anderson County, Tennessee",2021,1,4.23188215259418,229.070114498435,1478,"TN",228.517878795426,229.374213136391,1.44264684742776,5.43402813354074,7.29844510150815,1,4,1
"47037","Davidson County, Tennessee",2021,0.601279317697228,4.61065674219736,176.873490497059,20969,"TN",176.591446322989,172.932296039723,1.52837030720854,5.17543473406884,9.95080043558675,1,4,1
"47047","Fayette County, Tennessee",2021,0.333333333333333,3.95503812125993,267.21563365651,608,"TN",298.140233759492,292.390022675737,1.37499023992409,5.58805594914442,6.41017488196617,1,4,1
"47065","Hamilton County, Tennessee",2021,0.285714285714286,4.60999925268936,173.870277050934,9469,"TN",181.605131684903,184.45508354425,1.52822769490212,5.15830948697567,9.1557785839835,1,4,1
"47093","Knox County, Tennessee",2021,1,4.55611055776206,176.604065055592,11958,"TN",178.177166148076,179.24845937865,1.51646931170009,5.17391030633978,9.38915578944085,1,4,1
"47157","Shelby County, Tennessee",2021,0.401709401709402,4.57807180000542,175.246212058473,19810,"TN",175.74256325792,178.518647207387,1.52127790511325,5.16619191117881,9.8939421396926,1,4,1
"47187","Williamson County, Tennessee",2021,0.478632478632479,4.46112938399378,176.655955957771,7958,"TN",177.047415205012,174.98455958355,1.49540195908662,5.17420408938606,8.98193299098687,1,4,1
"48029","Bexar County, Texas",2021,0.284552845528455,4.51620728596995,199.145806522533,37960,"TX",199.19164334809,198.54356023371,1.50767254558167,5.29403725252688,10.5442882527239,1,4,1
"48039","Brazoria County, Texas",2021,0.541666666666667,4.48448699424557,206.360062303138,6153,"TX",205.920835540686,211.41033525888,1.50062410641463,5.32962251829121,8.72469504674049,1,4,1
"48041","Brazos County, Texas",2021,0.805342567400445,4.44488516486515,201.008280591878,4607,"TX",199.972556212161,199.195952052,1.49175403395614,5.30334610418502,8.43533216493592,1,4,1
"48057","Calhoun County, Texas",2021,0.636363636363636,3.65719247404364,374.925609998016,355,"TX",349.952732747453,364.000891067053,1.29669576945948,5.92672763295319,5.87211778947542,1,4,1
"48085","Collin County, Texas",2021,0.178919631093544,4.31986621029479,240.491121279925,28277,"TX",243.204348333401,242.38593879769,1.46322443193728,5.48268317110935,10.2498040323466,1,4,1
"48113","Dallas County, Texas",2021,0.308264862252296,4.58929844305372,174.395221952105,69844,"TX",176.035000741939,175.921497315045,1.52372716773991,5.16132411403595,11.154019462642,1,4,1
"48121","Denton County, Texas",2021,0.181223134036733,4.43756993147323,217.383831964158,17850,"TX",219.284035444325,220.131357524829,1.49010691388259,5.38166460193145,9.78975878720778,1,4,1
"48141","El Paso County, Texas",2021,0.25,4.50324744481953,206.927595571216,15435,"TX",205.701292090071,205.778721228774,1.50479879091328,5.33236895222893,9.64439293693626,1,4,1
"48157","Fort Bend County, Texas",2021,0.147079037800687,4.4359591500608,201.81688440206,16253,"TX",208.182400764386,210.432404888333,1.48974386071281,5.30736077340885,9.69603278610318,1,4,1
"48167","Galveston County, Texas",2021,0.25,4.46227655425174,208.467806720576,6206,"TX",208.406059074399,210.538651277073,1.49565907397576,5.33978462509944,8.73327184500832,1,4,1
"48185","Grimes County, Texas",2021,0.318181818181818,3.65189773313527,340.413842258833,367,"TX",355.173911590765,333.285524758866,1.29524695936562,5.83016206055761,5.90536184805457,1,4,1
"48201","Harris County, Texas",2021,0.31276031806134,4.61115126583165,175.458696735681,108259,"TX",176.088851197759,176.569373845298,1.52847755811516,5.16740366897221,11.5922817832863,1,4,1
"48215","Hidalgo County, Texas",2021,0.636363636363636,4.44401260062127,206.26073082326,12535,"TX",206.197639276883,206.718749725272,1.49155770719669,5.32914105209536,9.43628001059239,1,4,1
"48245","Jefferson County, Texas",2021,0.150793650793651,4.49105975209408,196.756470465219,5628,"TX",200.644484869908,204.78810854116,1.50208869886993,5.2819667734923,8.63550941823428,1,4,1
"48339","Montgomery County, Texas",2021,0.282828282828283,4.52486125536505,180.666266511515,13493,"TX",179.870388333588,179.962588406372,1.50958691488403,5.19665149788817,9.50992631143079,1,4,1
"48375","Potter County, Texas",2021,NA,4.4726471405975,196.696911117677,3434,"TX",203.045801766573,199.417372310306,1.49798043481933,5.28166402175202,8.14148104145742,1,4,1
"48381","Randall County, Texas",2021,NA,4.33541625846707,197.931602773945,2664,"TX",198.925917708718,197.198260711157,1.46681762833705,5.28792153048058,7.88758403166028,1,4,1
"48439","Tarrant County, Texas",2021,0.338485316846986,4.56954323061341,184.020528098072,45913,"TX",185.384084812023,185.533475240416,1.51941325037328,5.21504731713638,10.734503580349,1,4,1
"48453","Travis County, Texas",2021,0.246202200104767,4.49831457822232,189.05175676604,39897,"TX",186.632511368199,183.764094099057,1.50370278844652,5.24202082289382,10.5940564120813,1,4,1
"48473","Waller County, Texas",2021,0.454545454545455,4.19091659845365,207.315957933242,810,"TX",208.431001014258,206.987380751117,1.4329194685907,5.3342439963788,6.69703424766648,1,4,1
"48491","Williamson County, Texas",2021,0.422727272727273,4.42969127535139,199.795895205768,13321,"TX",199.54292972813,197.464370093889,1.48832989209168,5.29729632148774,9.49709701635146,1,4,1
"49035","Salt Lake County, Utah",2021,0.339563862928349,4.56787945530456,170.962012345839,34577,"UT",168.547786156915,168.117564434088,1.51904908306168,5.14144138179936,10.4509440001239,1,4,1
"49049","Utah County, Utah",2021,0.43125,4.43823875261214,193.358386899729,16138,"UT",194.015293186947,192.458387555475,1.49025762040726,5.26454539388902,9.68893201840845,1,4,1
"49051","Wasatch County, Utah",2021,0.172413793103448,3.94714783095361,289.175667513634,1121,"UT",295.833432480666,293.215279844541,1.37299324998328,5.66703434951677,7.02197642307216,1,4,1
"50007","Chittenden County, Vermont",2021,0.166666666666667,4.57697845153254,161.069983115241,5564,"VT",158.025286650845,157.41489357706,1.52103905367103,5.08183894827388,8.62407255304333,1,4,1
"51003","Albemarle County, Virginia",2021,0.361111111111111,4.36931540531047,187.792769345226,2789,"VA",188.11611169063,183.014251421283,1.47460633901169,5.23533906414384,7.93343838762749,1,4,1
"51013","Arlington County, Virginia",2021,0.265734265734266,4.02999844722629,344.772607939281,6251,"VA",355.515345323003,354.865434589378,1.39376599065487,5.8428850923022,8.74049672993181,1,4,1
"51041","Chesterfield County, Virginia",2021,0.257142857142857,4.41548016700799,190.854033766706,7759,"VA",188.32080367405,190.56586806078,1.48511658624139,5.25150891476409,8.95660873889395,1,4,1
"51059","Fairfax County, Virginia",2021,0.121125043538837,4.17666687266802,324.620963549129,31711,"VA",330.499911192486,332.040424554298,1.42951352956182,5.78265823570962,10.3644189028283,1,4,1
"51075","Goochland County, Virginia",2021,0.969465648854962,3.91673767333202,277.19335880025,603,"VA",267.464193013519,268.400072068826,1.36525908111909,5.62471530887669,6.40191719672719,1,4,1
"51085","Hanover County, Virginia",2021,0.139130434782609,4.37548836290624,198.192585162609,3220,"VA",199.661103449573,201.870655909456,1.47601813938702,5.28923921031117,8.07713663853845,1,4,1
"51087","Henrico County, Virginia",2021,0.522041763341067,4.50867673797211,169.11261347427,9403,"VA",170.563972072089,172.961464318683,1.50600370424795,5.13056484492797,9.14878406627708,1,4,1
"51107","Loudoun County, Virginia",2021,0.138177486599166,4.08203164013985,439.302035979023,11633,"VA",421.453145515891,411.877766537849,1.40659481549427,6.08518718556927,9.36160116581677,1,4,1
"51153","Prince William County, Virginia",2021,0.197916666666667,4.27505973111316,232.766343545279,8952,"VA",233.001001781893,236.463058546235,1.45279807448133,5.45003513300568,9.09963224999176,1,4,1
"51161","Roanoke County, Virginia",2021,0.45,4.30683706056049,196.343376955144,1967,"VA",195.990809682411,194.675813051954,1.46020377404929,5.27986504964353,7.58426481838906,1,4,1
"51181","Surry County, Virginia",2021,0.212121212121212,1.96467222265698,1608.99653979239,34,"VA",1050,1363.26530612245,0.675325423599102,7.38336599645706,3.52636052461616,1,4,1
"51183","Sussex County, Virginia",2021,0.193548387096774,2.87978851202421,682.3224852071,104,"VA",692.561983471074,735.610957217605,1.05771685812657,6.52550239829391,4.64439089914137,1,4,1
"51510","Alexandria city, Virginia",2021,0.259259259259259,4.15431504427399,273.612882653061,4480,"VA",271.326504169077,264.559482003067,1.42414756376108,5.61171427036015,8.40737832540903,1,4,1
"51540","Charlottesville city, Virginia",2021,0.371428571428571,4.23195765402994,272.333514245406,1923,"VA",274.305689509578,261.760782198134,1.44266468836934,5.60702747049549,7.56164174558878,1,4,1
"51550","Chesapeake city, Virginia",2021,0.114285714285714,4.41676673091484,199.839671042704,5640,"VA",199.648371274785,198.864132231405,1.48540791956367,5.29751540027255,8.6376393444921,1,4,1
"51600","Fairfax city, Virginia",2021,0.114241001564945,3.91965740145306,364.296001954657,1932,"VA",376.319969459196,379.066519171502,1.36600425239448,5.89796672935824,7.56631101477246,1,4,1
"51610","Falls Church city, Virginia",2021,0.00285001781261133,3.79821462778005,357.455454044908,773,"VA",342.076813472959,341.480001960592,1.33453112153067,5.87901075030014,6.65027904858742,1,4,1
"51683","Manassas city, Virginia",2021,0.0454545454545455,4.03682004008796,265.546141588801,1418,"VA",257.806418476996,254.847494975986,1.39545726324231,5.58178861687695,7.25700270709207,1,4,1
"51685","Manassas Park city, Virginia",2021,0.0434782608695652,2.96414515040126,694.78720343987,257,"VA",744.341831425598,750.201500403001,1.08658867735533,6.54360561658058,5.54907608489522,1,4,1
"51740","Portsmouth city, Virginia",2021,0.0606060606060606,4.19281541194353,240.889558509905,1535,"VA",235.817452459451,238.609103572418,1.43337244431082,5.48433856501149,7.3362856600213,1,4,1
"51760","Richmond city, Virginia",2021,0.553191489361702,4.51158359907369,196.795797896325,6339,"VA",194.925694976685,198.392523112551,1.50664822249767,5.28216663223737,8.75447630628417,1,4,1
"51770","Roanoke city, Virginia",2021,0.545454545454545,4.44936024405166,189.707774632,3023,"VA",189.179465848946,190.302989755671,1.49276032046127,5.24548485992825,8.01400499477946,1,4,1
"51800","Suffolk city, Virginia",2021,0.108108108108108,4.1618892442538,240.720936598018,1623,"VA",239.940389821672,243.973296502758,1.42596911643375,5.4836383231335,7.39203156751459,1,4,1
"53011","Clark County, Washington",2021,0.818181818181818,4.46238082882458,186.674424422194,11908,"WA",184.745280508788,184.203601113371,1.49568244172387,5.22936605360213,9.38496572213567,1,4,1
"53033","King County, Washington",2021,1,4.51656486767219,190.013354619591,70634,"WA",187.235035218835,187.90858497106,1.50775171988084,5.24709435716197,11.1652668939581,1,4,1
"53053","Pierce County, Washington",2021,0.702702702702703,4.44433411016792,200.401832298228,19371,"WA",196.894730481562,195.804891935761,1.49163005125735,5.30032451237364,9.87153238129458,1,4,1
"53061","Snohomish County, Washington",2021,0.23463687150838,4.42155341982084,217.443400880159,19836,"WA",212.471778260872,212.694328476343,1.48649108679282,5.38193859082577,9.89525374760902,1,4,1
"53063","Spokane County, Washington",2021,0.476190476190476,4.55869934173104,174.14744660548,13780,"WA",168.805409592755,167.291621693617,1.51703735076336,5.15990233466306,9.53097354456765,1,4,1
"53067","Thurston County, Washington",2021,0.0275590551181102,4.42818923366568,195.316795917333,6447,"WA",191.355969769288,196.02675893887,1.4879907496301,5.27462283478558,8.77137018531062,1,4,1
"54039","Kanawha County, West Virginia",2021,0.488372093023256,4.47591123932748,188.510572999073,4409,"WV",186.800874454556,183.574186856748,1.49870995989726,5.23915409549583,8.39140318535794,1,4,1
"55025","Dane County, Wisconsin",2021,0.961783439490446,4.58528710617376,167.96007732166,14335,"WI",167.845370395862,168.520726330484,1.52285272232458,5.12372631617347,9.57045937831747,1,4,1
"55073","Marathon County, Wisconsin",2021,1,4.5685048486047,157.468384643581,3303,"WI",159.740178481784,157.241113583953,1.51918598476816,5.05922470569453,8.10258642539079,1,4,1
"55079","Milwaukee County, Wisconsin",2021,0.475961538461538,4.59144424404333,171.051440983987,20136,"WI",171.144963231263,170.223070007883,1.52419462469886,5.14196433573181,9.91026453681515,1,4,1
"55089","Ozaukee County, Wisconsin",2021,0.19047619047619,4.45569340929886,177.606221572485,2716,"WI",177.140393504206,173.722589119273,1.49418269624057,5.17956886132109,7.90691548867859,1,4,1
"55101","Racine County, Wisconsin",2021,0.153846153846154,4.52953518942907,171.143063199357,3969,"WI",169.803012847033,164.967448582061,1.51061932704041,5.14249983362228,8.28626945278307,1,4,1
"55133","Waukesha County, Wisconsin",2021,0.137931034482759,4.61949036173374,156.761179157975,12655,"WI",153.21627296975,152.460292791954,1.53028438769586,5.05472349536218,9.44580767297922,1,4,1
"55141","Wood County, Wisconsin",2021,0.9,4.36046613726831,184.851630521187,1635,"WI",180.177022046199,174.53084642094,1.47257896386374,5.21955350612376,7.39939808333135,1,4,1
"01017","Chambers County, Alabama",2022,0.22,3.63945323497188,406.468215530078,526,"AL",412.797132363923,476.042616778901,1.29183346019341,6.00750573535291,6.26530121273771,1,5,1
"01073","Jefferson County, Alabama",2022,0.65,4.55174761970872,180.85800085245,16864,"AL",179.143489819896,182.53083397234,1.51551125146199,5.19771219768744,9.73293645134109,1,5,1
"01081","Lee County, Alabama",2022,0.209876543209877,4.3682393936541,235.245877581243,3213,"AL",230.717412721978,233.934562624463,1.47436004318029,5.46063125474656,8.07496035911586,1,5,1
"01087","Macon County, Alabama",2022,0.242424242424242,2.82998796193361,698.611111111111,120,"AL",740.264650283554,619.554113334535,1.04027245791239,6.54909423707177,4.78749174278205,1,5,1
"01089","Madison County, Alabama",2022,0.285714285714286,4.42952824748952,202.143614985678,9155,"AL",198.559591783295,204.816373505847,1.48829308797785,5.30897841006075,9.12205545710861,1,5,1
"01101","Montgomery County, Alabama",2022,0.22972972972973,4.53891121257533,174.970578512397,5500,"AL",173.308918918481,180.428236734925,1.51268716227295,5.16461783700299,8.61250337122056,1,5,1
"01117","Shelby County, Alabama",2022,0.28,4.49348849032807,176.933963075242,5478,"AL",172.931865238118,174.175909885797,1.50262934670833,5.17577657298807,8.60849534982302,1,5,1
"04013","Maricopa County, Arizona",2022,1,4.51304459720892,191.135392580138,107504,"AZ",188.824193113653,187.269145136062,1.50697200273907,5.25298203859897,11.5852833351599,1,5,1
"04019","Pima County, Arizona",2022,0.475,4.51582419909333,186.467082597888,20995,"AZ",184.648299959238,182.734544313287,1.50758771707382,5.22825472269015,9.95203959311829,1,5,1
"04021","Pinal County, Arizona",2022,1,4.43841367697342,194.774109563244,4466,"AZ",193.885898446636,189.801546603107,1.4902970326435,5.27184047458919,8.4042484324001,1,5,1
"05007","Benton County, Arkansas",2022,0.863636363636364,4.35111133372297,233.243549835218,7470,"AR",254.460050898991,263.75923058277,1.47043129148816,5.45208318590551,8.91865027812686,1,5,1
"05119","Pulaski County, Arkansas",2022,0.299539170506912,4.5362753593327,179.738762768352,12160,"AR",177.55770509491,183.199504080354,1.51210626990322,5.19150447875462,9.40590715552016,1,5,1
"06001","Alameda County, California",2022,0.200784826684107,4.56666516328082,194.767138917698,41931,"CA",190.596642599923,192.104933446339,1.51878321495734,5.27180468559085,10.643780689153,1,5,1
"06013","Contra Costa County, California",2022,0.151996565049377,4.42819982311481,202.445919208434,25569,"CA",197.823490943414,196.40643910336,1.48799314099956,5.31047278524085,10.1491359591904,1,5,1
"06017","El Dorado County, California",2022,0.13,4.340182798873,221.626756152496,4910,"CA",219.861625736591,224.193757187986,1.4679164667813,5.40099468834491,8.49902922078857,1,5,1
"06019","Fresno County, California",2022,0.5,4.48831848300302,205.268026649978,18849,"CA",199.430179310345,198.464536258951,1.50147812893859,5.32431657224681,9.84421514107106,1,5,1
"06029","Kern County, California",2022,0.96,4.46969112939895,217.866393828647,14154,"CA",210.453370584948,208.674904852411,1.49731930766959,5.38388200256041,9.55775254863573,1,5,1
"06037","Los Angeles County, California",2022,0.287047619047619,4.53881811505158,190.33996834473,303964,"CA",187.117840437336,186.704004394444,1.51266665108113,5.2488117803351,12.6246645523234,1,5,1
"06041","Marin County, California",2022,0.31740614334471,4.40906280237333,197.26232485148,10003,"CA",197.354003353697,199.434301486225,1.4836621504053,5.28453444117818,9.21064032698518,1,5,1
"06053","Monterey County, California",2022,0.275862068965517,4.468783879593,206.34061898951,9017,"CA",202.964934405954,202.848866144648,1.49711630887883,5.32952829351997,9.10686696349991,1,5,1
"06059","Orange County, California",2022,0.306522473808719,4.51892852735951,193.161488135775,106144,"CA",190.209490881735,189.535671108477,1.50827491427386,5.26352656513685,11.5725519417468,1,5,1
"06061","Placer County, California",2022,0.425,4.40827368220829,202.927079292716,11975,"CA",200.943229798082,199.110075837407,1.48348315753857,5.3128466992017,9.39057642227912,1,5,1
"06065","Riverside County, California",2022,0.397849462365591,4.52135423582547,201.431575243366,45502,"CA",199.417252942648,198.766609752705,1.50881155866602,5.30544974676143,10.725511560017,1,5,1
"06067","Sacramento County, California",2022,0.153236459709379,4.48641948234273,198.987452097606,33323,"CA",195.646380320778,195.740957351605,1.50105494094225,5.29324176795056,10.4140031282422,1,5,1
"06071","San Bernardino County, California",2022,0.307443365695793,4.56998373693187,197.968567228375,41953,"CA",191.078482946968,188.392489041087,1.51950964624155,5.28810826672036,10.6443052230452,1,5,1
"06073","San Diego County, California",2022,0.594368340943683,4.51840277270475,193.308647192097,92713,"CA",190.148500169029,190.824135143594,1.50815856252402,5.26428811978226,11.4372639790463,1,5,1
"06075","San Francisco County, California",2022,1,4.34815028999019,241.735108272914,33421,"CA",239.66090719457,242.923093292785,1.46975053397673,5.48784253273767,10.416939723904,1,5,1
"06077","San Joaquin County, California",2022,0.322033898305085,4.46636523028984,219.608081146263,13238,"CA",207.659374457939,202.323567357251,1.49657493025548,5.39184450834929,9.49084676067887,1,5,1
"06081","San Mateo County, California",2022,0.1923828125,4.45988226728965,199.204224025962,21565,"CA",195.777649150821,196.036422891716,1.49512236821487,5.29433054987528,9.97882690908194,1,5,1
"06083","Santa Barbara County, California",2022,0.434343434343434,4.53684083099143,186.097744850457,12299,"CA",185.983462123176,188.492126020571,1.51223091763121,5.2262720456299,9.41727323724241,1,5,1
"06085","Santa Clara County, California",2022,0.273358611055677,4.42305358617707,219.361374090194,48706,"CA",215.650712100031,217.226441843251,1.48683031415919,5.3907204798817,10.7935575047672,1,5,1
"06087","Santa Cruz County, California",2022,0.444444444444444,4.47412876792521,199.593449515622,7109,"CA",192.411642758961,193.714270843854,1.49831164404071,5.29628254528083,8.86911686592948,1,5,1
"06095","Solano County, California",2022,0.196078431372549,4.48522046247642,204.900697467119,7599,"CA",202.044639594199,197.709021001738,1.5007876498158,5.32252545917815,8.93577193866978,1,5,1
"06097","Sonoma County, California",2022,0.417582417582418,4.54028570278862,187.481439731256,14573,"CA",189.271066472544,188.729545067775,1.51298994020289,5.23367985241085,9.5869257805337,1,5,1
"06111","Ventura County, California",2022,0.185022026431718,4.57013033850102,176.332560696624,22691,"CA",173.756478656106,176.873838524826,1.51954172495915,5.17237176149793,10.0297236490813,1,5,1
"08001","Adams County, Colorado",2022,0.461538461538462,4.53285019052154,181.249730664999,11090,"CO",179.95926478424,177.252760210798,1.51135092277406,5.19987580774747,9.31379908034441,1,5,1
"08005","Arapahoe County, Colorado",2022,0.266331658291457,4.45309515169526,184.350537619445,20060,"CO",183.262714830573,180.91359164982,1.49359939410931,5.2168390409734,9.90648306151593,1,5,1
"08013","Boulder County, Colorado",2022,0.335195530726257,4.40456610165883,219.603666498689,12928,"CO",217.690366216048,217.788356219818,1.48264175321054,5.39182440575596,9.46715078076088,1,5,1
"08014","Broomfield County, Colorado",2022,0.366666666666667,4.26740580761979,213.198216890498,2256,"CO",217.378942058303,218.814817002731,1.4510061034147,5.36222232870371,7.72134861261795,1,5,1
"08031","Denver County, Colorado",2022,0.386167146974063,4.48316728724254,203.107715815343,27285,"CO",197.38781924233,196.535979474952,1.5003297803911,5.31373645809291,10.2140923796203,1,5,1
"08035","Douglas County, Colorado",2022,0.205741626794258,4.31494631212259,222.24555013395,10331,"CO",221.115483398897,221.007379054819,1.46208488230795,5.40378285229909,9.24290436284945,1,5,1
"08041","El Paso County, Colorado",2022,0.333333333333333,4.42237279920512,202.195601898517,18706,"CO",199.330033407951,192.658081471267,1.48667638444599,5.30923555510607,9.8365996069945,1,5,1
"08059","Jefferson County, Colorado",2022,0.575,4.40796356811901,202.611302542609,18007,"CO",198.141181199156,197.073304687459,1.48341280687068,5.31128937773438,9.7985158501695,1,5,1
"08069","Larimer County, Colorado",2022,0.8,4.47340429888166,190.88321144353,11671,"CO",191.640067453251,185.347860779315,1.49814970688111,5.25166178261886,9.36486241141235,1,5,1
"08123","Weld County, Colorado",2022,0.375,4.4934127931843,184.472573598508,7245,"CO",181.500330945447,181.145202833577,1.50261250060279,5.21750079984808,8.88806685475478,1,5,1
"10003","New Castle County, Delaware",2022,0.286885245901639,4.56935700781629,168.880519232456,17551,"DE",165.99277775981,166.398332622121,1.51937249649868,5.12919147809986,9.77286620732769,1,5,1
"11001","District of Columbia, District of Columbia",2022,0.560869565217391,4.18502744747617,270.228209049729,23812,"DC",271.535228180103,274.530703997702,1.43151326245665,5.59926682070489,10.0779449342733,1,5,1
"12001","Alachua County, Florida",2022,0.361702127659574,4.44279101849061,198.255280465135,6568,"FL",198.226057674358,199.05260427718,1.49128278672118,5.28955549554554,8.78996465113226,1,5,1
"12009","Brevard County, Florida",2022,0.0687830687830688,4.47506745647814,193.644174403634,15387,"FL",195.585774030175,193.58025687047,1.49852142568653,5.26602232238733,9.64127827605738,1,5,1
"12011","Broward County, Florida",2022,0.801195814648729,4.51751153697514,182.975407803122,67174,"FL",180.898597411866,180.00166813243,1.50796129732164,5.20935176022164,11.1150415468824,1,5,1
"12031","Duval County, Florida",2022,0.18864774624374,4.51036781567351,180.655998425394,27981,"FL",179.283299761129,179.91418799901,1.50637870577082,5.19659466172212,10.239280987395,1,5,1
"12057","Hillsborough County, Florida",2022,0.128071900014043,4.51388397307671,175.577114525472,42273,"FL",172.645562802533,172.281094516529,1.50715797427162,5.16807834540399,10.6519038633632,1,5,1
"12065","Jefferson County, Florida",2022,0.0909090909090909,3.1974656150325,491.324472166531,201,"FL",511.99464041846,505.142857142857,1.16235850070937,6.19710474897932,5.30330490805908,1,5,1
"12069","Lake County, Florida",2022,0.214285714285714,4.43105022333486,199.712001868285,8558,"FL",200.233381826213,199.000202772091,1.48863662669044,5.29687633810653,9.05462179697676,1,5,1
"12071","Lee County, Florida",2022,0.536585365853659,4.37661421181698,216.550931076512,22093,"FL",217.452893638085,212.093345716067,1.4762754144606,5.37782576724277,10.003016095251,1,5,1
"12073","Leon County, Florida",2022,0.180851063829787,4.38192557166322,204.345729824994,7993,"FL",202.205762471887,204.647562669204,1.47748825601379,5.31981331341316,8.98632143762602,1,5,1
"12081","Manatee County, Florida",2022,0.4,4.44473168025653,195.642671869912,10812,"FL",192.918948280958,190.715835537078,1.49171950274713,5.27628989265167,9.28841190739634,1,5,1
"12086","Miami-Dade County, Florida",2022,0.28694900605013,4.56357805226247,171.51686487909,95791,"FL",169.224874585321,168.928354052668,1.518106976425,5.14468159925859,11.4699240138255,1,5,1
"12095","Orange County, Florida",2022,0.225997045790251,4.51961589823661,183.862822170094,44527,"FL",181.22853239777,180.215337295884,1.50842701196704,5.21418994787776,10.7038510257341,1,5,1
"12097","Osceola County, Florida",2022,0.28125,4.31534419725269,230.665518756185,8179,"FL",228.721900341653,232.935039671583,1.46217708896773,5.44096869044665,9.00932517273497,1,5,1
"12099","Palm Beach County, Florida",2022,0.0907457322551662,4.44967311523557,195.686158400371,54795,"FL",194.879409830485,194.674515364929,1.4928306362296,5.27651214323621,10.9113542278975,1,5,1
"12101","Pasco County, Florida",2022,0.463414634146341,4.42705128135406,196.767246158346,11489,"FL",195.885265317104,193.959461839961,1.48773373745388,5.28202153864457,9.34914533485336,1,5,1
"12103","Pinellas County, Florida",2022,0.298245614035088,4.50127864886559,188.788641008248,31820,"FL",186.82715194037,183.145667621877,1.50436150060731,5.24062808775024,10.3678503018918,1,5,1
"12105","Polk County, Florida",2022,0.774193548387097,4.53796151029358,174.808339735833,13608,"FL",173.651455852032,170.356726863682,1.51247790467637,5.16369017224257,9.5184131340757,1,5,1
"12115","Sarasota County, Florida",2022,0.576923076923077,4.38780664557033,207.637304692284,15621,"FL",206.066377451236,204.432229002783,1.47882947707802,5.33579283019805,9.65637144183101,1,5,1
"12117","Seminole County, Florida",2022,0.192192192192192,4.46081824867345,186.961390629354,14674,"FL",185.259483618033,183.248227801098,1.49533221303267,5.23090212831459,9.59383249927394,1,5,1
"13057","Cherokee County, Georgia",2022,0.166219839142091,4.37185894979206,204.255912668141,6267,"GA",203.262199304857,207.040621730046,1.4751883076237,5.31937368151275,8.74305305022468,1,5,1
"13063","Clayton County, Georgia",2022,0.260869565217391,4.33780274766118,225.50860853672,4104,"GA",217.421063070981,219.831202936954,1.46736794056891,5.41835833354321,8.31971738685061,1,5,1
"13067","Cobb County, Georgia",2022,0.323619631901841,4.4801807860258,185.594236621509,22055,"GA",184.945737184198,183.770716696722,1.49966339963631,5.22356276718412,10.001294612539,1,5,1
"13089","DeKalb County, Georgia",2022,0.277930654925702,4.47538804375106,198.379227645154,18241,"GA",195.262965211662,196.179308131954,1.49859306165479,5.29018049000023,9.81142708668691,1,5,1
"13113","Fayette County, Georgia",2022,0.215909090909091,4.36239664691244,202.953713031897,3872,"GA",203.656560329245,201.849843610702,1.47302159599574,5.3129779384213,8.26152644839647,1,5,1
"13117","Forsyth County, Georgia",2022,0.159457478005865,4.3143985815935,249.320053204302,7725,"GA",225.827774362711,229.400039422862,1.46195793627982,5.51873742533828,8.95221710176595,1,5,1
"13121","Fulton County, Georgia",2022,0.243104021269525,4.44167616496173,208.162742647932,40591,"GA",202.508328487713,206.217635466744,1.49103181983443,5.33832019034963,10.6113016461395,1,5,1
"13135","Gwinnett County, Georgia",2022,0.143026004728132,4.4858939559071,190.658171434247,27128,"GA",188.256023986959,188.555542212348,1.5009377969214,5.25048214630428,10.2083216838055,1,5,1
"13151","Henry County, Georgia",2022,0.0606060606060606,4.28475313522004,230.978374887773,4461,"GA",223.941718848456,232.129792238434,1.45506293900625,5.44232409093517,8.40312823512826,1,5,1
"13217","Newton County, Georgia",2022,0.285714285714286,4.19197255650633,241.702291216994,1537,"GA",242.96756266201,243.287758822684,1.43317140036237,5.48770676725488,7.3375877435386,1,5,1
"13247","Rockdale County, Georgia",2022,0.266666666666667,4.33782961312291,200.940773255563,2196,"GA",201.98670988485,211.732772055737,1.46737413388385,5.30301020421808,7.69439280262942,1,5,1
"13285","Troup County, Georgia",2022,0.16,4.27952624305078,216.29864072782,1597,"GA",219.252896854573,229.624973130375,1.45384231259103,5.37666004874056,7.37588214821501,1,5,1
"15003","Honolulu County, Hawaii",2022,0.413333333333333,4.44986195634181,228.008517497362,20899,"HI",221.78699649182,223.507627526799,1.4928730746502,5.42938298570124,9.94745658991825,1,5,1
"16001","Ada County, Idaho",2022,0.686390532544379,4.48185280908289,184.479443100073,16734,"ID",180.795998174908,178.330003574383,1.50003653438497,5.21753803776117,9.72519785685554,1,5,1
"16015","Boise County, Idaho",2022,0.789855072463768,2.84093401364421,684.116597263534,123,"ID",663.714235767146,716.481114677959,1.04413287614832,6.52812836693082,4.81218435537242,1,5,1
"16039","Elmore County, Idaho",2022,0.789855072463768,3.75552368698133,321.1883841377,394,"ID",307.405480402359,298.909486707862,1.32322773940172,5.77202781746382,5.97635090929793,1,5,1
"17031","Cook County, Illinois",2022,0.375,4.53515783869443,190.414834901013,134752,"IL",186.201213160108,182.972662180833,1.5118598875247,5.24920503371817,11.8111913309617,1,5,1
"17043","DuPage County, Illinois",2022,0.189097103918228,4.54723615710279,176.583609874834,34203,"IL",172.261228373702,169.13349898371,1.51451961039827,5.17379447454703,10.4400686385018,1,5,1
"17089","Kane County, Illinois",2022,0.218954248366013,4.54717428121522,180.110806590887,13383,"IL",177.890792454618,172.364472775512,1.51450600294389,5.19357225366267,9.50174052379638,1,5,1
"17093","Kendall County, Illinois",2022,0.150684931506849,4.13856308331022,271.925242122119,2398,"IL",259.149457431398,247.516707212748,1.42034864626452,5.60552718337988,7.78239033558746,1,5,1
"17097","Lake County, Illinois",2022,0.449678800856531,4.50482352584845,186.394950385749,19944,"IL",182.219578212446,181.607329617866,1.5051487173404,5.22786781167934,9.90068362520339,1,5,1
"17111","McHenry County, Illinois",2022,0.470588235294118,4.48181415880051,194.247607320803,8015,"IL",191.463237301161,187.148216163267,1.50002791061915,5.26913367164707,8.98907006504365,1,5,1
"17113","McLean County, Illinois",2022,0.106854838709677,4.42669786326591,194.932730504088,3372,"IL",192.256266928903,196.120936447313,1.48765390277987,5.27265452727339,8.12326131912175,1,5,1
"17143","Peoria County, Illinois",2022,0.4625,4.50547480098511,184.50597420169,4153,"IL",185.636875222636,184.461207389941,1.50529327973205,5.21768184345331,8.33158624363075,1,5,1
"17161","Rock Island County, Illinois",2022,0.260869565217391,4.4299250489332,208.466172120563,2954,"IL",203.085255520869,201.835164657853,1.48838266493721,5.33977678404979,7.99091546309133,1,5,1
"17163","St. Clair County, Illinois",2022,0.521739130434783,4.47564248849005,189.748446102852,4951,"IL",189.778166554943,186.02672993359,1.49864991426816,5.24569922706093,8.50734485536142,1,5,1
"17167","Sangamon County, Illinois",2022,0.170634920634921,4.48718328006235,187.70590568869,4762,"IL",187.174798606557,187.624930158294,1.50122517306455,5.23487640654284,8.46842302704681,1,5,1
"17197","Will County, Illinois",2022,0.248618784530387,4.44879413427679,218.71546445351,16835,"IL",209.624335062917,199.812091577737,1.49263307839475,5.38777163598992,9.73121533159518,1,5,1
"18003","Allen County, Indiana",2022,0.346153846153846,4.61413565899865,164.491603476464,9537,"IN",160.906347513571,158.073519519163,1.52912456092287,5.10285952620644,9.16293424957891,1,5,1
"18005","Bartholomew County, Indiana",2022,0.583333333333333,4.37864948159323,191.609364135054,1806,"IN",185.323930909063,187.590594162957,1.47674033930677,5.25545873769873,7.49886973397693,1,5,1
"18011","Boone County, Indiana",2022,0.464285714285714,4.3410546164487,188.84546497577,1698,"IN",196.104145210298,192.892111276437,1.46811731777452,5.24092903497428,7.43720636687129,1,5,1
"18057","Hamilton County, Indiana",2022,0.326666666666667,4.38670197445016,205.082110422156,10104,"IN",204.543627167875,203.500278729394,1.47857768608348,5.32341043758888,9.22068666403033,1,5,1
"18063","Hendricks County, Indiana",2022,0.27027027027027,4.37631594420308,208.60407356742,3746,"IN",210.945082889139,210.249307479224,1.47620726182858,5.34043807050361,8.22844388300403,1,5,1
"18085","Kosciusko County, Indiana",2022,0.465116279069767,4.45315360503812,190.373992555153,1936,"IN",188.572548360908,179.381024578823,1.49361252047585,5.24899051930456,7.56837926783652,1,5,1
"18097","Marion County, Indiana",2022,0.187604690117253,4.61400969153515,167.155750925016,23933,"IN",164.531173156649,162.882054189976,1.52909726021211,5.11892601804759,10.0830135386946,1,5,1
"18157","Tippecanoe County, Indiana",2022,0.380952380952381,4.41470642541632,214.289714148752,3667,"IN",207.776165610137,210.666021659748,1.48494133703561,5.36732890388829,8.20712916807133,1,5,1
"19049","Dallas County, Iowa",2022,0.163461538461538,4.19353058721168,217.880442442069,2345,"IA",219.098532297415,217.364370172987,1.43354300137344,5.38394648318199,7.76004068088038,1,5,1
"19113","Linn County, Iowa",2022,0.5,4.56175686433201,168.323477875598,5742,"IA",168.02854129391,165.839143310179,1.51770782659186,5.12588759161962,8.65556286068101,1,5,1
"19153","Polk County, Iowa",2022,0.251633986928105,4.55704989034672,165.350965409324,13771,"IA",163.111660855721,161.561700752197,1.51667546029,5.10807027799149,9.53032021072713,1,5,1
"19169","Story County, Iowa",2022,0.043956043956044,4.34175824702632,206.859767772989,2082,"IA",192.467773980911,187.738175836727,1.46827939211385,5.33204111332014,7.64108424917491,1,5,1
"20091","Johnson County, Kansas",2022,0.239700374531835,4.46940116113792,180.579604584559,18739,"KS",175.964267127792,174.44477731291,1.49725443122539,5.19617170318017,9.83836219257567,1,5,1
"20173","Sedgwick County, Kansas",2022,0.441176470588235,4.56671235419007,181.043391943869,12494,"KS",177.442013344232,176.897864924103,1.51879354868309,5.19873673703061,9.43300380805352,1,5,1
"20177","Shawnee County, Kansas",2022,0.4,4.43218406392817,192.423360170983,4084,"KS",172.503556162342,170.165322733934,1.48889247925232,5.25969794547155,8.31483217928456,1,5,1
"21015","Boone County, Kentucky",2022,0.153846153846154,4.50773408178982,180.275116280713,3102,"KY",181.544798860174,179.897223961604,1.50579460636974,5.19448410782113,8.03980234373648,1,5,1
"21029","Bullitt County, Kentucky",2022,0.25974025974026,4.14765054760862,221.777415084003,1184,"KY",235.184661313584,237.975121687399,1.42254204082239,5.40167424414108,7.07665381544395,1,5,1
"21067","Fayette County, Kentucky",2022,0.40625,4.54790437219624,173.869802266853,9056,"KY",172.950658736724,172.065955969868,1.51466654932516,5.15830675629199,9.11118280044296,1,5,1
"21111","Jefferson County, Kentucky",2022,0.229166666666667,4.60478572924275,167.453012353399,20052,"KY",168.912165139038,169.07547816923,1.52709613860143,5.12070278864782,9.90608417838339,1,5,1
"21117","Kenton County, Kentucky",2022,0.27027027027027,4.39605774546182,197.590387523911,3159,"KY",193.624563983757,195.119654839455,1.48070817236543,5.28619613799645,8.05801080080209,1,5,1
"22033","East Baton Rouge Parish, Louisiana",2022,0.269230769230769,4.54336325725804,176.148043565996,12452,"LA",172.628207127801,175.379769289248,1.5136675433557,5.17132479808915,9.4296365315615,1,5,1
"22049","Jackson Parish, Louisiana",2022,0.04,3.05880901596664,591.989673347915,167,"LA",598.072562358277,666.666666666667,1.11802562973382,6.3834891910628,5.11799381241676,1,5,1
"22051","Jefferson Parish, Louisiana",2022,0.147058823529412,4.53755432241999,183.144758615198,11663,"LA",181.288392970453,181.247180993559,1.5123881714025,5.21027687082569,9.36417671669105,1,5,1
"22061","Lincoln Parish, Louisiana",2022,0.04,4.17982044087145,228.43137864533,1061,"LA",222.509794156857,223.962270093222,1.43026828888468,5.43123585295723,6.96696713861398,1,5,1
"22071","Orleans Parish, Louisiana",2022,0.555555555555556,4.37662699080507,261.655496923136,9894,"LA",256.060753999246,269.00305003655,1.47627833429059,5.56702874128524,9.19968379178765,1,5,1
"22111","Union Parish, Louisiana",2022,0.04,3.51457737357348,364.269050815207,277,"LA",372.820835958832,355.830443558822,1.25691928291958,5.89789274519071,5.62401750618734,1,5,1
"23005","Cumberland County, Maine",2022,0.645161290322581,4.57815326474941,172.434619699594,12120,"ME",170.304292807105,168.035888187026,1.52129569950852,5.15001814839237,9.40261225962331,1,5,1
"24003","Anne Arundel County, Maryland",2022,0.371134020618557,4.48099283559309,192.11052237024,14572,"MD",196.460326610498,198.239181319412,1.49984463696164,5.25807084375716,9.58685715812845,1,5,1
"24005","Baltimore County, Maryland",2022,0.223529411764706,4.5102568139934,176.998691997286,20291,"MD",177.871666511982,179.039398384512,1.50635409512917,5.17614234270068,9.91793271696762,1,5,1
"24021","Frederick County, Maryland",2022,0.354166666666667,4.42032234103822,193.579653125538,6389,"MD",190.47377121217,193.006682896023,1.4862126212672,5.26568907182729,8.76233304060234,1,5,1
"24027","Howard County, Maryland",2022,0.25398773006135,4.32397336559582,252.565048909239,9785,"MD",247.691319055194,246.59042495957,1.46417474009005,5.53166883497975,9.18860587983018,1,5,1
"24031","Montgomery County, Maryland",2022,0.303016400963413,4.34643003455001,212.930059104867,27675,"MD",212.65867528876,216.513681567071,1.46935482644435,5.36096375077713,10.2282847575768,1,5,1
"24033","Prince George's County, Maryland",2022,0.331775700934579,4.43093417977848,198.90168549652,16160,"MD",199.150859804651,202.945076484864,1.48861043762237,5.29281065991412,9.69029433207509,1,5,1
"24510","Baltimore city, Maryland",2022,0.272401433691756,4.52640881305784,207.271841797403,12298,"MD",204.997425698355,210.210806759119,1.50992886859796,5.33403117711092,9.41719192651341,1,5,1
"25005","Bristol County, Massachusetts",2022,0.407894736842105,4.54465752613802,195.110605125232,13082,"MA",192.384717449039,189.100582443329,1.51395237300554,5.27356660353377,9.47899251852116,1,5,1
"25009","Essex County, Massachusetts",2022,0.516320474777448,4.53263170273518,193.956307035056,19724,"MA",195.787485758021,190.289633964261,1.51130272064008,5.26763291222838,9.88959144734402,1,5,1
"25013","Hampden County, Massachusetts",2022,1,4.57282765625173,178.20802228449,9333,"MA",174.691901276248,173.283078181482,1.52013175672579,5.18295153245489,9.14131178556575,1,5,1
"25017","Middlesex County, Massachusetts",2022,0.383210509452099,4.52281323361781,184.001301727209,44436,"MA",183.78425890925,181.904203757354,1.50913419705367,5.21494283218836,10.7018052307016,1,5,1
"25021","Norfolk County, Massachusetts",2022,0.119428090832632,4.52037909601075,181.617549520716,20534,"MA",179.823448796051,178.484706113602,1.50859586112602,5.20190309982794,9.92983732785891,1,5,1
"25023","Plymouth County, Massachusetts",2022,0.445378151260504,4.47608146298653,201.755929599372,13205,"MA",197.203011062422,195.478362274083,1.49874799023637,5.30705869754528,9.48835082473123,1,5,1
"25025","Suffolk County, Massachusetts",2022,0.497264021887825,4.4262199155603,217.046342154571,21865,"MA",214.308764865256,216.197893020236,1.48754592759745,5.38011088905612,9.99264246384702,1,5,1
"25027","Worcester County, Massachusetts",2022,0.314176245210728,4.55211884799935,185.261919195789,18971,"MA",181.750881786761,180.255204758021,1.51559280544615,5.22177060324425,9.85066677635255,1,5,1
"26021","Berrien County, Michigan",2022,1,4.52635511241317,186.119189628004,3463,"MI",183.714848953061,182.48987254642,1.50991700467549,5.22638727293733,8.14989054440242,1,5,1
"26045","Eaton County, Michigan",2022,0.333333333333333,4.42614933703572,197.804236369577,2087,"MI",200.676559046486,199.33287605678,1.48752998191724,5.28727783639898,7.6434829070772,1,5,1
"26065","Ingham County, Michigan",2022,0.380952380952381,4.48672275091671,193.224287672734,6013,"MI",192.792102866127,193.157777777778,1.50112253567466,5.26385162646904,8.70167907103957,1,5,1
"26075","Jackson County, Michigan",2022,0.315789473684211,4.53279630578969,167.851784238801,2895,"MI",166.75508802694,167.984808921395,1.51133903509857,5.12308135332964,7.9707403900071,1,5,1
"26077","Kalamazoo County, Michigan",2022,0.615384615384615,4.56727468912466,182.443087509031,5592,"MI",181.014442772193,178.09488690407,1.51891667890709,5.20643827512187,8.62909228391365,1,5,1
"26081","Kent County, Michigan",2022,0.34640522875817,4.67230272816674,152.912760110934,17503,"MI",151.983914197755,148.849627157828,1.54165203969531,5.02986756341587,9.77012757379084,1,5,1
"26099","Macomb County, Michigan",2022,0.401606425702811,4.5189078579605,191.804794495321,19437,"MI",185.91236394768,185.15160575147,1.50827034030325,5.25647815950563,9.87493374511807,1,5,1
"26111","Midland County, Michigan",2022,0.710526315789474,4.27635547860161,217.127726852219,1726,"MI",215.04107635006,209.941794044037,1.45310112315025,5.38048578338727,7.45356187164337,1,5,1
"26125","Oakland County, Michigan",2022,0.35038503850385,4.57200821666094,172.971258843514,39435,"MI",170.404708428176,170.069539540253,1.51995254310088,5.1531254468435,10.5824090258321,1,5,1
"26139","Ottawa County, Michigan",2022,0.521739130434783,4.5983816136201,163.82665376287,6696,"MI",161.403180954297,162.107630839297,1.52570441846471,5.09880887956632,8.80926561216931,1,5,1
"26159","Van Buren County, Michigan",2022,1,4.26754900201156,228.350099771508,1244,"MI",238.405341690151,239.565992865636,1.4510396582243,5.43087997655453,7.12608727329912,1,5,1
"26161","Washtenaw County, Michigan",2022,0.279228149829739,4.50120978098951,191.264027946168,8132,"MI",186.144523574462,183.819259593902,1.50434620086511,5.25365481875489,9.00356217474824,1,5,1
"26163","Wayne County, Michigan",2022,0.28169014084507,4.56509268060931,194.924928292395,33267,"MI",187.411025972564,187.131035419675,1.51843881627442,5.2726145013228,10.4123211936213,1,5,1
"27003","Anoka County, Minnesota",2022,0.428571428571429,4.50211215808365,178.954270783944,8330,"MN",178.248697048562,176.142444370588,1.50454665512039,5.18713030272185,9.02761873516089,1,5,1
"27037","Dakota County, Minnesota",2022,0.204301075268817,4.56695028992799,163.608997005743,10884,"MN",162.864375500639,162.494682381616,1.51884564952089,5.09747941657917,9.29504909990314,1,5,1
"27053","Hennepin County, Minnesota",2022,0.49493487698987,4.59784370832431,160.446304669352,40584,"MN",157.408528483346,158.320471739118,1.52558743453324,5.0779593362489,10.6111291792465,1,5,1
"27109","Olmsted County, Minnesota",2022,1,4.44483440525859,185.55367076095,3662,"MN",182.515603963962,181.438888848931,1.49174261411187,5.22334417044727,8.20576472523446,1,5,1
"27123","Ramsey County, Minnesota",2022,0.410493827160494,4.61588472978322,162.737336906469,13574,"MN",158.879181681289,158.975999102246,1.52950355700995,5.09213747103525,9.5159114772637,1,5,1
"27139","Scott County, Minnesota",2022,0.102564102564103,4.37789172816039,202.793059106404,3552,"MN",200.092501471381,203.458276371573,1.47656726790413,5.31218604581774,8.17526610411206,1,5,1
"27163","Washington County, Minnesota",2022,0.26530612244898,4.44412839652617,181.919146063277,6308,"MN",184.836441983665,183.246932451475,1.49158376346761,5.20356233596789,8.74957394808293,1,5,1
"29051","Cole County, Missouri",2022,0.2,4.41212990149221,181.218980022591,2133,"MO",180.894553112104,178.586832709672,1.48435754372578,5.19970613438491,7.66528471847135,1,5,1
"29071","Franklin County, Missouri",2022,0.225806451612903,4.44236426215433,188.518041427739,2587,"MO",184.449553815334,181.291574608018,1.49118672619706,5.23919371280009,7.85825418218603,1,5,1
"29095","Jackson County, Missouri",2022,0.330578512396694,4.54572269214397,179.849714958287,18169,"MO",177.582834591276,177.121290333773,1.51418672316147,5.19212158525456,9.80747212410244,1,5,1
"29101","Johnson County, Missouri",2022,0.0476190476190476,4.05554418449717,245.667160007026,857,"MO",259.140763406844,256.851529164024,1.40008487942568,5.50397761168892,6.75343791859778,1,5,1
"29129","Mercer County, Missouri",2022,NA,1.92279076928903,1495.19890260631,27,"MO",1493.05555555556,1493.05555555556,0.653777656365145,7.31001452219667,3.29583686600433,1,5,1
"29183","St. Charles County, Missouri",2022,0.0533333333333333,4.43829415097104,199.169923653609,8898,"MO",196.923182374799,191.156978775439,1.49027010238857,5.29415834807636,9.09358181136599,1,5,1
"29189","St. Louis County, Missouri",2022,0.313926940639269,4.46945753503635,204.06268943265,30943,"MO",199.432720920477,196.584709653242,1.49726704444601,5.31842724777733,10.3399020812882,1,5,1
"29510","St. Louis city, Missouri",2022,0.477272727272727,4.348238175636,333.90825360449,9079,"MO",324.703198690109,349.628868652615,1.46977074596384,5.81086626543563,9.11371933337176,1,5,1
"31055","Douglas County, Nebraska",2022,0.662962962962963,4.49852000200623,181.952289567283,16614,"NE",178.025280868319,175.937579229764,1.50374845423755,5.20374450747602,9.71800099239902,1,5,1
"31109","Lancaster County, Nebraska",2022,0.815789473684211,4.48411907288089,182.952621314932,8867,"NE",181.27022221644,178.369097148857,1.50054205991552,5.20922721940265,9.09009179938001,1,5,1
"32003","Clark County, Nevada",2022,0.448087431693989,4.48926244673366,205.797150689899,53456,"NV",203.035104329739,203.230380857167,1.50168842250019,5.32689097825988,10.8866141645965,1,5,1
"32031","Washoe County, Nevada",2022,0.317073170731707,4.59710522977781,166.827446414487,13878,"NV",164.138558045453,165.750407315713,1.52542680752964,5.11696002323774,9.53806013145949,1,5,1
"33011","Hillsborough County, New Hampshire",2022,0.379661016949153,4.5583629166003,178.603494085417,10992,"NH",175.13244159811,172.842300624278,1.51696354954947,5.18516823199916,9.30492301446213,1,5,1
"33015","Rockingham County, New Hampshire",2022,0.316666666666667,4.55462181212773,185.701059231649,10159,"NH",184.621616251787,183.270563338492,1.51614250028974,5.2241381723362,9.22611529109155,1,5,1
"34003","Bergen County, New Jersey",2022,0.206652512384996,4.52626820969877,185.08452518647,31790,"NJ",181.672189226107,181.712690077185,1.50989780522108,5.22081261363438,10.3669070539048,1,5,1
"34005","Burlington County, New Jersey",2022,0.252396166134185,4.53239271315755,175.873470085109,10523,"NJ",172.870575505479,173.506220776532,1.51124999280026,5.16976481652029,9.26131861674081,1,5,1
"34007","Camden County, New Jersey",2022,0.328358208955224,4.50086102435689,186.007663558444,11492,"NJ",183.589471624316,183.170112792948,1.50426871721933,5.22578787479155,9.34940642009918,1,5,1
"34013","Essex County, New Jersey",2022,0.663594470046083,4.52156260412739,187.566663471773,19254,"NJ",187.669638530025,187.089153997411,1.50885764297834,5.23413432073774,9.86547411033791,1,5,1
"34017","Hudson County, New Jersey",2022,0.414224446032881,4.42515334579455,229.624620529917,14113,"NJ",220.821097417235,215.548340781438,1.48730493227629,5.4364458909696,9.55485163741401,1,5,1
"34019","Hunterdon County, New Jersey",2022,0.168539325842697,4.39392669969847,207.027090430163,3614,"NJ",213.8207635064,207.901162968163,1.48022329191578,5.33284965634572,8.19257047115217,1,5,1
"34021","Mercer County, New Jersey",2022,0.153862989713285,4.4618093897018,196.235224668454,9670,"NJ",192.383707133475,192.935811438966,1.49555437651917,5.2793140655146,9.17678358844734,1,5,1
"34023","Middlesex County, New Jersey",2022,0.253932265835341,4.44146916949551,231.614969253123,22180,"NJ",224.479243371123,222.109702068734,1.4909852157413,5.44507637769099,10.0069462609044,1,5,1
"34025","Monmouth County, New Jersey",2022,0.223372781065089,4.43302094711085,212.984655450186,19665,"NJ",212.827274343236,211.769386043103,1.48908128101926,5.36122012297444,9.88659568486591,1,5,1
"34027","Morris County, New Jersey",2022,0.286318758815233,4.51018118803078,184.99364853537,16397,"NJ",184.231751559125,181.94133409261,1.50633732743727,5.22032149224772,9.70485367024987,1,5,1
"34029","Ocean County, New Jersey",2022,0.488372093023256,4.42486030284656,207.834734181574,14658,"NJ",207.419811180889,210.667316899687,1.48723870798337,5.33674321667742,9.59274154048579,1,5,1
"34031","Passaic County, New Jersey",2022,0.242718446601942,4.50804273678581,191.111029236544,12269,"NJ",191.677128294929,188.326057184672,1.5058630763424,5.25285456405775,9.41483103479118,1,5,1
"34035","Somerset County, New Jersey",2022,0.156206415620642,4.4097532043653,206.027872927058,9816,"NJ",202.711523573399,204.284214969352,1.48381872516383,5.32801146510777,9.19176898639075,1,5,1
"34039","Union County, New Jersey",2022,0.512097420285211,4.50116142383775,195.22565244348,14184,"NJ",191.729654265498,189.192002731205,1.50433545766187,5.27415608155099,9.55986984775404,1,5,1
"35001","Bernalillo County, New Mexico",2022,0.346491228070175,4.56072003246131,181.88608354013,16273,"NM",179.377685333281,181.088438212301,1.51748051291666,5.2033805764958,9.69726257166061,1,5,1
"36001","Albany County, New York",2022,0.267489711934156,4.52145277133597,185.573441783617,9313,"NY",183.072815907223,184.443785829938,1.50883335179075,5.22345071627493,9.13916655252166,1,5,1
"36005","Bronx County, New York",2022,0.444444444444444,4.09387287952492,325.408294094933,18258,"NY",327.86121478463,323.207047836426,1.40949143632344,5.78508068338122,9.81235861912503,1,5,1
"36011","Cayuga County, New York",2022,0.384615384615385,4.27180700913125,218.060199307694,1402,"NY",214.351589050443,216.90048568447,1.45203692487228,5.38477116828173,7.24565506759454,1,5,1
"36023","Cortland County, New York",2022,0.333333333333333,4.11303561738808,247.284728553417,863,"NY",228.873307177605,238.352916924345,1.414161348921,5.51054041990493,6.76041469108343,1,5,1
"36027","Dutchess County, New York",2022,0.284090909090909,4.43236210201393,214.811212652784,7520,"NY",211.405989566613,213.788482971786,1.48893264782552,5.36975956170427,8.92532141694389,1,5,1
"36029","Erie County, New York",2022,0.655737704918033,4.59746482480625,177.241962257359,22510,"NY",174.081790674016,174.555334923595,1.5255050265277,5.17751581745799,10.0217149339008,1,5,1
"36047","Kings County, New York",2022,0.363013698630137,4.40802329488305,219.105636886421,61147,"NY",217.602290857322,217.844060835306,1.48342635651974,5.38955397373018,11.0210360802226,1,5,1
"36055","Monroe County, New York",2022,0.164179104477612,4.58544553245968,176.574624850347,17376,"NY",173.140738100922,172.102182556785,1.52288727273449,5.17374359070175,9.76284522273366,1,5,1
"36059","Nassau County, New York",2022,0.320652173913043,4.41007181774854,202.944141883996,48633,"NY",202.143257721581,200.30101189277,1.4838909745299,5.31293077804444,10.7920575918097,1,5,1
"36061","New York County, New York",2022,0.176696490582996,4.31548125790152,228.011504048529,94872,"NY",222.449501185777,222.938423774038,1.46220884969549,5.42939608403476,11.4602838936446,1,5,1
"36067","Onondaga County, New York",2022,0.755555555555556,4.58691571733667,174.284548785142,11199,"NY",167.232541719033,168.675235796932,1.5232078412009,5.16068930135126,9.32357976758269,1,5,1
"36069","Ontario County, New York",2022,0.0486111111111111,4.45914089365232,204.35184513312,2815,"NY",206.35430092223,198.703621929482,1.49495612273581,5.31984323924831,7.94271754057379,1,5,1
"36071","Orange County, New York",2022,0.5,4.4907096581554,196.635044617547,10158,"NY",195.886601223421,189.324760599581,1.50201074230639,5.28134944522328,9.22601685136119,1,5,1
"36079","Putnam County, New York",2022,0.189655172413793,4.2078448560762,263.161738816822,2818,"NY",265.468777545918,261.598219374578,1.43695060595255,5.57276881964703,7.94378269245863,1,5,1
"36081","Queens County, New York",2022,0.248520710059172,4.3380791860853,245.458137645434,50726,"NY",239.115375402351,236.972761115224,1.46743166629186,5.50312641393873,10.8341938786446,1,5,1
"36087","Rockland County, New York",2022,0.172413793103448,4.40510310347673,196.904710142523,10786,"NY",194.076038341877,188.395560259177,1.48276366512483,5.28271990685477,9.28600427589717,1,5,1
"36091","Saratoga County, New York",2022,0.295454545454545,4.42612602054984,199.258042626606,5348,"NY",200.290556962953,199.682065200613,1.48752471400929,5.29460068135561,8.58447793822183,1,5,1
"36099","Seneca County, New York",2022,0.130434782608696,3.8997982989531,287.261835052475,596,"NY",269.385598075933,275.918769179208,1.36092483358101,5.66039411710719,6.39024066706535,1,5,1
"36101","Steuben County, New York",2022,0.533333333333333,4.27781669995725,229.092469035514,1655,"NY",220.785589728738,218.643495404387,1.45344276260743,5.43412571696592,7.41155628781116,1,5,1
"36103","Suffolk County, New York",2022,0.348101265822785,4.46826653330403,205.615133872713,50326,"NY",205.311424393229,200.72438165101,1.49700053325585,5.32600613920237,10.8262771211501,1,5,1
"36109","Tompkins County, New York",2022,0.358974358974359,4.36110583559811,212.931137518125,2151,"NY",211.240628014303,214.864218633945,1.47272565721969,5.36096881540038,7.67368812926773,1,5,1
"36119","Westchester County, New York",2022,0.416666666666667,4.40976226776472,202.572887743607,31047,"NY",200.657908777499,198.097010382929,1.48382078046935,5.31109976125852,10.3432574643363,1,5,1
"36123","Yates County, New York",2022,0.15,3.82090573552594,296.653909782231,471,"NY",300.486195069557,309.212489985286,1.34048749805471,5.69256617239947,6.15485809401642,1,5,1
"37019","Brunswick County, North Carolina",2022,0.513513513513513,4.20745037549164,273.468846450617,2880,"NC",292.31458188332,286.685482975326,1.43685685271538,5.61118770842942,7.96554557312999,1,5,1
"37025","Cabarrus County, North Carolina",2022,0.401129943502825,4.40428474600182,208.670486754446,5062,"NC",209.741027355883,208.948126450539,1.48257787299234,5.34075638939435,8.52951694110507,1,5,1
"37037","Chatham County, North Carolina",2022,0.237762237762238,4.29888759262339,208.213736524985,1586,"NC",211.080581955768,216.503203509658,1.45835628984115,5.33856513155,7.36897040219479,1,5,1
"37063","Durham County, North Carolina",2022,0.94347522679693,4.47671334209444,184.11211929736,8051,"NC",184.1331903421,187.33198328869,1.49888914819268,5.2155449160417,8.99355158629998,1,5,1
"37067","Forsyth County, North Carolina",2022,0.575,4.54449613859442,180.420129778856,8961,"NC",178.637531143281,179.055317680263,1.51391686088866,5.19528818554348,9.10063710688422,1,5,1
"37071","Gaston County, North Carolina",2022,0.0833333333333333,4.44533494092136,207.921298322034,4510,"NC",210.138093940972,216.102367495213,1.4918552184153,5.33715963464826,8.41405243249672,1,5,1
"37081","Guilford County, North Carolina",2022,0.983606557377049,4.62878073273777,162.419853470131,14290,"NC",159.90748327991,159.910613520792,1.53229349275651,5.09018467068744,9.56731527092391,1,5,1
"37097","Iredell County, North Carolina",2022,0.65,4.52801080688268,175.289163150291,5278,"NC",174.517867867354,173.609846514048,1.51028272757707,5.16643697113607,8.57130251706327,1,5,1
"37101","Johnston County, North Carolina",2022,0.347826086956522,4.27240266601581,233.98072998696,3888,"NC",232.376295407138,231.43093956532,1.45217635424215,5.45523876148364,8.26565016558033,1,5,1
"37119","Mecklenburg County, North Carolina",2022,0.408014571948998,4.52085498270008,178.217748952915,35998,"NC",176.27782730375,174.199019762438,1.50870113142112,5.18300611138387,10.4912186603394,1,5,1
"37129","New Hanover County, North Carolina",2022,0.534883720930233,4.44933398954696,198.096315049383,8439,"NC",196.96374048053,196.987463994483,1.49275441970684,5.28875335206447,9.04061909715797,1,5,1
"37141","Pender County, North Carolina",2022,0.620689655172414,3.98374624198253,301.771357262612,1296,"NC",312.449758447548,298.290907777239,1.38222264341229,5.70966963547668,7.16703787691222,1,5,1
"37179","Union County, North Carolina",2022,0.181818181818182,4.37081762392664,207.928680217816,5501,"NC",208.908658699664,203.337823412917,1.47495009090332,5.33719513733511,8.61268517287546,1,5,1
"37183","Wake County, North Carolina",2022,0.69690063810392,4.46915519110546,190.402394821445,32997,"NC",187.07295574945,186.457223461236,1.4971993954852,5.24913970012189,10.4041719272252,1,5,1
"38017","Cass County, North Dakota",2022,0.407407407407407,4.55275253794909,160.73545867187,5851,"ND",159.782460288705,157.785080664927,1.51573200344772,5.07975989975307,8.67436786578824,1,5,1
"39017","Butler County, Ohio",2022,0.271428571428571,4.57730979274042,180.906633979206,7360,"OH",178.784787906427,177.134471191574,1.52111144405227,5.19798106380848,8.90381521172292,1,5,1
"39025","Clermont County, Ohio",2022,1,4.41047150306743,210.389855373541,3639,"OH",203.112285804396,196.534433480919,1.4839816005389,5.34896226379591,8.19946419761216,1,5,1
"39027","Clinton County, Ohio",2022,0.391304347826087,4.04165431133214,250.945903337687,596,"OH",244.780480677917,239.434724476854,1.39665409116078,5.52523739135198,6.39024066706535,1,5,1
"39035","Cuyahoga County, Ohio",2022,0.339233038348083,4.64693360725034,166.433755827889,31674,"OH",164.057032436401,162.975910634115,1.53620756277253,5.1145973673565,10.3632514340517,1,5,1
"39041","Delaware County, Ohio",2022,0.128270580727505,4.39489052959684,210.894357264352,5204,"OH",206.599286563615,208.404666826179,1.48044262288537,5.35135733162349,8.5571828396324,1,5,1
"39049","Franklin County, Ohio",2022,0.128965801400906,4.56570426943707,177.848000233434,30379,"OH",175.901205623656,174.900947411032,1.51857277803746,5.18092925421224,10.3215068592156,1,5,1
"39055","Geauga County, Ohio",2022,0.254545454545455,4.39713169682618,193.643993454646,2777,"OH",198.920950385612,197.43866281089,1.48095244126848,5.26602138794625,7.9291264873068,1,5,1
"39057","Greene County, Ohio",2022,0.115789473684211,4.3067982286201,237.204027956799,3183,"OH",239.995812401902,231.734127090226,1.46019475766095,5.46892064824751,8.06557942728209,1,5,1
"39061","Hamilton County, Ohio",2022,0.193962748876044,4.64961762733962,164.410829641967,21025,"OH",161.544285869099,159.947045459219,1.53678498553849,5.10236835418709,9.95346748484115,1,5,1
"39085","Lake County, Ohio",2022,0.252427184466019,4.52941456199731,189.795069196553,5431,"OH",184.354863988811,181.277944834369,1.5105926953811,5.24594490689503,8.59987855803485,1,5,1
"39089","Licking County, Ohio",2022,0.479166666666667,4.42294654174402,211.578671990874,3141,"OH",206.357061921662,198.714335880477,1.48680611238855,5.35459690091011,8.05229649953865,1,5,1
"39095","Lucas County, Ohio",2022,0.380952380952381,4.54012325797762,197.877155454688,9354,"OH",194.905310371563,189.675454868797,1.512954161019,5.28764641115354,9.14355933828583,1,5,1
"39097","Madison County, Ohio",2022,0.153846153846154,3.94012710733026,263.279121935587,632,"OH",270.522701088355,271.176766532603,1.3712129835332,5.57321476953224,6.44888939414686,1,5,1
"39103","Medina County, Ohio",2022,0.347826086956522,4.53054760240162,173.991314771308,4027,"OH",172.533261531628,174.36098184766,1.51084281572148,5.1590053828613,8.30077696085145,1,5,1
"39109","Miami County, Ohio",2022,0.0909090909090909,4.43368214160174,198.770162693614,2107,"OH",186.690578351859,189.158762368776,1.48923042202139,5.29214919590403,7.65302041380419,1,5,1
"39113","Montgomery County, Ohio",2022,0.233830845771144,4.60056649913357,179.799874512306,10879,"OH",178.080256759804,179.759859736328,1.52617944789802,5.19184442410794,9.29458960442108,1,5,1
"39133","Portage County, Ohio",2022,0.347826086956522,4.50904388973214,185.667368484551,3003,"OH",189.842024948052,188.38790616044,1.50608513319777,5.22395673124064,8.00736706798333,1,5,1
"39153","Summit County, Ohio",2022,0.209944751381215,4.64163146648536,163.543789488838,13339,"OH",158.777820020879,157.455547856863,1.53506591359448,5.09708078009823,9.49844735414104,1,5,1
"39159","Union County, Ohio",2022,0.197633136094675,4.13265276577613,225.534294657926,1097,"OH",214.959261869748,212.464472205698,1.41891951694476,5.41847223011957,7.00033446027523,1,5,1
"39165","Warren County, Ohio",2022,0.242647058823529,4.45374229070374,188.41143959102,4643,"OH",184.482631261161,185.775668619,1.49374470696897,5.23862807999646,8.44311598801992,1,5,1
"40109","Oklahoma County, Oklahoma",2022,0.701754385964912,4.56281969355136,177.743721514805,24595,"OK",174.406085200423,176.68008090549,1.51794078627331,5.18034274606123,10.1102984492294,1,5,1
"40139","Texas County, Oklahoma",2022,0.285714285714286,3.70093919377142,317.86703601108,380,"OK",305.279136447968,302.063212116122,1.30858662359367,5.76163316958991,5.94017125272043,1,5,1
"40143","Tulsa County, Oklahoma",2022,0.449275362318841,4.59736347807115,171.208022546688,19337,"OK",168.42824499447,168.005633119612,1.52548298223677,5.14287932327962,9.86977563805059,1,5,1
"41005","Clackamas County, Oregon",2022,0.368932038834951,4.53512981649118,183.75017128076,12772,"OR",182.434133121819,178.750613751083,1.51185370862403,5.2135770702327,9.45501055383467,1,5,1
"41051","Multnomah County, Oregon",2022,0.404145077720207,4.58044912047891,188.465576356119,27365,"OR",184.59613798062,188.359779863267,1.52179705455834,5.23891537141079,10.217020103578,1,5,1
"41067","Washington County, Oregon",2022,0.457142857142857,4.52760104115257,180.23596180446,16240,"OR",176.639574262167,177.267773664581,1.51019222773294,5.19426689132607,9.69523261371567,1,5,1
"42003","Allegheny County, Pennsylvania",2022,0.171612903225806,4.58239678218081,173.786297801667,33773,"PA",173.405856905204,173.119573569802,1.52222217613125,5.15782637083765,10.4274169456791,1,5,1
"42007","Beaver County, Pennsylvania",2022,0.0314245810055866,4.41715313793746,192.412837608289,3248,"PA",198.012604564697,199.648267936707,1.48549540213734,5.2596432595415,8.08579470128157,1,5,1
"42011","Berks County, Pennsylvania",2022,0.531914893617021,4.5935864303738,174.842615173373,8445,"PA",176.486653604823,177.255298912584,1.52466107635161,5.16388622740655,9.0413298292419,1,5,1
"42017","Bucks County, Pennsylvania",2022,0.217391304347826,4.55896406341348,175.571088113957,19974,"PA",175.24268253571,173.591457799595,1.51709541864123,5.16804402136946,9.90218670680308,1,5,1
"42019","Butler County, Pennsylvania",2022,0.352941176470588,4.61141725664441,157.620250521082,4990,"PA",159.064469094863,158.809166223616,1.52853524070374,5.06018866232332,8.51519118874556,1,5,1
"42029","Chester County, Pennsylvania",2022,0.224426534407936,4.55192717934498,171.249149208702,14974,"PA",171.111791313812,168.540124850749,1.51555069918838,5.14311950900562,9.61407064279063,1,5,1
"42041","Cumberland County, Pennsylvania",2022,0.503030303030303,4.50441364888005,180.655089137925,6431,"PA",179.597552321285,177.154904888741,1.50505772695781,5.19658962845577,8.76888532613486,1,5,1
"42043","Dauphin County, Pennsylvania",2022,0.9,4.55188310797244,175.767789552108,6985,"PA",170.018068173859,170.831879205543,1.51554101722639,5.16916374634843,8.85152027169106,1,5,1
"42045","Delaware County, Pennsylvania",2022,0.697368421052632,4.49122699464237,183.78485324254,13166,"PA",183.35985825169,181.439008159024,1.50212593717082,5.21376579761686,9.48539302802782,1,5,1
"42069","Lackawanna County, Pennsylvania",2022,0.375,4.52137201950098,186.184526314858,5131,"PA",187.333117765865,186.84402335927,1.50881549192132,5.22673825889168,8.54305585094196,1,5,1
"42071","Lancaster County, Pennsylvania",2022,1,4.62308286431873,167.687167354592,13739,"PA",166.583290093808,165.270640104284,1.53106176920598,5.12210014446172,9.52799378292395,1,5,1
"42077","Lehigh County, Pennsylvania",2022,0.333333333333333,4.56618840578014,170.847389692374,8554,"PA",175.048469293648,173.268288805499,1.51867881002026,5.14077070008564,9.05415428878685,1,5,1
"42091","Montgomery County, Pennsylvania",2022,0.191616766467066,4.57216727302993,167.262308535151,26782,"PA",164.639649355788,164.830053511058,1.5199873316653,5.11956328993365,10.1954852990555,1,5,1
"42095","Northampton County, Pennsylvania",2022,0.270833333333333,4.5218722226259,195.618377641066,6438,"PA",201.658924566367,198.1458777733,1.50892611662901,5.27616570840738,8.76997321185875,1,5,1
"42101","Philadelphia County, Pennsylvania",2022,0.0301925696822416,4.43514479129274,231.216767303804,29802,"PA",227.312186120638,230.856034304061,1.48956026264526,5.44335565710889,10.3023307843354,1,5,1
"42125","Washington County, Pennsylvania",2022,0.2109375,4.56541041501273,163.75557532277,5233,"PA",162.786384788579,165.029557981997,1.51850841471828,5.09837492170839,8.56274000637221,1,5,1
"42129","Westmoreland County, Pennsylvania",2022,0.127572016460905,4.56681943232307,176.415343321129,8440,"PA",176.556837699432,171.688177181449,1.51881699593997,5.17284112006864,9.04073758759,1,5,1
"42133","York County, Pennsylvania",2022,0.0878378378378378,4.57582350472051,179.987199204465,8773,"PA",178.799351037231,177.946340031122,1.52078668356105,5.19288573283063,9.07943410212838,1,5,1
"44003","Kent County, Rhode Island",2022,1,4.47088078750628,192.371854059768,4667,"RI",198.511507354482,194.543027842245,1.49758543339967,5.25943023885973,8.44827174594982,1,5,1
"44007","Providence County, Rhode Island",2022,0.53475935828877,4.53858192172729,197.47823043118,16385,"RI",194.881311337306,192.957883187852,1.51261461121875,5.28562835260097,9.70412156113292,1,5,1
"45019","Charleston County, South Carolina",2022,0.317073170731707,4.51511854863764,186.281549763812,15401,"SC",186.719685527411,189.040599634565,1.50743144314388,5.22725923761904,9.64218772135847,1,5,1
"45045","Greenville County, South Carolina",2022,0.482758620689655,4.54098084397649,179.85537358674,15106,"SC",177.279453872856,178.84153460751,1.51314303364765,5.19215304785342,9.62284729487339,1,5,1
"45057","Lancaster County, South Carolina",2022,0.380952380952381,4.18264966546246,234.149917055669,1610,"SC",235.285004163194,236.224954462659,1.43094493697143,5.45596158139361,7.38398945797851,1,5,1
"45079","Richland County, South Carolina",2022,0.229050279329609,4.48785661772194,191.042568949942,9312,"SC",188.265754899758,188.283028767738,1.50137521978713,5.25249627729735,9.13905916997122,1,5,1
"45083","Spartanburg County, South Carolina",2022,0.425,4.60195206829146,172.933270823566,7110,"SC",176.678509804588,175.01920622547,1.52648057615073,5.15290580230669,8.86925752279729,1,5,1
"45091","York County, South Carolina",2022,0.538461538461538,4.477943077442,188.457259747479,6009,"SC",186.354274457534,184.84334450692,1.49916380649282,5.23887124243879,8.70101362433393,1,5,1
"46065","Hughes County, South Dakota",2022,0.242424242424242,4.00433662153926,228.353255724436,537,"SD",216.86715583417,210.883263736515,1.38737792923268,5.43089379713583,6.28599809450886,1,5,1
"46119","Sully County, South Dakota",2022,0.242424242424242,2.06000767331262,1303.15500685871,27,"SD",1455.57655954631,2031.25,0.722709707703593,7.17254353156807,3.29583686600433,1,5,1
"47001","Anderson County, Tennessee",2022,1,4.26168073089521,227.127735896955,1505,"TN",229.070114498435,228.517878795426,1.44966362024055,5.42551257242014,7.31654817718298,1,5,1
"47037","Davidson County, Tennessee",2022,0.601279317697228,4.60684781369778,178.034727607512,21618,"TN",176.873490497059,176.591446322989,1.5275438516981,5.18197863018137,9.98128157997615,1,5,1
"47047","Fayette County, Tennessee",2022,0.333333333333333,3.98435945258707,259.991239145559,591,"TN",267.21563365651,298.140233759492,1.38237655969535,5.56064793485381,6.3818160174061,1,5,1
"47065","Hamilton County, Tennessee",2022,0.285714285714286,4.61364327522257,172.688032298128,9655,"TN",173.870277050934,181.605131684903,1.5290178432002,5.15148668511466,9.17523119486262,1,5,1
"47093","Knox County, Tennessee",2022,1,4.55451432315063,179.747478597225,12277,"TN",176.604065055592,178.177166148076,1.5161189000327,5.19155296922725,9.41548287218084,1,5,1
"47157","Shelby County, Tennessee",2022,0.401709401709402,4.57295045035264,177.586946215852,19579,"TN",175.246212058473,175.74256325792,1.52015860935648,5.17946032681987,9.88221284225727,1,5,1
"47187","Williamson County, Tennessee",2022,0.478632478632479,4.44953969481891,180.025797249174,8367,"TN",176.655955957771,177.047415205012,1.49280065146139,5.19310015867213,9.0320506762956,1,5,1
"48029","Bexar County, Texas",2022,0.284552845528455,4.51397376361598,201.050183514754,39004,"TX",199.145806522533,199.19164334809,1.50717786615337,5.30355454612453,10.571419483955,1,5,1
"48039","Brazoria County, Texas",2022,0.541666666666667,4.48168752034534,207.568634190024,6406,"TX",206.360062303138,205.920835540686,1.49999965414981,5.33546205216019,8.7649903301691,1,5,1
"48041","Brazos County, Texas",2022,0.805342567400445,4.43648514429177,206.767628568619,4759,"TX",201.008280591878,199.972556212161,1.48986242876782,5.3315955954134,8.46779284112111,1,5,1
"48057","Calhoun County, Texas",2022,0.636363636363636,3.69475531964792,371.052631578947,380,"TX",374.925609998016,349.952732747453,1.30691433289713,5.91634391663987,5.94017125272043,1,5,1
"48085","Collin County, Texas",2022,0.178919631093544,4.30225004629626,250.056086307893,29660,"TX",240.491121279925,243.204348333401,1.45913815242383,5.52168523793219,10.2975546156919,1,5,1
"48113","Dallas County, Texas",2022,0.308264862252296,4.58329855787936,176.754107558728,70365,"TX",174.395221952105,176.035000741939,1.52241894804391,5.17475954387711,11.1614512594307,1,5,1
"48121","Denton County, Texas",2022,0.181223134036733,4.41039164540142,228.164237735167,19097,"TX",217.383831964158,219.284035444325,1.48396349399656,5.43006571057714,9.85728653363541,1,5,1
"48141","El Paso County, Texas",2022,0.25,4.50274241897962,210.919071165337,15916,"TX",206.927595571216,205.701292090071,1.50468663759131,5.3514745109229,9.67508017154682,1,5,1
"48157","Fort Bend County, Texas",2022,0.147079037800687,4.42564566214146,205.118302136583,17577,"TX",201.81688440206,208.182400764386,1.48741618016407,5.32358689628279,9.7743465082129,1,5,1
"48167","Galveston County, Texas",2022,0.25,4.44468202008504,215.83639800653,6325,"TX",208.467806720576,208.406059074399,1.49170832986821,5.37452070406283,8.75226531359572,1,5,1
"48185","Grimes County, Texas",2022,0.318181818181818,3.6602142428334,331.943352211524,389,"TX",340.413842258833,355.173911590765,1.29752168199337,5.80496432848934,5.96357934361845,1,5,1
"48201","Harris County, Texas",2022,0.31276031806134,4.60708096814048,178.582385427808,109686,"TX",175.458696735681,176.088851197759,1.52759446082441,5.18505003775441,11.6053770173351,1,5,1
"48215","Hidalgo County, Texas",2022,0.636363636363636,4.44632553046863,207.599594192958,12960,"TX",206.26073082326,206.197639276883,1.49207803159053,5.33561119653529,9.46962296990626,1,5,1
"48245","Jefferson County, Texas",2022,0.150793650793651,4.48539423200107,198.645181046815,5611,"TX",196.756470465219,200.644484869908,1.50082639175949,5.29152022345549,8.63248423575097,1,5,1
"48339","Montgomery County, Texas",2022,0.282828282828283,4.52507359556315,183.69733585505,14443,"TX",180.666266511515,179.870388333588,1.50963384123248,5.21328948942157,9.57796514710117,1,5,1
"48375","Potter County, Texas",2022,NA,4.46719326440762,198.005260150941,3437,"TX",196.696911117677,203.045801766573,1.49676030635632,5.28829359676055,8.14235427684983,1,5,1
"48381","Randall County, Texas",2022,NA,4.34124677242915,203.455469611414,2768,"TX",197.931602773945,198.925917708718,1.46816158161008,5.31544715838917,7.92588031673756,1,5,1
"48439","Tarrant County, Texas",2022,0.338485316846986,4.55933194082009,187.813025196247,46873,"TX",184.020528098072,185.384084812023,1.51717610858738,5.23544692111162,10.7551970956958,1,5,1
"48453","Travis County, Texas",2022,0.246202200104767,4.48758124430537,191.543272843268,41494,"TX",189.05175676604,186.632511368199,1.50131385823109,5.25511375094377,10.6333041174531,1,5,1
"48473","Waller County, Texas",2022,0.454545454545455,4.25189343064452,199.700158000575,944,"TX",207.315957933242,208.431001014258,1.44736439681766,5.29681703161111,6.8501261661455,1,5,1
"48491","Williamson County, Texas",2022,0.422727272727273,4.4087640343669,207.288669372585,14300,"TX",199.795895205768,199.54292972813,1.48359438586148,5.33411235983208,9.568014816248,1,5,1
"49035","Salt Lake County, Utah",2022,0.339563862928349,4.5642327565929,172.445885487361,35221,"UT",170.962012345839,168.547786156915,1.51825042907652,5.15008347993533,10.4693977746057,1,5,1
"49049","Utah County, Utah",2022,0.43125,4.42078375527018,200.230131767868,16974,"UT",193.358386899729,194.015293186947,1.48631700056711,5.29946736388688,9.73943804052962,1,5,1
"49051","Wasatch County, Utah",2022,0.172413793103448,4.01493657096326,279.620017941817,1224,"UT",289.175667513634,295.833432480666,1.39002154925731,5.63343160272468,7.10987946307227,1,5,1
"50007","Chittenden County, Vermont",2022,0.166666666666667,4.55997429586675,162.695987790728,5596,"VT",161.069983115241,158.025286650845,1.51731698663908,5.0918833537533,8.62980733578537,1,5,1
"51003","Albemarle County, Virginia",2022,0.361111111111111,4.36471026062419,189.965551476088,2818,"VA",187.792769345226,188.11611169063,1.47355180922458,5.24684274770161,7.94378269245863,1,5,1
"51013","Arlington County, Virginia",2022,0.265734265734266,4.04947524339366,333.344224291504,6210,"VA",344.772607939281,355.515345323003,1.39858730319116,5.80917566265479,8.73391617492752,1,5,1
"51041","Chesterfield County, Virginia",2022,0.257142857142857,4.41521815236994,190.14382837257,8088,"VA",190.854033766706,188.32080367405,1.48505724447053,5.24778077722156,8.99813676070031,1,5,1
"51059","Fairfax County, Virginia",2022,0.121125043538837,4.18660451011141,316.360404133416,31656,"VA",324.620963549129,330.499911192486,1.43189002595077,5.75688208309829,10.3626829830653,1,5,1
"51075","Goochland County, Virginia",2022,0.969465648854962,3.96226613312735,258.987414313738,639,"VA",277.19335880025,267.464193013519,1.3768161174307,5.55677946713559,6.45990445437753,1,5,1
"51085","Hanover County, Virginia",2022,0.139130434782609,4.38750096021594,195.79047288725,3310,"VA",198.192585162609,199.661103449573,1.4787598076446,5.27704507154411,8.10470346837111,1,5,1
"51087","Henrico County, Virginia",2022,0.522041763341067,4.50498378566314,170.036916288123,9605,"VA",169.11261347427,170.563972072089,1.50518429186695,5.13601556811163,9.17003907520266,1,5,1
"51107","Loudoun County, Virginia",2022,0.138177486599166,4.05529179168537,467.296520352854,12125,"VA",439.302035979023,421.453145515891,1.40002264347056,6.14696400339758,9.40302471580568,1,5,1
"51153","Prince William County, Virginia",2022,0.197916666666667,4.28005075968841,233.484856066417,9166,"VA",232.766343545279,233.001001781893,1.45396486926366,5.45311721875909,9.12325626506907,1,5,1
"51161","Roanoke County, Virginia",2022,0.45,4.31848571594659,189.091749965839,2046,"VA",196.343376955144,195.990809682411,1.4629048120904,5.24223234682183,7.62364194651157,1,5,1
"51181","Surry County, Virginia",2022,0.212121212121212,2.17542793031965,1350,40,"VA",1608.99653979239,1050,0.777225394760241,7.20785987143248,3.68887945411394,1,5,1
"51183","Sussex County, Virginia",2022,0.193548387096774,2.80010714158605,713.14698692741,97,"VA",682.3224852071,692.561983471074,1.02965768130124,6.5696875519411,4.57471097850338,1,5,1
"51510","Alexandria city, Virginia",2022,0.259259259259259,4.17195885268144,264.877017577549,4449,"VA",273.612882653061,271.326504169077,1.42838567435773,5.57926563365261,8.40043463080604,1,5,1
"51540","Charlottesville city, Virginia",2022,0.371428571428571,4.2302036658538,272.88138755356,2005,"VA",272.333514245406,274.305689509578,1.44225013985509,5.60903722294633,7.60339933974067,1,5,1
"51550","Chesapeake city, Virginia",2022,0.114285714285714,4.39626040239804,206.400551556871,5763,"VA",199.839671042704,199.648371274785,1.48075427100127,5.3298187058755,8.65921345143667,1,5,1
"51600","Fairfax city, Virginia",2022,0.114241001564945,3.93531510082675,356.380669062555,1974,"VA",364.296001954657,376.319969459196,1.3699909551124,5.87599945468275,7.58781721999343,1,5,1
"51610","Falls Church city, Virginia",2022,0.00285001781261133,3.77789470974896,371.424618628637,793,"VA",357.455454044908,342.076813472959,1.32916689938153,5.91734593274396,6.67582322163485,1,5,1
"51683","Manassas city, Virginia",2022,0.0454545454545455,4.07679501643899,258.598302173164,1442,"VA",265.546141588801,257.806418476996,1.40531114453511,5.55527590086054,7.27378631784489,1,5,1
"51685","Manassas Park city, Virginia",2022,0.0434782608695652,2.95609299231436,682.548937942524,245,"VA",694.78720343987,744.341831425598,1.08386846142549,6.5258342284336,5.50125821054473,1,5,1
"51740","Portsmouth city, Virginia",2022,0.0606060606060606,4.21244417547318,241.6282610343,1524,"VA",240.889558509905,235.817452459451,1.43804304347748,5.4874004336994,7.32909373624659,1,5,1
"51760","Richmond city, Virginia",2022,0.553191489361702,4.50641252260588,200.399040949776,6362,"VA",196.795797896325,194.925694976685,1.50550138744367,5.3003105835195,8.75809807230909,1,5,1
"51770","Roanoke city, Virginia",2022,0.545454545454545,4.43319180735063,194.101163214635,3065,"VA",189.707774632,189.179465848946,1.48911982289605,5.26837948301963,8.02780284837031,1,5,1
"51800","Suffolk city, Virginia",2022,0.108108108108108,4.15196071967003,243.526897165781,1687,"VA",240.720936598018,239.940389821672,1.4235806852384,5.49522739706207,7.43070708254597,1,5,1
"53011","Clark County, Washington",2022,0.818181818181818,4.44694267745482,191.057235041225,12329,"WA",186.674424422194,184.745280508788,1.49221682128466,5.25257304305927,9.41970948986855,1,5,1
"53033","King County, Washington",2022,1,4.49944658514582,194.940607474521,70443,"WA",190.013354619591,187.235035218835,1.50395440813477,5.272694935117,11.1625591511411,1,5,1
"53053","Pierce County, Washington",2022,0.702702702702703,4.43294475942988,203.180072265113,20005,"WA",200.401832298228,196.894730481562,1.48906409446937,5.31409264133374,9.90373752129133,1,5,1
"53061","Snohomish County, Washington",2022,0.23463687150838,4.41380508852915,219.801493217794,20151,"WA",217.443400880159,212.471778260872,1.48473714929934,5.39272483547599,9.91100919393497,1,5,1
"53063","Spokane County, Washington",2022,0.476190476190476,4.54651253836072,176.80365292265,14185,"WA",174.14744660548,168.805409592755,1.51436046398509,5.17503981131731,9.55994034724295,1,5,1
"53067","Thurston County, Washington",2022,0.0275590551181102,4.42798145679484,199.887808744088,6621,"WA",195.316795917333,191.355969769288,1.48794382712191,5.29775625287364,8.79800169492485,1,5,1
"54039","Kanawha County, West Virginia",2022,0.488372093023256,4.47386777576654,189.431391742277,4407,"WV",188.510572999073,186.800874454556,1.49825330871224,5.24402691011355,8.39094946484199,1,5,1
"55025","Dane County, Wisconsin",2022,0.961783439490446,4.57566349968958,170.00452231603,14611,"WI",167.96007732166,167.845370395862,1.5207517154666,5.13582503855544,9.58952994867208,1,5,1
"55073","Marathon County, Wisconsin",2022,1,4.53431645118262,166.996018834347,3346,"WI",157.468384643581,159.740178481784,1.51167434479371,5.11796997281731,8.11552088154677,1,5,1
"55079","Milwaukee County, Wisconsin",2022,0.475961538461538,4.57863845748833,175.414754888471,20275,"WI",171.051440983987,171.144963231263,1.52140167390524,5.16715319777106,9.91714387898361,1,5,1
"55089","Ozaukee County, Wisconsin",2022,0.19047619047619,4.43309411855382,179.15359815372,2733,"WI",177.606221572485,177.140393504206,1.48909778688286,5.18824352813604,7.91315518592807,1,5,1
"55101","Racine County, Wisconsin",2022,0.153846153846154,4.52891486130681,172.796229569728,4034,"WI",171.143063199357,169.803012847033,1.51048236583408,5.15211303651228,8.30251371851416,1,5,1
"55133","Waukesha County, Wisconsin",2022,0.137931034482759,4.60490808283472,159.771183982632,12742,"WI",156.761179157975,153.21627296975,1.52712270921158,5.07374269155613,9.45265890267643,1,5,1
"55141","Wood County, Wisconsin",2022,0.9,4.34386103660923,193.305838453553,1635,"WI",184.851630521187,180.177022046199,1.46876359238911,5.26427358986344,7.39939808333135,1,5,1
