"GEO_ID","NAME","YEAR","ESTAB","NAICS","COUNTY","initial_approval","num_petitions","win_rate","h1b_activity"
"0500000US29510","St. Louis city, Missouri",2012,1,1151,"29510",42,86,0.488372093023256,1
"0500000US29510","St. Louis city, Missouri",2012,1,2122,"29510",42,86,0.488372093023256,1
"0500000US29510","St. Louis city, Missouri",2012,1,2131,"29510",42,86,0.488372093023256,1
"0500000US29510","St. Louis city, Missouri",2012,12,2211,"29510",42,86,0.488372093023256,1
"0500000US29510","St. Louis city, Missouri",2012,4,2212,"29510",42,86,0.488372093023256,1
"0500000US29510","St. Louis city, Missouri",2012,1,2213,"29510",42,86,0.488372093023256,1
"0500000US29510","St. Louis city, Missouri",2012,75,2361,"29510",42,86,0.488372093023256,1
"0500000US29510","St. Louis city, Missouri",2012,43,2362,"29510",42,86,0.488372093023256,1
"0500000US29510","St. Louis city, Missouri",2012,9,2371,"29510",42,86,0.488372093023256,1
"0500000US29510","St. Louis city, Missouri",2012,4,2372,"29510",42,86,0.488372093023256,1
"0500000US29510","St. Louis city, Missouri",2012,4,2373,"29510",42,86,0.488372093023256,1
"0500000US29510","St. Louis city, Missouri",2012,2,2379,"29510",42,86,0.488372093023256,1
"0500000US29510","St. Louis city, Missouri",2012,69,2381,"29510",42,86,0.488372093023256,1
"0500000US29510","St. Louis city, Missouri",2012,132,2382,"29510",42,86,0.488372093023256,1
"0500000US29510","St. Louis city, Missouri",2012,56,2383,"29510",42,86,0.488372093023256,1
"0500000US29510","St. Louis city, Missouri",2012,26,2389,"29510",42,86,0.488372093023256,1
"0500000US29510","St. Louis city, Missouri",2012,1,3111,"29510",42,86,0.488372093023256,1
"0500000US29510","St. Louis city, Missouri",2012,3,3112,"29510",42,86,0.488372093023256,1
"0500000US29510","St. Louis city, Missouri",2012,5,3113,"29510",42,86,0.488372093023256,1
"0500000US29510","St. Louis city, Missouri",2012,8,3114,"29510",42,86,0.488372093023256,1
"0500000US29510","St. Louis city, Missouri",2012,2,3115,"29510",42,86,0.488372093023256,1
"0500000US29510","St. Louis city, Missouri",2012,10,3116,"29510",42,86,0.488372093023256,1
"0500000US29510","St. Louis city, Missouri",2012,21,3118,"29510",42,86,0.488372093023256,1
"0500000US29510","St. Louis city, Missouri",2012,13,3119,"29510",42,86,0.488372093023256,1
"0500000US29510","St. Louis city, Missouri",2012,8,3121,"29510",42,86,0.488372093023256,1
"0500000US29510","St. Louis city, Missouri",2012,1,3132,"29510",42,86,0.488372093023256,1
"0500000US29510","St. Louis city, Missouri",2012,1,3133,"29510",42,86,0.488372093023256,1
"0500000US29510","St. Louis city, Missouri",2012,3,3141,"29510",42,86,0.488372093023256,1
"0500000US29510","St. Louis city, Missouri",2012,8,3149,"29510",42,86,0.488372093023256,1
"0500000US29510","St. Louis city, Missouri",2012,5,3152,"29510",42,86,0.488372093023256,1
"0500000US29510","St. Louis city, Missouri",2012,1,3159,"29510",42,86,0.488372093023256,1
"0500000US29510","St. Louis city, Missouri",2012,1,3161,"29510",42,86,0.488372093023256,1
"0500000US29510","St. Louis city, Missouri",2012,1,3211,"29510",42,86,0.488372093023256,1
"0500000US29510","St. Louis city, Missouri",2012,8,3219,"29510",42,86,0.488372093023256,1
"0500000US29510","St. Louis city, Missouri",2012,14,3222,"29510",42,86,0.488372093023256,1
"0500000US29510","St. Louis city, Missouri",2012,60,3231,"29510",42,86,0.488372093023256,1
"0500000US29510","St. Louis city, Missouri",2012,5,3241,"29510",42,86,0.488372093023256,1
"0500000US29510","St. Louis city, Missouri",2012,7,3251,"29510",42,86,0.488372093023256,1
"0500000US29510","St. Louis city, Missouri",2012,4,3252,"29510",42,86,0.488372093023256,1
"0500000US29510","St. Louis city, Missouri",2012,2,3253,"29510",42,86,0.488372093023256,1
"0500000US29510","St. Louis city, Missouri",2012,8,3254,"29510",42,86,0.488372093023256,1
"0500000US29510","St. Louis city, Missouri",2012,9,3255,"29510",42,86,0.488372093023256,1
"0500000US29510","St. Louis city, Missouri",2012,14,3256,"29510",42,86,0.488372093023256,1
"0500000US29510","St. Louis city, Missouri",2012,3,3259,"29510",42,86,0.488372093023256,1
"0500000US29510","St. Louis city, Missouri",2012,12,3261,"29510",42,86,0.488372093023256,1
"0500000US29510","St. Louis city, Missouri",2012,5,3262,"29510",42,86,0.488372093023256,1
"0500000US29510","St. Louis city, Missouri",2012,3,3271,"29510",42,86,0.488372093023256,1
"0500000US29510","St. Louis city, Missouri",2012,2,3272,"29510",42,86,0.488372093023256,1
"0500000US29510","St. Louis city, Missouri",2012,6,3273,"29510",42,86,0.488372093023256,1
"0500000US29510","St. Louis city, Missouri",2012,6,3279,"29510",42,86,0.488372093023256,1
"0500000US29510","St. Louis city, Missouri",2012,1,3312,"29510",42,86,0.488372093023256,1
"0500000US29510","St. Louis city, Missouri",2012,2,3313,"29510",42,86,0.488372093023256,1
"0500000US29510","St. Louis city, Missouri",2012,3,3315,"29510",42,86,0.488372093023256,1
"0500000US29510","St. Louis city, Missouri",2012,7,3321,"29510",42,86,0.488372093023256,1
"0500000US29510","St. Louis city, Missouri",2012,3,3322,"29510",42,86,0.488372093023256,1
"0500000US29510","St. Louis city, Missouri",2012,25,3323,"29510",42,86,0.488372093023256,1
"0500000US29510","St. Louis city, Missouri",2012,4,3324,"29510",42,86,0.488372093023256,1
"0500000US29510","St. Louis city, Missouri",2012,1,3325,"29510",42,86,0.488372093023256,1
"0500000US29510","St. Louis city, Missouri",2012,21,3327,"29510",42,86,0.488372093023256,1
"0500000US29510","St. Louis city, Missouri",2012,16,3328,"29510",42,86,0.488372093023256,1
"0500000US29510","St. Louis city, Missouri",2012,12,3329,"29510",42,86,0.488372093023256,1
"0500000US29510","St. Louis city, Missouri",2012,3,3331,"29510",42,86,0.488372093023256,1
"0500000US29510","St. Louis city, Missouri",2012,4,3332,"29510",42,86,0.488372093023256,1
"0500000US29510","St. Louis city, Missouri",2012,4,3333,"29510",42,86,0.488372093023256,1
"0500000US29510","St. Louis city, Missouri",2012,2,3334,"29510",42,86,0.488372093023256,1
"0500000US29510","St. Louis city, Missouri",2012,10,3335,"29510",42,86,0.488372093023256,1
"0500000US29510","St. Louis city, Missouri",2012,2,3336,"29510",42,86,0.488372093023256,1
"0500000US29510","St. Louis city, Missouri",2012,12,3339,"29510",42,86,0.488372093023256,1
"0500000US29510","St. Louis city, Missouri",2012,1,3341,"29510",42,86,0.488372093023256,1
"0500000US29510","St. Louis city, Missouri",2012,2,3345,"29510",42,86,0.488372093023256,1
"0500000US29510","St. Louis city, Missouri",2012,4,3351,"29510",42,86,0.488372093023256,1
"0500000US29510","St. Louis city, Missouri",2012,4,3353,"29510",42,86,0.488372093023256,1
"0500000US29510","St. Louis city, Missouri",2012,2,3359,"29510",42,86,0.488372093023256,1
"0500000US29510","St. Louis city, Missouri",2012,3,3363,"29510",42,86,0.488372093023256,1
"0500000US29510","St. Louis city, Missouri",2012,1,3364,"29510",42,86,0.488372093023256,1
"0500000US29510","St. Louis city, Missouri",2012,2,3366,"29510",42,86,0.488372093023256,1
"0500000US29510","St. Louis city, Missouri",2012,14,3371,"29510",42,86,0.488372093023256,1
"0500000US29510","St. Louis city, Missouri",2012,13,3372,"29510",42,86,0.488372093023256,1
"0500000US29510","St. Louis city, Missouri",2012,21,3391,"29510",42,86,0.488372093023256,1
"0500000US29510","St. Louis city, Missouri",2012,25,3399,"29510",42,86,0.488372093023256,1
"0500000US29510","St. Louis city, Missouri",2012,31,4231,"29510",42,86,0.488372093023256,1
"0500000US29510","St. Louis city, Missouri",2012,10,4232,"29510",42,86,0.488372093023256,1
"0500000US29510","St. Louis city, Missouri",2012,21,4233,"29510",42,86,0.488372093023256,1
"0500000US29510","St. Louis city, Missouri",2012,40,4234,"29510",42,86,0.488372093023256,1
"0500000US29510","St. Louis city, Missouri",2012,28,4235,"29510",42,86,0.488372093023256,1
"0500000US29510","St. Louis city, Missouri",2012,29,4236,"29510",42,86,0.488372093023256,1
"0500000US29510","St. Louis city, Missouri",2012,24,4237,"29510",42,86,0.488372093023256,1
"0500000US29510","St. Louis city, Missouri",2012,64,4238,"29510",42,86,0.488372093023256,1
"0500000US29510","St. Louis city, Missouri",2012,50,4239,"29510",42,86,0.488372093023256,1
"0500000US29510","St. Louis city, Missouri",2012,11,4241,"29510",42,86,0.488372093023256,1
"0500000US29510","St. Louis city, Missouri",2012,10,4242,"29510",42,86,0.488372093023256,1
"0500000US29510","St. Louis city, Missouri",2012,18,4243,"29510",42,86,0.488372093023256,1
"0500000US29510","St. Louis city, Missouri",2012,68,4244,"29510",42,86,0.488372093023256,1
"0500000US29510","St. Louis city, Missouri",2012,2,4245,"29510",42,86,0.488372093023256,1
"0500000US29510","St. Louis city, Missouri",2012,29,4246,"29510",42,86,0.488372093023256,1
"0500000US29510","St. Louis city, Missouri",2012,6,4247,"29510",42,86,0.488372093023256,1
"0500000US29510","St. Louis city, Missouri",2012,8,4248,"29510",42,86,0.488372093023256,1
"0500000US29510","St. Louis city, Missouri",2012,25,4249,"29510",42,86,0.488372093023256,1
"0500000US29510","St. Louis city, Missouri",2012,41,4251,"29510",42,86,0.488372093023256,1
"0500000US29510","St. Louis city, Missouri",2012,47,4411,"29510",42,86,0.488372093023256,1
"0500000US29510","St. Louis city, Missouri",2012,5,4412,"29510",42,86,0.488372093023256,1
"0500000US29510","St. Louis city, Missouri",2012,54,4413,"29510",42,86,0.488372093023256,1
"0500000US29510","St. Louis city, Missouri",2012,18,4421,"29510",42,86,0.488372093023256,1
"0500000US29510","St. Louis city, Missouri",2012,12,4422,"29510",42,86,0.488372093023256,1
"0500000US29510","St. Louis city, Missouri",2012,42,4431,"29510",42,86,0.488372093023256,1
"0500000US29510","St. Louis city, Missouri",2012,54,4441,"29510",42,86,0.488372093023256,1
"0500000US29510","St. Louis city, Missouri",2012,2,4442,"29510",42,86,0.488372093023256,1
"0500000US29510","St. Louis city, Missouri",2012,152,4451,"29510",42,86,0.488372093023256,1
"0500000US29510","St. Louis city, Missouri",2012,26,4452,"29510",42,86,0.488372093023256,1
"0500000US29510","St. Louis city, Missouri",2012,18,4453,"29510",42,86,0.488372093023256,1
"0500000US29510","St. Louis city, Missouri",2012,81,4461,"29510",42,86,0.488372093023256,1
"0500000US29510","St. Louis city, Missouri",2012,108,4471,"29510",42,86,0.488372093023256,1
"0500000US29510","St. Louis city, Missouri",2012,65,4481,"29510",42,86,0.488372093023256,1
"0500000US29510","St. Louis city, Missouri",2012,17,4482,"29510",42,86,0.488372093023256,1
"0500000US29510","St. Louis city, Missouri",2012,7,4483,"29510",42,86,0.488372093023256,1
"0500000US29510","St. Louis city, Missouri",2012,18,4511,"29510",42,86,0.488372093023256,1
"0500000US29510","St. Louis city, Missouri",2012,9,4512,"29510",42,86,0.488372093023256,1
"0500000US29510","St. Louis city, Missouri",2012,4,4522,"29510",42,86,0.488372093023256,1
"0500000US29510","St. Louis city, Missouri",2012,4,4523,"29510",42,86,0.488372093023256,1
"0500000US29510","St. Louis city, Missouri",2012,30,4523,"29510",42,86,0.488372093023256,1
"0500000US29510","St. Louis city, Missouri",2012,17,4531,"29510",42,86,0.488372093023256,1
"0500000US29510","St. Louis city, Missouri",2012,16,4532,"29510",42,86,0.488372093023256,1
"0500000US29510","St. Louis city, Missouri",2012,22,4533,"29510",42,86,0.488372093023256,1
"0500000US29510","St. Louis city, Missouri",2012,42,4539,"29510",42,86,0.488372093023256,1
"0500000US29510","St. Louis city, Missouri",2012,35,4541,"29510",42,86,0.488372093023256,1
"0500000US29510","St. Louis city, Missouri",2012,6,4542,"29510",42,86,0.488372093023256,1
"0500000US29510","St. Louis city, Missouri",2012,23,4543,"29510",42,86,0.488372093023256,1
"0500000US29510","St. Louis city, Missouri",2012,5,4811,"29510",42,86,0.488372093023256,1
"0500000US29510","St. Louis city, Missouri",2012,2,4832,"29510",42,86,0.488372093023256,1
"0500000US29510","St. Louis city, Missouri",2012,73,4841,"29510",42,86,0.488372093023256,1
"0500000US29510","St. Louis city, Missouri",2012,25,4842,"29510",42,86,0.488372093023256,1
"0500000US29510","St. Louis city, Missouri",2012,1,4851,"29510",42,86,0.488372093023256,1
"0500000US29510","St. Louis city, Missouri",2012,1,4852,"29510",42,86,0.488372093023256,1
"0500000US29510","St. Louis city, Missouri",2012,5,4853,"29510",42,86,0.488372093023256,1
"0500000US29510","St. Louis city, Missouri",2012,8,4854,"29510",42,86,0.488372093023256,1
"0500000US29510","St. Louis city, Missouri",2012,4,4859,"29510",42,86,0.488372093023256,1
"0500000US29510","St. Louis city, Missouri",2012,3,4862,"29510",42,86,0.488372093023256,1
"0500000US29510","St. Louis city, Missouri",2012,1,4869,"29510",42,86,0.488372093023256,1
"0500000US29510","St. Louis city, Missouri",2012,5,4881,"29510",42,86,0.488372093023256,1
"0500000US29510","St. Louis city, Missouri",2012,1,4882,"29510",42,86,0.488372093023256,1
"0500000US29510","St. Louis city, Missouri",2012,12,4883,"29510",42,86,0.488372093023256,1
"0500000US29510","St. Louis city, Missouri",2012,8,4884,"29510",42,86,0.488372093023256,1
"0500000US29510","St. Louis city, Missouri",2012,14,4885,"29510",42,86,0.488372093023256,1
"0500000US29510","St. Louis city, Missouri",2012,2,4889,"29510",42,86,0.488372093023256,1
"0500000US29510","St. Louis city, Missouri",2012,4,4921,"29510",42,86,0.488372093023256,1
"0500000US29510","St. Louis city, Missouri",2012,5,4922,"29510",42,86,0.488372093023256,1
"0500000US29510","St. Louis city, Missouri",2012,34,4931,"29510",42,86,0.488372093023256,1
"0500000US29510","St. Louis city, Missouri",2012,24,5111,"29510",42,86,0.488372093023256,1
"0500000US29510","St. Louis city, Missouri",2012,6,5112,"29510",42,86,0.488372093023256,1
"0500000US29510","St. Louis city, Missouri",2012,22,5121,"29510",42,86,0.488372093023256,1
"0500000US29510","St. Louis city, Missouri",2012,4,5122,"29510",42,86,0.488372093023256,1
"0500000US29510","St. Louis city, Missouri",2012,29,5151,"29510",42,86,0.488372093023256,1
"0500000US29510","St. Louis city, Missouri",2012,2,5152,"29510",42,86,0.488372093023256,1
"0500000US29510","St. Louis city, Missouri",2012,45,5173,"29510",42,86,0.488372093023256,1
"0500000US29510","St. Louis city, Missouri",2012,8,5173,"29510",42,86,0.488372093023256,1
"0500000US29510","St. Louis city, Missouri",2012,9,5179,"29510",42,86,0.488372093023256,1
"0500000US29510","St. Louis city, Missouri",2012,18,5182,"29510",42,86,0.488372093023256,1
"0500000US29510","St. Louis city, Missouri",2012,13,5191,"29510",42,86,0.488372093023256,1
"0500000US29510","St. Louis city, Missouri",2012,2,5211,"29510",42,86,0.488372093023256,1
"0500000US29510","St. Louis city, Missouri",2012,115,5221,"29510",42,86,0.488372093023256,1
"0500000US29510","St. Louis city, Missouri",2012,49,5222,"29510",42,86,0.488372093023256,1
"0500000US29510","St. Louis city, Missouri",2012,29,5223,"29510",42,86,0.488372093023256,1
"0500000US29510","St. Louis city, Missouri",2012,50,5231,"29510",42,86,0.488372093023256,1
"0500000US29510","St. Louis city, Missouri",2012,37,5239,"29510",42,86,0.488372093023256,1
"0500000US29510","St. Louis city, Missouri",2012,32,5241,"29510",42,86,0.488372093023256,1
"0500000US29510","St. Louis city, Missouri",2012,123,5242,"29510",42,86,0.488372093023256,1
"0500000US29510","St. Louis city, Missouri",2012,1,5259,"29510",42,86,0.488372093023256,1
"0500000US29510","St. Louis city, Missouri",2012,134,5311,"29510",42,86,0.488372093023256,1
"0500000US29510","St. Louis city, Missouri",2012,67,5312,"29510",42,86,0.488372093023256,1
"0500000US29510","St. Louis city, Missouri",2012,113,5313,"29510",42,86,0.488372093023256,1
"0500000US29510","St. Louis city, Missouri",2012,14,5321,"29510",42,86,0.488372093023256,1
"0500000US29510","St. Louis city, Missouri",2012,22,5322,"29510",42,86,0.488372093023256,1
"0500000US29510","St. Louis city, Missouri",2012,3,5323,"29510",42,86,0.488372093023256,1
"0500000US29510","St. Louis city, Missouri",2012,34,5324,"29510",42,86,0.488372093023256,1
"0500000US29510","St. Louis city, Missouri",2012,2,5331,"29510",42,86,0.488372093023256,1
"0500000US29510","St. Louis city, Missouri",2012,311,5411,"29510",42,86,0.488372093023256,1
"0500000US29510","St. Louis city, Missouri",2012,100,5412,"29510",42,86,0.488372093023256,1
"0500000US29510","St. Louis city, Missouri",2012,132,5413,"29510",42,86,0.488372093023256,1
"0500000US29510","St. Louis city, Missouri",2012,48,5414,"29510",42,86,0.488372093023256,1
"0500000US29510","St. Louis city, Missouri",2012,119,5415,"29510",42,86,0.488372093023256,1
"0500000US29510","St. Louis city, Missouri",2012,109,5416,"29510",42,86,0.488372093023256,1
"0500000US29510","St. Louis city, Missouri",2012,37,5417,"29510",42,86,0.488372093023256,1
"0500000US29510","St. Louis city, Missouri",2012,91,5418,"29510",42,86,0.488372093023256,1
"0500000US29510","St. Louis city, Missouri",2012,57,5419,"29510",42,86,0.488372093023256,1
"0500000US29510","St. Louis city, Missouri",2012,87,5511,"29510",42,86,0.488372093023256,1
"0500000US29510","St. Louis city, Missouri",2012,28,5611,"29510",42,86,0.488372093023256,1
"0500000US29510","St. Louis city, Missouri",2012,12,5612,"29510",42,86,0.488372093023256,1
"0500000US29510","St. Louis city, Missouri",2012,79,5613,"29510",42,86,0.488372093023256,1
"0500000US29510","St. Louis city, Missouri",2012,46,5614,"29510",42,86,0.488372093023256,1
"0500000US29510","St. Louis city, Missouri",2012,25,5615,"29510",42,86,0.488372093023256,1
"0500000US29510","St. Louis city, Missouri",2012,65,5616,"29510",42,86,0.488372093023256,1
"0500000US29510","St. Louis city, Missouri",2012,109,5617,"29510",42,86,0.488372093023256,1
"0500000US29510","St. Louis city, Missouri",2012,28,5619,"29510",42,86,0.488372093023256,1
"0500000US29510","St. Louis city, Missouri",2012,10,5621,"29510",42,86,0.488372093023256,1
"0500000US29510","St. Louis city, Missouri",2012,4,5622,"29510",42,86,0.488372093023256,1
"0500000US29510","St. Louis city, Missouri",2012,11,5629,"29510",42,86,0.488372093023256,1
"0500000US29510","St. Louis city, Missouri",2012,61,6111,"29510",42,86,0.488372093023256,1
"0500000US29510","St. Louis city, Missouri",2012,4,6112,"29510",42,86,0.488372093023256,1
"0500000US29510","St. Louis city, Missouri",2012,11,6113,"29510",42,86,0.488372093023256,1
"0500000US29510","St. Louis city, Missouri",2012,7,6114,"29510",42,86,0.488372093023256,1
"0500000US29510","St. Louis city, Missouri",2012,11,6115,"29510",42,86,0.488372093023256,1
"0500000US29510","St. Louis city, Missouri",2012,39,6116,"29510",42,86,0.488372093023256,1
"0500000US29510","St. Louis city, Missouri",2012,13,6117,"29510",42,86,0.488372093023256,1
"0500000US29510","St. Louis city, Missouri",2012,137,6211,"29510",42,86,0.488372093023256,1
"0500000US29510","St. Louis city, Missouri",2012,79,6212,"29510",42,86,0.488372093023256,1
"0500000US29510","St. Louis city, Missouri",2012,78,6213,"29510",42,86,0.488372093023256,1
"0500000US29510","St. Louis city, Missouri",2012,52,6214,"29510",42,86,0.488372093023256,1
"0500000US29510","St. Louis city, Missouri",2012,17,6215,"29510",42,86,0.488372093023256,1
"0500000US29510","St. Louis city, Missouri",2012,194,6216,"29510",42,86,0.488372093023256,1
"0500000US29510","St. Louis city, Missouri",2012,11,6219,"29510",42,86,0.488372093023256,1
"0500000US29510","St. Louis city, Missouri",2012,5,6221,"29510",42,86,0.488372093023256,1
"0500000US29510","St. Louis city, Missouri",2012,4,6222,"29510",42,86,0.488372093023256,1
"0500000US29510","St. Louis city, Missouri",2012,2,6223,"29510",42,86,0.488372093023256,1
"0500000US29510","St. Louis city, Missouri",2012,24,6231,"29510",42,86,0.488372093023256,1
"0500000US29510","St. Louis city, Missouri",2012,26,6232,"29510",42,86,0.488372093023256,1
"0500000US29510","St. Louis city, Missouri",2012,19,6233,"29510",42,86,0.488372093023256,1
"0500000US29510","St. Louis city, Missouri",2012,5,6239,"29510",42,86,0.488372093023256,1
"0500000US29510","St. Louis city, Missouri",2012,518,6241,"29510",42,86,0.488372093023256,1
"0500000US29510","St. Louis city, Missouri",2012,44,6242,"29510",42,86,0.488372093023256,1
"0500000US29510","St. Louis city, Missouri",2012,26,6243,"29510",42,86,0.488372093023256,1
"0500000US29510","St. Louis city, Missouri",2012,134,6244,"29510",42,86,0.488372093023256,1
"0500000US29510","St. Louis city, Missouri",2012,25,7111,"29510",42,86,0.488372093023256,1
"0500000US29510","St. Louis city, Missouri",2012,3,7112,"29510",42,86,0.488372093023256,1
"0500000US29510","St. Louis city, Missouri",2012,19,7113,"29510",42,86,0.488372093023256,1
"0500000US29510","St. Louis city, Missouri",2012,3,7114,"29510",42,86,0.488372093023256,1
"0500000US29510","St. Louis city, Missouri",2012,10,7115,"29510",42,86,0.488372093023256,1
"0500000US29510","St. Louis city, Missouri",2012,22,7121,"29510",42,86,0.488372093023256,1
"0500000US29510","St. Louis city, Missouri",2012,1,7131,"29510",42,86,0.488372093023256,1
"0500000US29510","St. Louis city, Missouri",2012,2,7132,"29510",42,86,0.488372093023256,1
"0500000US29510","St. Louis city, Missouri",2012,54,7139,"29510",42,86,0.488372093023256,1
"0500000US29510","St. Louis city, Missouri",2012,53,7211,"29510",42,86,0.488372093023256,1
"0500000US29510","St. Louis city, Missouri",2012,146,7223,"29510",42,86,0.488372093023256,1
"0500000US29510","St. Louis city, Missouri",2012,116,7224,"29510",42,86,0.488372093023256,1
"0500000US29510","St. Louis city, Missouri",2012,723,7225,"29510",42,86,0.488372093023256,1
"0500000US29510","St. Louis city, Missouri",2012,155,8111,"29510",42,86,0.488372093023256,1
"0500000US29510","St. Louis city, Missouri",2012,10,8112,"29510",42,86,0.488372093023256,1
"0500000US29510","St. Louis city, Missouri",2012,21,8113,"29510",42,86,0.488372093023256,1
"0500000US29510","St. Louis city, Missouri",2012,20,8114,"29510",42,86,0.488372093023256,1
"0500000US29510","St. Louis city, Missouri",2012,72,8121,"29510",42,86,0.488372093023256,1
"0500000US29510","St. Louis city, Missouri",2012,31,8122,"29510",42,86,0.488372093023256,1
"0500000US29510","St. Louis city, Missouri",2012,39,8123,"29510",42,86,0.488372093023256,1
"0500000US29510","St. Louis city, Missouri",2012,112,8129,"29510",42,86,0.488372093023256,1
"0500000US29510","St. Louis city, Missouri",2012,277,8131,"29510",42,86,0.488372093023256,1
"0500000US29510","St. Louis city, Missouri",2012,63,8132,"29510",42,86,0.488372093023256,1
"0500000US29510","St. Louis city, Missouri",2012,41,8133,"29510",42,86,0.488372093023256,1
"0500000US29510","St. Louis city, Missouri",2012,33,8134,"29510",42,86,0.488372093023256,1
"0500000US29510","St. Louis city, Missouri",2012,107,8139,"29510",42,86,0.488372093023256,1
"0500000US29510","St. Louis city, Missouri",2013,1,1151,"29510",42,86,0.488372093023256,1
"0500000US29510","St. Louis city, Missouri",2013,1,2122,"29510",42,86,0.488372093023256,1
"0500000US29510","St. Louis city, Missouri",2013,1,2131,"29510",42,86,0.488372093023256,1
"0500000US29510","St. Louis city, Missouri",2013,13,2211,"29510",42,86,0.488372093023256,1
"0500000US29510","St. Louis city, Missouri",2013,5,2212,"29510",42,86,0.488372093023256,1
"0500000US29510","St. Louis city, Missouri",2013,1,2213,"29510",42,86,0.488372093023256,1
"0500000US29510","St. Louis city, Missouri",2013,73,2361,"29510",42,86,0.488372093023256,1
"0500000US29510","St. Louis city, Missouri",2013,46,2362,"29510",42,86,0.488372093023256,1
"0500000US29510","St. Louis city, Missouri",2013,10,2371,"29510",42,86,0.488372093023256,1
"0500000US29510","St. Louis city, Missouri",2013,1,2372,"29510",42,86,0.488372093023256,1
"0500000US29510","St. Louis city, Missouri",2013,5,2373,"29510",42,86,0.488372093023256,1
"0500000US29510","St. Louis city, Missouri",2013,1,2379,"29510",42,86,0.488372093023256,1
"0500000US29510","St. Louis city, Missouri",2013,65,2381,"29510",42,86,0.488372093023256,1
"0500000US29510","St. Louis city, Missouri",2013,126,2382,"29510",42,86,0.488372093023256,1
"0500000US29510","St. Louis city, Missouri",2013,53,2383,"29510",42,86,0.488372093023256,1
"0500000US29510","St. Louis city, Missouri",2013,20,2389,"29510",42,86,0.488372093023256,1
"0500000US29510","St. Louis city, Missouri",2013,2,3111,"29510",42,86,0.488372093023256,1
"0500000US29510","St. Louis city, Missouri",2013,3,3112,"29510",42,86,0.488372093023256,1
"0500000US29510","St. Louis city, Missouri",2013,6,3113,"29510",42,86,0.488372093023256,1
"0500000US29510","St. Louis city, Missouri",2013,9,3114,"29510",42,86,0.488372093023256,1
"0500000US29510","St. Louis city, Missouri",2013,2,3115,"29510",42,86,0.488372093023256,1
"0500000US29510","St. Louis city, Missouri",2013,10,3116,"29510",42,86,0.488372093023256,1
"0500000US29510","St. Louis city, Missouri",2013,17,3118,"29510",42,86,0.488372093023256,1
"0500000US29510","St. Louis city, Missouri",2013,10,3119,"29510",42,86,0.488372093023256,1
"0500000US29510","St. Louis city, Missouri",2013,9,3121,"29510",42,86,0.488372093023256,1
"0500000US29510","St. Louis city, Missouri",2013,1,3132,"29510",42,86,0.488372093023256,1
"0500000US29510","St. Louis city, Missouri",2013,1,3133,"29510",42,86,0.488372093023256,1
"0500000US29510","St. Louis city, Missouri",2013,3,3141,"29510",42,86,0.488372093023256,1
"0500000US29510","St. Louis city, Missouri",2013,10,3149,"29510",42,86,0.488372093023256,1
"0500000US29510","St. Louis city, Missouri",2013,4,3152,"29510",42,86,0.488372093023256,1
"0500000US29510","St. Louis city, Missouri",2013,2,3159,"29510",42,86,0.488372093023256,1
"0500000US29510","St. Louis city, Missouri",2013,1,3161,"29510",42,86,0.488372093023256,1
"0500000US29510","St. Louis city, Missouri",2013,2,3211,"29510",42,86,0.488372093023256,1
"0500000US29510","St. Louis city, Missouri",2013,8,3219,"29510",42,86,0.488372093023256,1
"0500000US29510","St. Louis city, Missouri",2013,14,3222,"29510",42,86,0.488372093023256,1
"0500000US29510","St. Louis city, Missouri",2013,57,3231,"29510",42,86,0.488372093023256,1
"0500000US29510","St. Louis city, Missouri",2013,5,3241,"29510",42,86,0.488372093023256,1
"0500000US29510","St. Louis city, Missouri",2013,6,3251,"29510",42,86,0.488372093023256,1
"0500000US29510","St. Louis city, Missouri",2013,4,3252,"29510",42,86,0.488372093023256,1
"0500000US29510","St. Louis city, Missouri",2013,2,3253,"29510",42,86,0.488372093023256,1
"0500000US29510","St. Louis city, Missouri",2013,10,3254,"29510",42,86,0.488372093023256,1
"0500000US29510","St. Louis city, Missouri",2013,9,3255,"29510",42,86,0.488372093023256,1
"0500000US29510","St. Louis city, Missouri",2013,14,3256,"29510",42,86,0.488372093023256,1
"0500000US29510","St. Louis city, Missouri",2013,2,3259,"29510",42,86,0.488372093023256,1
"0500000US29510","St. Louis city, Missouri",2013,11,3261,"29510",42,86,0.488372093023256,1
"0500000US29510","St. Louis city, Missouri",2013,5,3262,"29510",42,86,0.488372093023256,1
"0500000US29510","St. Louis city, Missouri",2013,3,3271,"29510",42,86,0.488372093023256,1
"0500000US29510","St. Louis city, Missouri",2013,3,3272,"29510",42,86,0.488372093023256,1
"0500000US29510","St. Louis city, Missouri",2013,4,3273,"29510",42,86,0.488372093023256,1
"0500000US29510","St. Louis city, Missouri",2013,4,3279,"29510",42,86,0.488372093023256,1
"0500000US29510","St. Louis city, Missouri",2013,1,3312,"29510",42,86,0.488372093023256,1
"0500000US29510","St. Louis city, Missouri",2013,2,3313,"29510",42,86,0.488372093023256,1
"0500000US29510","St. Louis city, Missouri",2013,1,3314,"29510",42,86,0.488372093023256,1
"0500000US29510","St. Louis city, Missouri",2013,3,3315,"29510",42,86,0.488372093023256,1
"0500000US29510","St. Louis city, Missouri",2013,7,3321,"29510",42,86,0.488372093023256,1
"0500000US29510","St. Louis city, Missouri",2013,3,3322,"29510",42,86,0.488372093023256,1
"0500000US29510","St. Louis city, Missouri",2013,22,3323,"29510",42,86,0.488372093023256,1
"0500000US29510","St. Louis city, Missouri",2013,3,3324,"29510",42,86,0.488372093023256,1
"0500000US29510","St. Louis city, Missouri",2013,1,3325,"29510",42,86,0.488372093023256,1
"0500000US29510","St. Louis city, Missouri",2013,21,3327,"29510",42,86,0.488372093023256,1
"0500000US29510","St. Louis city, Missouri",2013,16,3328,"29510",42,86,0.488372093023256,1
"0500000US29510","St. Louis city, Missouri",2013,11,3329,"29510",42,86,0.488372093023256,1
"0500000US29510","St. Louis city, Missouri",2013,2,3331,"29510",42,86,0.488372093023256,1
"0500000US29510","St. Louis city, Missouri",2013,3,3332,"29510",42,86,0.488372093023256,1
"0500000US29510","St. Louis city, Missouri",2013,3,3333,"29510",42,86,0.488372093023256,1
"0500000US29510","St. Louis city, Missouri",2013,2,3334,"29510",42,86,0.488372093023256,1
"0500000US29510","St. Louis city, Missouri",2013,11,3335,"29510",42,86,0.488372093023256,1
"0500000US29510","St. Louis city, Missouri",2013,2,3336,"29510",42,86,0.488372093023256,1
"0500000US29510","St. Louis city, Missouri",2013,12,3339,"29510",42,86,0.488372093023256,1
"0500000US29510","St. Louis city, Missouri",2013,2,3345,"29510",42,86,0.488372093023256,1
"0500000US29510","St. Louis city, Missouri",2013,4,3351,"29510",42,86,0.488372093023256,1
"0500000US29510","St. Louis city, Missouri",2013,4,3353,"29510",42,86,0.488372093023256,1
"0500000US29510","St. Louis city, Missouri",2013,2,3359,"29510",42,86,0.488372093023256,1
"0500000US29510","St. Louis city, Missouri",2013,3,3363,"29510",42,86,0.488372093023256,1
"0500000US29510","St. Louis city, Missouri",2013,1,3364,"29510",42,86,0.488372093023256,1
"0500000US29510","St. Louis city, Missouri",2013,2,3366,"29510",42,86,0.488372093023256,1
"0500000US29510","St. Louis city, Missouri",2013,13,3371,"29510",42,86,0.488372093023256,1
"0500000US29510","St. Louis city, Missouri",2013,13,3372,"29510",42,86,0.488372093023256,1
"0500000US29510","St. Louis city, Missouri",2013,20,3391,"29510",42,86,0.488372093023256,1
"0500000US29510","St. Louis city, Missouri",2013,20,3399,"29510",42,86,0.488372093023256,1
"0500000US29510","St. Louis city, Missouri",2013,28,4231,"29510",42,86,0.488372093023256,1
"0500000US29510","St. Louis city, Missouri",2013,10,4232,"29510",42,86,0.488372093023256,1
"0500000US29510","St. Louis city, Missouri",2013,22,4233,"29510",42,86,0.488372093023256,1
"0500000US29510","St. Louis city, Missouri",2013,39,4234,"29510",42,86,0.488372093023256,1
"0500000US29510","St. Louis city, Missouri",2013,29,4235,"29510",42,86,0.488372093023256,1
"0500000US29510","St. Louis city, Missouri",2013,28,4236,"29510",42,86,0.488372093023256,1
"0500000US29510","St. Louis city, Missouri",2013,24,4237,"29510",42,86,0.488372093023256,1
"0500000US29510","St. Louis city, Missouri",2013,60,4238,"29510",42,86,0.488372093023256,1
"0500000US29510","St. Louis city, Missouri",2013,50,4239,"29510",42,86,0.488372093023256,1
"0500000US29510","St. Louis city, Missouri",2013,11,4241,"29510",42,86,0.488372093023256,1
"0500000US29510","St. Louis city, Missouri",2013,8,4242,"29510",42,86,0.488372093023256,1
"0500000US29510","St. Louis city, Missouri",2013,18,4243,"29510",42,86,0.488372093023256,1
"0500000US29510","St. Louis city, Missouri",2013,62,4244,"29510",42,86,0.488372093023256,1
"0500000US29510","St. Louis city, Missouri",2013,1,4245,"29510",42,86,0.488372093023256,1
"0500000US29510","St. Louis city, Missouri",2013,28,4246,"29510",42,86,0.488372093023256,1
"0500000US29510","St. Louis city, Missouri",2013,6,4247,"29510",42,86,0.488372093023256,1
"0500000US29510","St. Louis city, Missouri",2013,9,4248,"29510",42,86,0.488372093023256,1
"0500000US29510","St. Louis city, Missouri",2013,24,4249,"29510",42,86,0.488372093023256,1
"0500000US29510","St. Louis city, Missouri",2013,39,4251,"29510",42,86,0.488372093023256,1
"0500000US29510","St. Louis city, Missouri",2013,47,4411,"29510",42,86,0.488372093023256,1
"0500000US29510","St. Louis city, Missouri",2013,5,4412,"29510",42,86,0.488372093023256,1
"0500000US29510","St. Louis city, Missouri",2013,52,4413,"29510",42,86,0.488372093023256,1
"0500000US29510","St. Louis city, Missouri",2013,17,4421,"29510",42,86,0.488372093023256,1
"0500000US29510","St. Louis city, Missouri",2013,10,4422,"29510",42,86,0.488372093023256,1
"0500000US29510","St. Louis city, Missouri",2013,44,4431,"29510",42,86,0.488372093023256,1
"0500000US29510","St. Louis city, Missouri",2013,54,4441,"29510",42,86,0.488372093023256,1
"0500000US29510","St. Louis city, Missouri",2013,3,4442,"29510",42,86,0.488372093023256,1
"0500000US29510","St. Louis city, Missouri",2013,152,4451,"29510",42,86,0.488372093023256,1
"0500000US29510","St. Louis city, Missouri",2013,23,4452,"29510",42,86,0.488372093023256,1
"0500000US29510","St. Louis city, Missouri",2013,24,4453,"29510",42,86,0.488372093023256,1
"0500000US29510","St. Louis city, Missouri",2013,87,4461,"29510",42,86,0.488372093023256,1
"0500000US29510","St. Louis city, Missouri",2013,99,4471,"29510",42,86,0.488372093023256,1
"0500000US29510","St. Louis city, Missouri",2013,59,4481,"29510",42,86,0.488372093023256,1
"0500000US29510","St. Louis city, Missouri",2013,16,4482,"29510",42,86,0.488372093023256,1
"0500000US29510","St. Louis city, Missouri",2013,8,4483,"29510",42,86,0.488372093023256,1
"0500000US29510","St. Louis city, Missouri",2013,18,4511,"29510",42,86,0.488372093023256,1
"0500000US29510","St. Louis city, Missouri",2013,9,4512,"29510",42,86,0.488372093023256,1
"0500000US29510","St. Louis city, Missouri",2013,4,4522,"29510",42,86,0.488372093023256,1
"0500000US29510","St. Louis city, Missouri",2013,4,4523,"29510",42,86,0.488372093023256,1
"0500000US29510","St. Louis city, Missouri",2013,34,4523,"29510",42,86,0.488372093023256,1
"0500000US29510","St. Louis city, Missouri",2013,16,4531,"29510",42,86,0.488372093023256,1
"0500000US29510","St. Louis city, Missouri",2013,17,4532,"29510",42,86,0.488372093023256,1
"0500000US29510","St. Louis city, Missouri",2013,21,4533,"29510",42,86,0.488372093023256,1
"0500000US29510","St. Louis city, Missouri",2013,44,4539,"29510",42,86,0.488372093023256,1
"0500000US29510","St. Louis city, Missouri",2013,32,4541,"29510",42,86,0.488372093023256,1
"0500000US29510","St. Louis city, Missouri",2013,7,4542,"29510",42,86,0.488372093023256,1
"0500000US29510","St. Louis city, Missouri",2013,20,4543,"29510",42,86,0.488372093023256,1
"0500000US29510","St. Louis city, Missouri",2013,2,4811,"29510",42,86,0.488372093023256,1
"0500000US29510","St. Louis city, Missouri",2013,3,4832,"29510",42,86,0.488372093023256,1
"0500000US29510","St. Louis city, Missouri",2013,70,4841,"29510",42,86,0.488372093023256,1
"0500000US29510","St. Louis city, Missouri",2013,26,4842,"29510",42,86,0.488372093023256,1
"0500000US29510","St. Louis city, Missouri",2013,2,4851,"29510",42,86,0.488372093023256,1
"0500000US29510","St. Louis city, Missouri",2013,1,4852,"29510",42,86,0.488372093023256,1
"0500000US29510","St. Louis city, Missouri",2013,6,4853,"29510",42,86,0.488372093023256,1
"0500000US29510","St. Louis city, Missouri",2013,7,4854,"29510",42,86,0.488372093023256,1
"0500000US29510","St. Louis city, Missouri",2013,3,4859,"29510",42,86,0.488372093023256,1
"0500000US29510","St. Louis city, Missouri",2013,1,4862,"29510",42,86,0.488372093023256,1
"0500000US29510","St. Louis city, Missouri",2013,6,4881,"29510",42,86,0.488372093023256,1
"0500000US29510","St. Louis city, Missouri",2013,2,4882,"29510",42,86,0.488372093023256,1
"0500000US29510","St. Louis city, Missouri",2013,12,4883,"29510",42,86,0.488372093023256,1
"0500000US29510","St. Louis city, Missouri",2013,5,4884,"29510",42,86,0.488372093023256,1
"0500000US29510","St. Louis city, Missouri",2013,14,4885,"29510",42,86,0.488372093023256,1
"0500000US29510","St. Louis city, Missouri",2013,1,4889,"29510",42,86,0.488372093023256,1
"0500000US29510","St. Louis city, Missouri",2013,5,4921,"29510",42,86,0.488372093023256,1
"0500000US29510","St. Louis city, Missouri",2013,5,4922,"29510",42,86,0.488372093023256,1
"0500000US29510","St. Louis city, Missouri",2013,35,4931,"29510",42,86,0.488372093023256,1
"0500000US29510","St. Louis city, Missouri",2013,24,5111,"29510",42,86,0.488372093023256,1
"0500000US29510","St. Louis city, Missouri",2013,5,5112,"29510",42,86,0.488372093023256,1
"0500000US29510","St. Louis city, Missouri",2013,26,5121,"29510",42,86,0.488372093023256,1
"0500000US29510","St. Louis city, Missouri",2013,5,5122,"29510",42,86,0.488372093023256,1
"0500000US29510","St. Louis city, Missouri",2013,32,5151,"29510",42,86,0.488372093023256,1
"0500000US29510","St. Louis city, Missouri",2013,2,5152,"29510",42,86,0.488372093023256,1
"0500000US29510","St. Louis city, Missouri",2013,34,5173,"29510",42,86,0.488372093023256,1
"0500000US29510","St. Louis city, Missouri",2013,7,5173,"29510",42,86,0.488372093023256,1
"0500000US29510","St. Louis city, Missouri",2013,10,5179,"29510",42,86,0.488372093023256,1
"0500000US29510","St. Louis city, Missouri",2013,23,5182,"29510",42,86,0.488372093023256,1
"0500000US29510","St. Louis city, Missouri",2013,16,5191,"29510",42,86,0.488372093023256,1
"0500000US29510","St. Louis city, Missouri",2013,2,5211,"29510",42,86,0.488372093023256,1
"0500000US29510","St. Louis city, Missouri",2013,112,5221,"29510",42,86,0.488372093023256,1
"0500000US29510","St. Louis city, Missouri",2013,43,5222,"29510",42,86,0.488372093023256,1
"0500000US29510","St. Louis city, Missouri",2013,27,5223,"29510",42,86,0.488372093023256,1
"0500000US29510","St. Louis city, Missouri",2013,56,5231,"29510",42,86,0.488372093023256,1
"0500000US29510","St. Louis city, Missouri",2013,31,5239,"29510",42,86,0.488372093023256,1
"0500000US29510","St. Louis city, Missouri",2013,31,5241,"29510",42,86,0.488372093023256,1
"0500000US29510","St. Louis city, Missouri",2013,119,5242,"29510",42,86,0.488372093023256,1
"0500000US29510","St. Louis city, Missouri",2013,138,5311,"29510",42,86,0.488372093023256,1
"0500000US29510","St. Louis city, Missouri",2013,70,5312,"29510",42,86,0.488372093023256,1
"0500000US29510","St. Louis city, Missouri",2013,113,5313,"29510",42,86,0.488372093023256,1
"0500000US29510","St. Louis city, Missouri",2013,14,5321,"29510",42,86,0.488372093023256,1
"0500000US29510","St. Louis city, Missouri",2013,22,5322,"29510",42,86,0.488372093023256,1
"0500000US29510","St. Louis city, Missouri",2013,2,5323,"29510",42,86,0.488372093023256,1
"0500000US29510","St. Louis city, Missouri",2013,32,5324,"29510",42,86,0.488372093023256,1
"0500000US29510","St. Louis city, Missouri",2013,2,5331,"29510",42,86,0.488372093023256,1
"0500000US29510","St. Louis city, Missouri",2013,311,5411,"29510",42,86,0.488372093023256,1
"0500000US29510","St. Louis city, Missouri",2013,92,5412,"29510",42,86,0.488372093023256,1
"0500000US29510","St. Louis city, Missouri",2013,134,5413,"29510",42,86,0.488372093023256,1
"0500000US29510","St. Louis city, Missouri",2013,52,5414,"29510",42,86,0.488372093023256,1
"0500000US29510","St. Louis city, Missouri",2013,130,5415,"29510",42,86,0.488372093023256,1
"0500000US29510","St. Louis city, Missouri",2013,118,5416,"29510",42,86,0.488372093023256,1
"0500000US29510","St. Louis city, Missouri",2013,40,5417,"29510",42,86,0.488372093023256,1
"0500000US29510","St. Louis city, Missouri",2013,91,5418,"29510",42,86,0.488372093023256,1
"0500000US29510","St. Louis city, Missouri",2013,60,5419,"29510",42,86,0.488372093023256,1
"0500000US29510","St. Louis city, Missouri",2013,95,5511,"29510",42,86,0.488372093023256,1
"0500000US29510","St. Louis city, Missouri",2013,30,5611,"29510",42,86,0.488372093023256,1
"0500000US29510","St. Louis city, Missouri",2013,8,5612,"29510",42,86,0.488372093023256,1
"0500000US29510","St. Louis city, Missouri",2013,88,5613,"29510",42,86,0.488372093023256,1
"0500000US29510","St. Louis city, Missouri",2013,46,5614,"29510",42,86,0.488372093023256,1
"0500000US29510","St. Louis city, Missouri",2013,30,5615,"29510",42,86,0.488372093023256,1
"0500000US29510","St. Louis city, Missouri",2013,66,5616,"29510",42,86,0.488372093023256,1
"0500000US29510","St. Louis city, Missouri",2013,103,5617,"29510",42,86,0.488372093023256,1
"0500000US29510","St. Louis city, Missouri",2013,34,5619,"29510",42,86,0.488372093023256,1
"0500000US29510","St. Louis city, Missouri",2013,10,5621,"29510",42,86,0.488372093023256,1
"0500000US29510","St. Louis city, Missouri",2013,3,5622,"29510",42,86,0.488372093023256,1
"0500000US29510","St. Louis city, Missouri",2013,15,5629,"29510",42,86,0.488372093023256,1
"0500000US29510","St. Louis city, Missouri",2013,66,6111,"29510",42,86,0.488372093023256,1
"0500000US29510","St. Louis city, Missouri",2013,3,6112,"29510",42,86,0.488372093023256,1
"0500000US29510","St. Louis city, Missouri",2013,12,6113,"29510",42,86,0.488372093023256,1
"0500000US29510","St. Louis city, Missouri",2013,5,6114,"29510",42,86,0.488372093023256,1
"0500000US29510","St. Louis city, Missouri",2013,9,6115,"29510",42,86,0.488372093023256,1
"0500000US29510","St. Louis city, Missouri",2013,33,6116,"29510",42,86,0.488372093023256,1
"0500000US29510","St. Louis city, Missouri",2013,12,6117,"29510",42,86,0.488372093023256,1
"0500000US29510","St. Louis city, Missouri",2013,130,6211,"29510",42,86,0.488372093023256,1
"0500000US29510","St. Louis city, Missouri",2013,69,6212,"29510",42,86,0.488372093023256,1
"0500000US29510","St. Louis city, Missouri",2013,78,6213,"29510",42,86,0.488372093023256,1
"0500000US29510","St. Louis city, Missouri",2013,55,6214,"29510",42,86,0.488372093023256,1
"0500000US29510","St. Louis city, Missouri",2013,19,6215,"29510",42,86,0.488372093023256,1
"0500000US29510","St. Louis city, Missouri",2013,152,6216,"29510",42,86,0.488372093023256,1
"0500000US29510","St. Louis city, Missouri",2013,11,6219,"29510",42,86,0.488372093023256,1
"0500000US29510","St. Louis city, Missouri",2013,5,6221,"29510",42,86,0.488372093023256,1
"0500000US29510","St. Louis city, Missouri",2013,4,6222,"29510",42,86,0.488372093023256,1
"0500000US29510","St. Louis city, Missouri",2013,2,6223,"29510",42,86,0.488372093023256,1
"0500000US29510","St. Louis city, Missouri",2013,21,6231,"29510",42,86,0.488372093023256,1
"0500000US29510","St. Louis city, Missouri",2013,27,6232,"29510",42,86,0.488372093023256,1
"0500000US29510","St. Louis city, Missouri",2013,15,6233,"29510",42,86,0.488372093023256,1
"0500000US29510","St. Louis city, Missouri",2013,4,6239,"29510",42,86,0.488372093023256,1
"0500000US29510","St. Louis city, Missouri",2013,1572,6241,"29510",42,86,0.488372093023256,1
"0500000US29510","St. Louis city, Missouri",2013,41,6242,"29510",42,86,0.488372093023256,1
"0500000US29510","St. Louis city, Missouri",2013,28,6243,"29510",42,86,0.488372093023256,1
"0500000US29510","St. Louis city, Missouri",2013,128,6244,"29510",42,86,0.488372093023256,1
"0500000US29510","St. Louis city, Missouri",2013,24,7111,"29510",42,86,0.488372093023256,1
"0500000US29510","St. Louis city, Missouri",2013,2,7112,"29510",42,86,0.488372093023256,1
"0500000US29510","St. Louis city, Missouri",2013,14,7113,"29510",42,86,0.488372093023256,1
"0500000US29510","St. Louis city, Missouri",2013,3,7114,"29510",42,86,0.488372093023256,1
"0500000US29510","St. Louis city, Missouri",2013,5,7115,"29510",42,86,0.488372093023256,1
"0500000US29510","St. Louis city, Missouri",2013,22,7121,"29510",42,86,0.488372093023256,1
"0500000US29510","St. Louis city, Missouri",2013,1,7131,"29510",42,86,0.488372093023256,1
"0500000US29510","St. Louis city, Missouri",2013,2,7132,"29510",42,86,0.488372093023256,1
"0500000US29510","St. Louis city, Missouri",2013,52,7139,"29510",42,86,0.488372093023256,1
"0500000US29510","St. Louis city, Missouri",2013,48,7211,"29510",42,86,0.488372093023256,1
"0500000US29510","St. Louis city, Missouri",2013,137,7223,"29510",42,86,0.488372093023256,1
"0500000US29510","St. Louis city, Missouri",2013,110,7224,"29510",42,86,0.488372093023256,1
"0500000US29510","St. Louis city, Missouri",2013,706,7225,"29510",42,86,0.488372093023256,1
"0500000US29510","St. Louis city, Missouri",2013,151,8111,"29510",42,86,0.488372093023256,1
"0500000US29510","St. Louis city, Missouri",2013,11,8112,"29510",42,86,0.488372093023256,1
"0500000US29510","St. Louis city, Missouri",2013,22,8113,"29510",42,86,0.488372093023256,1
"0500000US29510","St. Louis city, Missouri",2013,21,8114,"29510",42,86,0.488372093023256,1
"0500000US29510","St. Louis city, Missouri",2013,69,8121,"29510",42,86,0.488372093023256,1
"0500000US29510","St. Louis city, Missouri",2013,29,8122,"29510",42,86,0.488372093023256,1
"0500000US29510","St. Louis city, Missouri",2013,38,8123,"29510",42,86,0.488372093023256,1
"0500000US29510","St. Louis city, Missouri",2013,116,8129,"29510",42,86,0.488372093023256,1
"0500000US29510","St. Louis city, Missouri",2013,267,8131,"29510",42,86,0.488372093023256,1
"0500000US29510","St. Louis city, Missouri",2013,65,8132,"29510",42,86,0.488372093023256,1
"0500000US29510","St. Louis city, Missouri",2013,42,8133,"29510",42,86,0.488372093023256,1
"0500000US29510","St. Louis city, Missouri",2013,33,8134,"29510",42,86,0.488372093023256,1
"0500000US29510","St. Louis city, Missouri",2013,114,8139,"29510",42,86,0.488372093023256,1
"0500000US29510","St. Louis city, Missouri",2014,1,1151,"29510",42,86,0.488372093023256,1
"0500000US29510","St. Louis city, Missouri",2014,1,2122,"29510",42,86,0.488372093023256,1
"0500000US29510","St. Louis city, Missouri",2014,1,2131,"29510",42,86,0.488372093023256,1
"0500000US29510","St. Louis city, Missouri",2014,12,2211,"29510",42,86,0.488372093023256,1
"0500000US29510","St. Louis city, Missouri",2014,7,2212,"29510",42,86,0.488372093023256,1
"0500000US29510","St. Louis city, Missouri",2014,1,2213,"29510",42,86,0.488372093023256,1
"0500000US29510","St. Louis city, Missouri",2014,78,2361,"29510",42,86,0.488372093023256,1
"0500000US29510","St. Louis city, Missouri",2014,44,2362,"29510",42,86,0.488372093023256,1
"0500000US29510","St. Louis city, Missouri",2014,12,2371,"29510",42,86,0.488372093023256,1
"0500000US29510","St. Louis city, Missouri",2014,2,2372,"29510",42,86,0.488372093023256,1
"0500000US29510","St. Louis city, Missouri",2014,4,2373,"29510",42,86,0.488372093023256,1
"0500000US29510","St. Louis city, Missouri",2014,2,2379,"29510",42,86,0.488372093023256,1
"0500000US29510","St. Louis city, Missouri",2014,70,2381,"29510",42,86,0.488372093023256,1
"0500000US29510","St. Louis city, Missouri",2014,119,2382,"29510",42,86,0.488372093023256,1
"0500000US29510","St. Louis city, Missouri",2014,59,2383,"29510",42,86,0.488372093023256,1
"0500000US29510","St. Louis city, Missouri",2014,19,2389,"29510",42,86,0.488372093023256,1
"0500000US29510","St. Louis city, Missouri",2014,2,3111,"29510",42,86,0.488372093023256,1
"0500000US29510","St. Louis city, Missouri",2014,3,3112,"29510",42,86,0.488372093023256,1
"0500000US29510","St. Louis city, Missouri",2014,6,3113,"29510",42,86,0.488372093023256,1
"0500000US29510","St. Louis city, Missouri",2014,9,3114,"29510",42,86,0.488372093023256,1
"0500000US29510","St. Louis city, Missouri",2014,2,3115,"29510",42,86,0.488372093023256,1
"0500000US29510","St. Louis city, Missouri",2014,10,3116,"29510",42,86,0.488372093023256,1
"0500000US29510","St. Louis city, Missouri",2014,19,3118,"29510",42,86,0.488372093023256,1
"0500000US29510","St. Louis city, Missouri",2014,12,3119,"29510",42,86,0.488372093023256,1
"0500000US29510","St. Louis city, Missouri",2014,9,3121,"29510",42,86,0.488372093023256,1
"0500000US29510","St. Louis city, Missouri",2014,1,3132,"29510",42,86,0.488372093023256,1
"0500000US29510","St. Louis city, Missouri",2014,1,3133,"29510",42,86,0.488372093023256,1
"0500000US29510","St. Louis city, Missouri",2014,3,3141,"29510",42,86,0.488372093023256,1
"0500000US29510","St. Louis city, Missouri",2014,8,3149,"29510",42,86,0.488372093023256,1
"0500000US29510","St. Louis city, Missouri",2014,4,3152,"29510",42,86,0.488372093023256,1
"0500000US29510","St. Louis city, Missouri",2014,2,3159,"29510",42,86,0.488372093023256,1
"0500000US29510","St. Louis city, Missouri",2014,1,3161,"29510",42,86,0.488372093023256,1
"0500000US29510","St. Louis city, Missouri",2014,1,3211,"29510",42,86,0.488372093023256,1
"0500000US29510","St. Louis city, Missouri",2014,7,3219,"29510",42,86,0.488372093023256,1
"0500000US29510","St. Louis city, Missouri",2014,15,3222,"29510",42,86,0.488372093023256,1
"0500000US29510","St. Louis city, Missouri",2014,50,3231,"29510",42,86,0.488372093023256,1
"0500000US29510","St. Louis city, Missouri",2014,5,3241,"29510",42,86,0.488372093023256,1
"0500000US29510","St. Louis city, Missouri",2014,6,3251,"29510",42,86,0.488372093023256,1
"0500000US29510","St. Louis city, Missouri",2014,4,3252,"29510",42,86,0.488372093023256,1
"0500000US29510","St. Louis city, Missouri",2014,2,3253,"29510",42,86,0.488372093023256,1
"0500000US29510","St. Louis city, Missouri",2014,10,3254,"29510",42,86,0.488372093023256,1
"0500000US29510","St. Louis city, Missouri",2014,10,3255,"29510",42,86,0.488372093023256,1
"0500000US29510","St. Louis city, Missouri",2014,12,3256,"29510",42,86,0.488372093023256,1
"0500000US29510","St. Louis city, Missouri",2014,2,3259,"29510",42,86,0.488372093023256,1
"0500000US29510","St. Louis city, Missouri",2014,11,3261,"29510",42,86,0.488372093023256,1
"0500000US29510","St. Louis city, Missouri",2014,4,3262,"29510",42,86,0.488372093023256,1
"0500000US29510","St. Louis city, Missouri",2014,2,3271,"29510",42,86,0.488372093023256,1
"0500000US29510","St. Louis city, Missouri",2014,3,3272,"29510",42,86,0.488372093023256,1
"0500000US29510","St. Louis city, Missouri",2014,3,3273,"29510",42,86,0.488372093023256,1
"0500000US29510","St. Louis city, Missouri",2014,5,3279,"29510",42,86,0.488372093023256,1
"0500000US29510","St. Louis city, Missouri",2014,1,3312,"29510",42,86,0.488372093023256,1
"0500000US29510","St. Louis city, Missouri",2014,2,3313,"29510",42,86,0.488372093023256,1
"0500000US29510","St. Louis city, Missouri",2014,1,3314,"29510",42,86,0.488372093023256,1
"0500000US29510","St. Louis city, Missouri",2014,3,3315,"29510",42,86,0.488372093023256,1
"0500000US29510","St. Louis city, Missouri",2014,6,3321,"29510",42,86,0.488372093023256,1
"0500000US29510","St. Louis city, Missouri",2014,2,3322,"29510",42,86,0.488372093023256,1
"0500000US29510","St. Louis city, Missouri",2014,24,3323,"29510",42,86,0.488372093023256,1
"0500000US29510","St. Louis city, Missouri",2014,3,3324,"29510",42,86,0.488372093023256,1
"0500000US29510","St. Louis city, Missouri",2014,1,3325,"29510",42,86,0.488372093023256,1
"0500000US29510","St. Louis city, Missouri",2014,21,3327,"29510",42,86,0.488372093023256,1
"0500000US29510","St. Louis city, Missouri",2014,15,3328,"29510",42,86,0.488372093023256,1
"0500000US29510","St. Louis city, Missouri",2014,10,3329,"29510",42,86,0.488372093023256,1
"0500000US29510","St. Louis city, Missouri",2014,2,3331,"29510",42,86,0.488372093023256,1
"0500000US29510","St. Louis city, Missouri",2014,3,3332,"29510",42,86,0.488372093023256,1
"0500000US29510","St. Louis city, Missouri",2014,3,3333,"29510",42,86,0.488372093023256,1
"0500000US29510","St. Louis city, Missouri",2014,2,3334,"29510",42,86,0.488372093023256,1
"0500000US29510","St. Louis city, Missouri",2014,9,3335,"29510",42,86,0.488372093023256,1
"0500000US29510","St. Louis city, Missouri",2014,1,3336,"29510",42,86,0.488372093023256,1
"0500000US29510","St. Louis city, Missouri",2014,10,3339,"29510",42,86,0.488372093023256,1
"0500000US29510","St. Louis city, Missouri",2014,1,3343,"29510",42,86,0.488372093023256,1
"0500000US29510","St. Louis city, Missouri",2014,1,3344,"29510",42,86,0.488372093023256,1
"0500000US29510","St. Louis city, Missouri",2014,2,3345,"29510",42,86,0.488372093023256,1
"0500000US29510","St. Louis city, Missouri",2014,3,3351,"29510",42,86,0.488372093023256,1
"0500000US29510","St. Louis city, Missouri",2014,4,3353,"29510",42,86,0.488372093023256,1
"0500000US29510","St. Louis city, Missouri",2014,2,3359,"29510",42,86,0.488372093023256,1
"0500000US29510","St. Louis city, Missouri",2014,2,3363,"29510",42,86,0.488372093023256,1
"0500000US29510","St. Louis city, Missouri",2014,1,3364,"29510",42,86,0.488372093023256,1
"0500000US29510","St. Louis city, Missouri",2014,1,3366,"29510",42,86,0.488372093023256,1
"0500000US29510","St. Louis city, Missouri",2014,12,3371,"29510",42,86,0.488372093023256,1
"0500000US29510","St. Louis city, Missouri",2014,11,3372,"29510",42,86,0.488372093023256,1
"0500000US29510","St. Louis city, Missouri",2014,19,3391,"29510",42,86,0.488372093023256,1
"0500000US29510","St. Louis city, Missouri",2014,19,3399,"29510",42,86,0.488372093023256,1
"0500000US29510","St. Louis city, Missouri",2014,27,4231,"29510",42,86,0.488372093023256,1
"0500000US29510","St. Louis city, Missouri",2014,11,4232,"29510",42,86,0.488372093023256,1
"0500000US29510","St. Louis city, Missouri",2014,21,4233,"29510",42,86,0.488372093023256,1
"0500000US29510","St. Louis city, Missouri",2014,42,4234,"29510",42,86,0.488372093023256,1
"0500000US29510","St. Louis city, Missouri",2014,28,4235,"29510",42,86,0.488372093023256,1
"0500000US29510","St. Louis city, Missouri",2014,27,4236,"29510",42,86,0.488372093023256,1
"0500000US29510","St. Louis city, Missouri",2014,23,4237,"29510",42,86,0.488372093023256,1
"0500000US29510","St. Louis city, Missouri",2014,54,4238,"29510",42,86,0.488372093023256,1
"0500000US29510","St. Louis city, Missouri",2014,45,4239,"29510",42,86,0.488372093023256,1
"0500000US29510","St. Louis city, Missouri",2014,9,4241,"29510",42,86,0.488372093023256,1
"0500000US29510","St. Louis city, Missouri",2014,7,4242,"29510",42,86,0.488372093023256,1
"0500000US29510","St. Louis city, Missouri",2014,19,4243,"29510",42,86,0.488372093023256,1
"0500000US29510","St. Louis city, Missouri",2014,65,4244,"29510",42,86,0.488372093023256,1
"0500000US29510","St. Louis city, Missouri",2014,2,4245,"29510",42,86,0.488372093023256,1
"0500000US29510","St. Louis city, Missouri",2014,27,4246,"29510",42,86,0.488372093023256,1
"0500000US29510","St. Louis city, Missouri",2014,8,4247,"29510",42,86,0.488372093023256,1
"0500000US29510","St. Louis city, Missouri",2014,8,4248,"29510",42,86,0.488372093023256,1
"0500000US29510","St. Louis city, Missouri",2014,21,4249,"29510",42,86,0.488372093023256,1
"0500000US29510","St. Louis city, Missouri",2014,38,4251,"29510",42,86,0.488372093023256,1
"0500000US29510","St. Louis city, Missouri",2014,49,4411,"29510",42,86,0.488372093023256,1
"0500000US29510","St. Louis city, Missouri",2014,6,4412,"29510",42,86,0.488372093023256,1
"0500000US29510","St. Louis city, Missouri",2014,54,4413,"29510",42,86,0.488372093023256,1
"0500000US29510","St. Louis city, Missouri",2014,16,4421,"29510",42,86,0.488372093023256,1
"0500000US29510","St. Louis city, Missouri",2014,11,4422,"29510",42,86,0.488372093023256,1
"0500000US29510","St. Louis city, Missouri",2014,47,4431,"29510",42,86,0.488372093023256,1
"0500000US29510","St. Louis city, Missouri",2014,52,4441,"29510",42,86,0.488372093023256,1
"0500000US29510","St. Louis city, Missouri",2014,3,4442,"29510",42,86,0.488372093023256,1
"0500000US29510","St. Louis city, Missouri",2014,148,4451,"29510",42,86,0.488372093023256,1
"0500000US29510","St. Louis city, Missouri",2014,25,4452,"29510",42,86,0.488372093023256,1
"0500000US29510","St. Louis city, Missouri",2014,20,4453,"29510",42,86,0.488372093023256,1
"0500000US29510","St. Louis city, Missouri",2014,85,4461,"29510",42,86,0.488372093023256,1
"0500000US29510","St. Louis city, Missouri",2014,101,4471,"29510",42,86,0.488372093023256,1
"0500000US29510","St. Louis city, Missouri",2014,63,4481,"29510",42,86,0.488372093023256,1
"0500000US29510","St. Louis city, Missouri",2014,16,4482,"29510",42,86,0.488372093023256,1
"0500000US29510","St. Louis city, Missouri",2014,9,4483,"29510",42,86,0.488372093023256,1
"0500000US29510","St. Louis city, Missouri",2014,18,4511,"29510",42,86,0.488372093023256,1
"0500000US29510","St. Louis city, Missouri",2014,9,4512,"29510",42,86,0.488372093023256,1
"0500000US29510","St. Louis city, Missouri",2014,2,4522,"29510",42,86,0.488372093023256,1
"0500000US29510","St. Louis city, Missouri",2014,2,4523,"29510",42,86,0.488372093023256,1
"0500000US29510","St. Louis city, Missouri",2014,37,4523,"29510",42,86,0.488372093023256,1
"0500000US29510","St. Louis city, Missouri",2014,17,4531,"29510",42,86,0.488372093023256,1
"0500000US29510","St. Louis city, Missouri",2014,18,4532,"29510",42,86,0.488372093023256,1
"0500000US29510","St. Louis city, Missouri",2014,23,4533,"29510",42,86,0.488372093023256,1
"0500000US29510","St. Louis city, Missouri",2014,40,4539,"29510",42,86,0.488372093023256,1
"0500000US29510","St. Louis city, Missouri",2014,28,4541,"29510",42,86,0.488372093023256,1
"0500000US29510","St. Louis city, Missouri",2014,7,4542,"29510",42,86,0.488372093023256,1
"0500000US29510","St. Louis city, Missouri",2014,22,4543,"29510",42,86,0.488372093023256,1
"0500000US29510","St. Louis city, Missouri",2014,2,4811,"29510",42,86,0.488372093023256,1
"0500000US29510","St. Louis city, Missouri",2014,2,4831,"29510",42,86,0.488372093023256,1
"0500000US29510","St. Louis city, Missouri",2014,3,4832,"29510",42,86,0.488372093023256,1
"0500000US29510","St. Louis city, Missouri",2014,70,4841,"29510",42,86,0.488372093023256,1
"0500000US29510","St. Louis city, Missouri",2014,27,4842,"29510",42,86,0.488372093023256,1
"0500000US29510","St. Louis city, Missouri",2014,2,4851,"29510",42,86,0.488372093023256,1
"0500000US29510","St. Louis city, Missouri",2014,1,4852,"29510",42,86,0.488372093023256,1
"0500000US29510","St. Louis city, Missouri",2014,6,4853,"29510",42,86,0.488372093023256,1
"0500000US29510","St. Louis city, Missouri",2014,7,4854,"29510",42,86,0.488372093023256,1
"0500000US29510","St. Louis city, Missouri",2014,3,4859,"29510",42,86,0.488372093023256,1
"0500000US29510","St. Louis city, Missouri",2014,1,4862,"29510",42,86,0.488372093023256,1
"0500000US29510","St. Louis city, Missouri",2014,3,4881,"29510",42,86,0.488372093023256,1
"0500000US29510","St. Louis city, Missouri",2014,2,4882,"29510",42,86,0.488372093023256,1
"0500000US29510","St. Louis city, Missouri",2014,12,4883,"29510",42,86,0.488372093023256,1
"0500000US29510","St. Louis city, Missouri",2014,6,4884,"29510",42,86,0.488372093023256,1
"0500000US29510","St. Louis city, Missouri",2014,14,4885,"29510",42,86,0.488372093023256,1
"0500000US29510","St. Louis city, Missouri",2014,2,4889,"29510",42,86,0.488372093023256,1
"0500000US29510","St. Louis city, Missouri",2014,5,4921,"29510",42,86,0.488372093023256,1
"0500000US29510","St. Louis city, Missouri",2014,4,4922,"29510",42,86,0.488372093023256,1
"0500000US29510","St. Louis city, Missouri",2014,35,4931,"29510",42,86,0.488372093023256,1
"0500000US29510","St. Louis city, Missouri",2014,21,5111,"29510",42,86,0.488372093023256,1
"0500000US29510","St. Louis city, Missouri",2014,5,5112,"29510",42,86,0.488372093023256,1
"0500000US29510","St. Louis city, Missouri",2014,27,5121,"29510",42,86,0.488372093023256,1
"0500000US29510","St. Louis city, Missouri",2014,6,5122,"29510",42,86,0.488372093023256,1
"0500000US29510","St. Louis city, Missouri",2014,33,5151,"29510",42,86,0.488372093023256,1
"0500000US29510","St. Louis city, Missouri",2014,2,5152,"29510",42,86,0.488372093023256,1
"0500000US29510","St. Louis city, Missouri",2014,38,5173,"29510",42,86,0.488372093023256,1
"0500000US29510","St. Louis city, Missouri",2014,8,5173,"29510",42,86,0.488372093023256,1
"0500000US29510","St. Louis city, Missouri",2014,1,5174,"29510",42,86,0.488372093023256,1
"0500000US29510","St. Louis city, Missouri",2014,12,5179,"29510",42,86,0.488372093023256,1
"0500000US29510","St. Louis city, Missouri",2014,19,5182,"29510",42,86,0.488372093023256,1
"0500000US29510","St. Louis city, Missouri",2014,16,5191,"29510",42,86,0.488372093023256,1
"0500000US29510","St. Louis city, Missouri",2014,2,5211,"29510",42,86,0.488372093023256,1
"0500000US29510","St. Louis city, Missouri",2014,103,5221,"29510",42,86,0.488372093023256,1
"0500000US29510","St. Louis city, Missouri",2014,43,5222,"29510",42,86,0.488372093023256,1
"0500000US29510","St. Louis city, Missouri",2014,26,5223,"29510",42,86,0.488372093023256,1
"0500000US29510","St. Louis city, Missouri",2014,50,5231,"29510",42,86,0.488372093023256,1
"0500000US29510","St. Louis city, Missouri",2014,30,5239,"29510",42,86,0.488372093023256,1
"0500000US29510","St. Louis city, Missouri",2014,29,5241,"29510",42,86,0.488372093023256,1
"0500000US29510","St. Louis city, Missouri",2014,122,5242,"29510",42,86,0.488372093023256,1
"0500000US29510","St. Louis city, Missouri",2014,136,5311,"29510",42,86,0.488372093023256,1
"0500000US29510","St. Louis city, Missouri",2014,66,5312,"29510",42,86,0.488372093023256,1
"0500000US29510","St. Louis city, Missouri",2014,115,5313,"29510",42,86,0.488372093023256,1
"0500000US29510","St. Louis city, Missouri",2014,18,5321,"29510",42,86,0.488372093023256,1
"0500000US29510","St. Louis city, Missouri",2014,23,5322,"29510",42,86,0.488372093023256,1
"0500000US29510","St. Louis city, Missouri",2014,2,5323,"29510",42,86,0.488372093023256,1
"0500000US29510","St. Louis city, Missouri",2014,33,5324,"29510",42,86,0.488372093023256,1
"0500000US29510","St. Louis city, Missouri",2014,3,5331,"29510",42,86,0.488372093023256,1
"0500000US29510","St. Louis city, Missouri",2014,317,5411,"29510",42,86,0.488372093023256,1
"0500000US29510","St. Louis city, Missouri",2014,104,5412,"29510",42,86,0.488372093023256,1
"0500000US29510","St. Louis city, Missouri",2014,131,5413,"29510",42,86,0.488372093023256,1
"0500000US29510","St. Louis city, Missouri",2014,53,5414,"29510",42,86,0.488372093023256,1
"0500000US29510","St. Louis city, Missouri",2014,137,5415,"29510",42,86,0.488372093023256,1
"0500000US29510","St. Louis city, Missouri",2014,129,5416,"29510",42,86,0.488372093023256,1
"0500000US29510","St. Louis city, Missouri",2014,40,5417,"29510",42,86,0.488372093023256,1
"0500000US29510","St. Louis city, Missouri",2014,92,5418,"29510",42,86,0.488372093023256,1
"0500000US29510","St. Louis city, Missouri",2014,65,5419,"29510",42,86,0.488372093023256,1
"0500000US29510","St. Louis city, Missouri",2014,91,5511,"29510",42,86,0.488372093023256,1
"0500000US29510","St. Louis city, Missouri",2014,27,5611,"29510",42,86,0.488372093023256,1
"0500000US29510","St. Louis city, Missouri",2014,10,5612,"29510",42,86,0.488372093023256,1
"0500000US29510","St. Louis city, Missouri",2014,83,5613,"29510",42,86,0.488372093023256,1
"0500000US29510","St. Louis city, Missouri",2014,46,5614,"29510",42,86,0.488372093023256,1
"0500000US29510","St. Louis city, Missouri",2014,27,5615,"29510",42,86,0.488372093023256,1
"0500000US29510","St. Louis city, Missouri",2014,54,5616,"29510",42,86,0.488372093023256,1
"0500000US29510","St. Louis city, Missouri",2014,107,5617,"29510",42,86,0.488372093023256,1
"0500000US29510","St. Louis city, Missouri",2014,38,5619,"29510",42,86,0.488372093023256,1
"0500000US29510","St. Louis city, Missouri",2014,13,5621,"29510",42,86,0.488372093023256,1
"0500000US29510","St. Louis city, Missouri",2014,3,5622,"29510",42,86,0.488372093023256,1
"0500000US29510","St. Louis city, Missouri",2014,18,5629,"29510",42,86,0.488372093023256,1
"0500000US29510","St. Louis city, Missouri",2014,58,6111,"29510",42,86,0.488372093023256,1
"0500000US29510","St. Louis city, Missouri",2014,3,6112,"29510",42,86,0.488372093023256,1
"0500000US29510","St. Louis city, Missouri",2014,12,6113,"29510",42,86,0.488372093023256,1
"0500000US29510","St. Louis city, Missouri",2014,6,6114,"29510",42,86,0.488372093023256,1
"0500000US29510","St. Louis city, Missouri",2014,10,6115,"29510",42,86,0.488372093023256,1
"0500000US29510","St. Louis city, Missouri",2014,34,6116,"29510",42,86,0.488372093023256,1
"0500000US29510","St. Louis city, Missouri",2014,12,6117,"29510",42,86,0.488372093023256,1
"0500000US29510","St. Louis city, Missouri",2014,120,6211,"29510",42,86,0.488372093023256,1
"0500000US29510","St. Louis city, Missouri",2014,69,6212,"29510",42,86,0.488372093023256,1
"0500000US29510","St. Louis city, Missouri",2014,78,6213,"29510",42,86,0.488372093023256,1
"0500000US29510","St. Louis city, Missouri",2014,58,6214,"29510",42,86,0.488372093023256,1
"0500000US29510","St. Louis city, Missouri",2014,17,6215,"29510",42,86,0.488372093023256,1
"0500000US29510","St. Louis city, Missouri",2014,163,6216,"29510",42,86,0.488372093023256,1
"0500000US29510","St. Louis city, Missouri",2014,10,6219,"29510",42,86,0.488372093023256,1
"0500000US29510","St. Louis city, Missouri",2014,6,6221,"29510",42,86,0.488372093023256,1
"0500000US29510","St. Louis city, Missouri",2014,3,6222,"29510",42,86,0.488372093023256,1
"0500000US29510","St. Louis city, Missouri",2014,2,6223,"29510",42,86,0.488372093023256,1
"0500000US29510","St. Louis city, Missouri",2014,36,6231,"29510",42,86,0.488372093023256,1
"0500000US29510","St. Louis city, Missouri",2014,26,6232,"29510",42,86,0.488372093023256,1
"0500000US29510","St. Louis city, Missouri",2014,21,6233,"29510",42,86,0.488372093023256,1
"0500000US29510","St. Louis city, Missouri",2014,3,6239,"29510",42,86,0.488372093023256,1
"0500000US29510","St. Louis city, Missouri",2014,2661,6241,"29510",42,86,0.488372093023256,1
"0500000US29510","St. Louis city, Missouri",2014,41,6242,"29510",42,86,0.488372093023256,1
"0500000US29510","St. Louis city, Missouri",2014,26,6243,"29510",42,86,0.488372093023256,1
"0500000US29510","St. Louis city, Missouri",2014,107,6244,"29510",42,86,0.488372093023256,1
"0500000US29510","St. Louis city, Missouri",2014,24,7111,"29510",42,86,0.488372093023256,1
"0500000US29510","St. Louis city, Missouri",2014,2,7112,"29510",42,86,0.488372093023256,1
"0500000US29510","St. Louis city, Missouri",2014,16,7113,"29510",42,86,0.488372093023256,1
"0500000US29510","St. Louis city, Missouri",2014,3,7114,"29510",42,86,0.488372093023256,1
"0500000US29510","St. Louis city, Missouri",2014,7,7115,"29510",42,86,0.488372093023256,1
"0500000US29510","St. Louis city, Missouri",2014,21,7121,"29510",42,86,0.488372093023256,1
"0500000US29510","St. Louis city, Missouri",2014,1,7131,"29510",42,86,0.488372093023256,1
"0500000US29510","St. Louis city, Missouri",2014,2,7132,"29510",42,86,0.488372093023256,1
"0500000US29510","St. Louis city, Missouri",2014,52,7139,"29510",42,86,0.488372093023256,1
"0500000US29510","St. Louis city, Missouri",2014,52,7211,"29510",42,86,0.488372093023256,1
"0500000US29510","St. Louis city, Missouri",2014,145,7223,"29510",42,86,0.488372093023256,1
"0500000US29510","St. Louis city, Missouri",2014,104,7224,"29510",42,86,0.488372093023256,1
"0500000US29510","St. Louis city, Missouri",2014,718,7225,"29510",42,86,0.488372093023256,1
"0500000US29510","St. Louis city, Missouri",2014,149,8111,"29510",42,86,0.488372093023256,1
"0500000US29510","St. Louis city, Missouri",2014,10,8112,"29510",42,86,0.488372093023256,1
"0500000US29510","St. Louis city, Missouri",2014,22,8113,"29510",42,86,0.488372093023256,1
"0500000US29510","St. Louis city, Missouri",2014,21,8114,"29510",42,86,0.488372093023256,1
"0500000US29510","St. Louis city, Missouri",2014,65,8121,"29510",42,86,0.488372093023256,1
"0500000US29510","St. Louis city, Missouri",2014,30,8122,"29510",42,86,0.488372093023256,1
"0500000US29510","St. Louis city, Missouri",2014,33,8123,"29510",42,86,0.488372093023256,1
"0500000US29510","St. Louis city, Missouri",2014,119,8129,"29510",42,86,0.488372093023256,1
"0500000US29510","St. Louis city, Missouri",2014,249,8131,"29510",42,86,0.488372093023256,1
"0500000US29510","St. Louis city, Missouri",2014,61,8132,"29510",42,86,0.488372093023256,1
"0500000US29510","St. Louis city, Missouri",2014,40,8133,"29510",42,86,0.488372093023256,1
"0500000US29510","St. Louis city, Missouri",2014,33,8134,"29510",42,86,0.488372093023256,1
"0500000US29510","St. Louis city, Missouri",2014,110,8139,"29510",42,86,0.488372093023256,1
"0500000US29510","St. Louis city, Missouri",2015,1,1151,"29510",42,86,0.488372093023256,1
"0500000US29510","St. Louis city, Missouri",2015,1,2122,"29510",42,86,0.488372093023256,1
"0500000US29510","St. Louis city, Missouri",2015,1,2131,"29510",42,86,0.488372093023256,1
"0500000US29510","St. Louis city, Missouri",2015,12,2211,"29510",42,86,0.488372093023256,1
"0500000US29510","St. Louis city, Missouri",2015,11,2212,"29510",42,86,0.488372093023256,1
"0500000US29510","St. Louis city, Missouri",2015,78,2361,"29510",42,86,0.488372093023256,1
"0500000US29510","St. Louis city, Missouri",2015,42,2362,"29510",42,86,0.488372093023256,1
"0500000US29510","St. Louis city, Missouri",2015,9,2371,"29510",42,86,0.488372093023256,1
"0500000US29510","St. Louis city, Missouri",2015,1,2372,"29510",42,86,0.488372093023256,1
"0500000US29510","St. Louis city, Missouri",2015,3,2373,"29510",42,86,0.488372093023256,1
"0500000US29510","St. Louis city, Missouri",2015,2,2379,"29510",42,86,0.488372093023256,1
"0500000US29510","St. Louis city, Missouri",2015,73,2381,"29510",42,86,0.488372093023256,1
"0500000US29510","St. Louis city, Missouri",2015,113,2382,"29510",42,86,0.488372093023256,1
"0500000US29510","St. Louis city, Missouri",2015,59,2383,"29510",42,86,0.488372093023256,1
"0500000US29510","St. Louis city, Missouri",2015,20,2389,"29510",42,86,0.488372093023256,1
"0500000US29510","St. Louis city, Missouri",2015,2,3111,"29510",42,86,0.488372093023256,1
"0500000US29510","St. Louis city, Missouri",2015,3,3112,"29510",42,86,0.488372093023256,1
"0500000US29510","St. Louis city, Missouri",2015,6,3113,"29510",42,86,0.488372093023256,1
"0500000US29510","St. Louis city, Missouri",2015,8,3114,"29510",42,86,0.488372093023256,1
"0500000US29510","St. Louis city, Missouri",2015,2,3115,"29510",42,86,0.488372093023256,1
"0500000US29510","St. Louis city, Missouri",2015,9,3116,"29510",42,86,0.488372093023256,1
"0500000US29510","St. Louis city, Missouri",2015,19,3118,"29510",42,86,0.488372093023256,1
"0500000US29510","St. Louis city, Missouri",2015,11,3119,"29510",42,86,0.488372093023256,1
"0500000US29510","St. Louis city, Missouri",2015,17,3121,"29510",42,86,0.488372093023256,1
"0500000US29510","St. Louis city, Missouri",2015,1,3133,"29510",42,86,0.488372093023256,1
"0500000US29510","St. Louis city, Missouri",2015,3,3141,"29510",42,86,0.488372093023256,1
"0500000US29510","St. Louis city, Missouri",2015,8,3149,"29510",42,86,0.488372093023256,1
"0500000US29510","St. Louis city, Missouri",2015,6,3152,"29510",42,86,0.488372093023256,1
"0500000US29510","St. Louis city, Missouri",2015,2,3159,"29510",42,86,0.488372093023256,1
"0500000US29510","St. Louis city, Missouri",2015,1,3161,"29510",42,86,0.488372093023256,1
"0500000US29510","St. Louis city, Missouri",2015,1,3211,"29510",42,86,0.488372093023256,1
"0500000US29510","St. Louis city, Missouri",2015,7,3219,"29510",42,86,0.488372093023256,1
"0500000US29510","St. Louis city, Missouri",2015,14,3222,"29510",42,86,0.488372093023256,1
"0500000US29510","St. Louis city, Missouri",2015,51,3231,"29510",42,86,0.488372093023256,1
"0500000US29510","St. Louis city, Missouri",2015,5,3241,"29510",42,86,0.488372093023256,1
"0500000US29510","St. Louis city, Missouri",2015,6,3251,"29510",42,86,0.488372093023256,1
"0500000US29510","St. Louis city, Missouri",2015,3,3252,"29510",42,86,0.488372093023256,1
"0500000US29510","St. Louis city, Missouri",2015,2,3253,"29510",42,86,0.488372093023256,1
"0500000US29510","St. Louis city, Missouri",2015,10,3254,"29510",42,86,0.488372093023256,1
"0500000US29510","St. Louis city, Missouri",2015,11,3255,"29510",42,86,0.488372093023256,1
"0500000US29510","St. Louis city, Missouri",2015,12,3256,"29510",42,86,0.488372093023256,1
"0500000US29510","St. Louis city, Missouri",2015,3,3259,"29510",42,86,0.488372093023256,1
"0500000US29510","St. Louis city, Missouri",2015,11,3261,"29510",42,86,0.488372093023256,1
"0500000US29510","St. Louis city, Missouri",2015,4,3262,"29510",42,86,0.488372093023256,1
"0500000US29510","St. Louis city, Missouri",2015,2,3271,"29510",42,86,0.488372093023256,1
"0500000US29510","St. Louis city, Missouri",2015,3,3272,"29510",42,86,0.488372093023256,1
"0500000US29510","St. Louis city, Missouri",2015,3,3273,"29510",42,86,0.488372093023256,1
"0500000US29510","St. Louis city, Missouri",2015,4,3279,"29510",42,86,0.488372093023256,1
"0500000US29510","St. Louis city, Missouri",2015,1,3312,"29510",42,86,0.488372093023256,1
"0500000US29510","St. Louis city, Missouri",2015,2,3313,"29510",42,86,0.488372093023256,1
"0500000US29510","St. Louis city, Missouri",2015,1,3314,"29510",42,86,0.488372093023256,1
"0500000US29510","St. Louis city, Missouri",2015,3,3315,"29510",42,86,0.488372093023256,1
"0500000US29510","St. Louis city, Missouri",2015,6,3321,"29510",42,86,0.488372093023256,1
"0500000US29510","St. Louis city, Missouri",2015,2,3322,"29510",42,86,0.488372093023256,1
"0500000US29510","St. Louis city, Missouri",2015,23,3323,"29510",42,86,0.488372093023256,1
"0500000US29510","St. Louis city, Missouri",2015,4,3324,"29510",42,86,0.488372093023256,1
"0500000US29510","St. Louis city, Missouri",2015,1,3325,"29510",42,86,0.488372093023256,1
"0500000US29510","St. Louis city, Missouri",2015,23,3327,"29510",42,86,0.488372093023256,1
"0500000US29510","St. Louis city, Missouri",2015,14,3328,"29510",42,86,0.488372093023256,1
"0500000US29510","St. Louis city, Missouri",2015,10,3329,"29510",42,86,0.488372093023256,1
"0500000US29510","St. Louis city, Missouri",2015,1,3331,"29510",42,86,0.488372093023256,1
"0500000US29510","St. Louis city, Missouri",2015,3,3332,"29510",42,86,0.488372093023256,1
"0500000US29510","St. Louis city, Missouri",2015,2,3333,"29510",42,86,0.488372093023256,1
"0500000US29510","St. Louis city, Missouri",2015,2,3334,"29510",42,86,0.488372093023256,1
"0500000US29510","St. Louis city, Missouri",2015,8,3335,"29510",42,86,0.488372093023256,1
"0500000US29510","St. Louis city, Missouri",2015,2,3336,"29510",42,86,0.488372093023256,1
"0500000US29510","St. Louis city, Missouri",2015,12,3339,"29510",42,86,0.488372093023256,1
"0500000US29510","St. Louis city, Missouri",2015,1,3344,"29510",42,86,0.488372093023256,1
"0500000US29510","St. Louis city, Missouri",2015,2,3345,"29510",42,86,0.488372093023256,1
"0500000US29510","St. Louis city, Missouri",2015,3,3351,"29510",42,86,0.488372093023256,1
"0500000US29510","St. Louis city, Missouri",2015,4,3353,"29510",42,86,0.488372093023256,1
"0500000US29510","St. Louis city, Missouri",2015,2,3359,"29510",42,86,0.488372093023256,1
"0500000US29510","St. Louis city, Missouri",2015,2,3363,"29510",42,86,0.488372093023256,1
"0500000US29510","St. Louis city, Missouri",2015,1,3366,"29510",42,86,0.488372093023256,1
"0500000US29510","St. Louis city, Missouri",2015,13,3371,"29510",42,86,0.488372093023256,1
"0500000US29510","St. Louis city, Missouri",2015,12,3372,"29510",42,86,0.488372093023256,1
"0500000US29510","St. Louis city, Missouri",2015,19,3391,"29510",42,86,0.488372093023256,1
"0500000US29510","St. Louis city, Missouri",2015,20,3399,"29510",42,86,0.488372093023256,1
"0500000US29510","St. Louis city, Missouri",2015,26,4231,"29510",42,86,0.488372093023256,1
"0500000US29510","St. Louis city, Missouri",2015,11,4232,"29510",42,86,0.488372093023256,1
"0500000US29510","St. Louis city, Missouri",2015,21,4233,"29510",42,86,0.488372093023256,1
"0500000US29510","St. Louis city, Missouri",2015,39,4234,"29510",42,86,0.488372093023256,1
"0500000US29510","St. Louis city, Missouri",2015,25,4235,"29510",42,86,0.488372093023256,1
"0500000US29510","St. Louis city, Missouri",2015,28,4236,"29510",42,86,0.488372093023256,1
"0500000US29510","St. Louis city, Missouri",2015,25,4237,"29510",42,86,0.488372093023256,1
"0500000US29510","St. Louis city, Missouri",2015,55,4238,"29510",42,86,0.488372093023256,1
"0500000US29510","St. Louis city, Missouri",2015,44,4239,"29510",42,86,0.488372093023256,1
"0500000US29510","St. Louis city, Missouri",2015,10,4241,"29510",42,86,0.488372093023256,1
"0500000US29510","St. Louis city, Missouri",2015,7,4242,"29510",42,86,0.488372093023256,1
"0500000US29510","St. Louis city, Missouri",2015,16,4243,"29510",42,86,0.488372093023256,1
"0500000US29510","St. Louis city, Missouri",2015,62,4244,"29510",42,86,0.488372093023256,1
"0500000US29510","St. Louis city, Missouri",2015,2,4245,"29510",42,86,0.488372093023256,1
"0500000US29510","St. Louis city, Missouri",2015,24,4246,"29510",42,86,0.488372093023256,1
"0500000US29510","St. Louis city, Missouri",2015,8,4247,"29510",42,86,0.488372093023256,1
"0500000US29510","St. Louis city, Missouri",2015,8,4248,"29510",42,86,0.488372093023256,1
"0500000US29510","St. Louis city, Missouri",2015,19,4249,"29510",42,86,0.488372093023256,1
"0500000US29510","St. Louis city, Missouri",2015,38,4251,"29510",42,86,0.488372093023256,1
"0500000US29510","St. Louis city, Missouri",2015,49,4411,"29510",42,86,0.488372093023256,1
"0500000US29510","St. Louis city, Missouri",2015,5,4412,"29510",42,86,0.488372093023256,1
"0500000US29510","St. Louis city, Missouri",2015,53,4413,"29510",42,86,0.488372093023256,1
"0500000US29510","St. Louis city, Missouri",2015,18,4421,"29510",42,86,0.488372093023256,1
"0500000US29510","St. Louis city, Missouri",2015,13,4422,"29510",42,86,0.488372093023256,1
"0500000US29510","St. Louis city, Missouri",2015,45,4431,"29510",42,86,0.488372093023256,1
"0500000US29510","St. Louis city, Missouri",2015,53,4441,"29510",42,86,0.488372093023256,1
"0500000US29510","St. Louis city, Missouri",2015,3,4442,"29510",42,86,0.488372093023256,1
"0500000US29510","St. Louis city, Missouri",2015,158,4451,"29510",42,86,0.488372093023256,1
"0500000US29510","St. Louis city, Missouri",2015,23,4452,"29510",42,86,0.488372093023256,1
"0500000US29510","St. Louis city, Missouri",2015,16,4453,"29510",42,86,0.488372093023256,1
"0500000US29510","St. Louis city, Missouri",2015,84,4461,"29510",42,86,0.488372093023256,1
"0500000US29510","St. Louis city, Missouri",2015,97,4471,"29510",42,86,0.488372093023256,1
"0500000US29510","St. Louis city, Missouri",2015,62,4481,"29510",42,86,0.488372093023256,1
"0500000US29510","St. Louis city, Missouri",2015,14,4482,"29510",42,86,0.488372093023256,1
"0500000US29510","St. Louis city, Missouri",2015,9,4483,"29510",42,86,0.488372093023256,1
"0500000US29510","St. Louis city, Missouri",2015,19,4511,"29510",42,86,0.488372093023256,1
"0500000US29510","St. Louis city, Missouri",2015,9,4512,"29510",42,86,0.488372093023256,1
"0500000US29510","St. Louis city, Missouri",2015,2,4522,"29510",42,86,0.488372093023256,1
"0500000US29510","St. Louis city, Missouri",2015,2,4523,"29510",42,86,0.488372093023256,1
"0500000US29510","St. Louis city, Missouri",2015,37,4523,"29510",42,86,0.488372093023256,1
"0500000US29510","St. Louis city, Missouri",2015,18,4531,"29510",42,86,0.488372093023256,1
"0500000US29510","St. Louis city, Missouri",2015,21,4532,"29510",42,86,0.488372093023256,1
"0500000US29510","St. Louis city, Missouri",2015,22,4533,"29510",42,86,0.488372093023256,1
"0500000US29510","St. Louis city, Missouri",2015,41,4539,"29510",42,86,0.488372093023256,1
"0500000US29510","St. Louis city, Missouri",2015,26,4541,"29510",42,86,0.488372093023256,1
"0500000US29510","St. Louis city, Missouri",2015,6,4542,"29510",42,86,0.488372093023256,1
"0500000US29510","St. Louis city, Missouri",2015,20,4543,"29510",42,86,0.488372093023256,1
"0500000US29510","St. Louis city, Missouri",2015,2,4811,"29510",42,86,0.488372093023256,1
"0500000US29510","St. Louis city, Missouri",2015,2,4831,"29510",42,86,0.488372093023256,1
"0500000US29510","St. Louis city, Missouri",2015,3,4832,"29510",42,86,0.488372093023256,1
"0500000US29510","St. Louis city, Missouri",2015,70,4841,"29510",42,86,0.488372093023256,1
"0500000US29510","St. Louis city, Missouri",2015,27,4842,"29510",42,86,0.488372093023256,1
"0500000US29510","St. Louis city, Missouri",2015,2,4851,"29510",42,86,0.488372093023256,1
"0500000US29510","St. Louis city, Missouri",2015,1,4852,"29510",42,86,0.488372093023256,1
"0500000US29510","St. Louis city, Missouri",2015,7,4853,"29510",42,86,0.488372093023256,1
"0500000US29510","St. Louis city, Missouri",2015,7,4854,"29510",42,86,0.488372093023256,1
"0500000US29510","St. Louis city, Missouri",2015,2,4859,"29510",42,86,0.488372093023256,1
"0500000US29510","St. Louis city, Missouri",2015,1,4862,"29510",42,86,0.488372093023256,1
"0500000US29510","St. Louis city, Missouri",2015,1,4871,"29510",42,86,0.488372093023256,1
"0500000US29510","St. Louis city, Missouri",2015,4,4881,"29510",42,86,0.488372093023256,1
"0500000US29510","St. Louis city, Missouri",2015,2,4882,"29510",42,86,0.488372093023256,1
"0500000US29510","St. Louis city, Missouri",2015,13,4883,"29510",42,86,0.488372093023256,1
"0500000US29510","St. Louis city, Missouri",2015,8,4884,"29510",42,86,0.488372093023256,1
"0500000US29510","St. Louis city, Missouri",2015,12,4885,"29510",42,86,0.488372093023256,1
"0500000US29510","St. Louis city, Missouri",2015,2,4889,"29510",42,86,0.488372093023256,1
"0500000US29510","St. Louis city, Missouri",2015,4,4921,"29510",42,86,0.488372093023256,1
"0500000US29510","St. Louis city, Missouri",2015,4,4922,"29510",42,86,0.488372093023256,1
"0500000US29510","St. Louis city, Missouri",2015,32,4931,"29510",42,86,0.488372093023256,1
"0500000US29510","St. Louis city, Missouri",2015,20,5111,"29510",42,86,0.488372093023256,1
"0500000US29510","St. Louis city, Missouri",2015,6,5112,"29510",42,86,0.488372093023256,1
"0500000US29510","St. Louis city, Missouri",2015,29,5121,"29510",42,86,0.488372093023256,1
"0500000US29510","St. Louis city, Missouri",2015,4,5122,"29510",42,86,0.488372093023256,1
"0500000US29510","St. Louis city, Missouri",2015,21,5151,"29510",42,86,0.488372093023256,1
"0500000US29510","St. Louis city, Missouri",2015,2,5152,"29510",42,86,0.488372093023256,1
"0500000US29510","St. Louis city, Missouri",2015,38,5173,"29510",42,86,0.488372093023256,1
"0500000US29510","St. Louis city, Missouri",2015,11,5173,"29510",42,86,0.488372093023256,1
"0500000US29510","St. Louis city, Missouri",2015,2,5174,"29510",42,86,0.488372093023256,1
"0500000US29510","St. Louis city, Missouri",2015,12,5179,"29510",42,86,0.488372093023256,1
"0500000US29510","St. Louis city, Missouri",2015,19,5182,"29510",42,86,0.488372093023256,1
"0500000US29510","St. Louis city, Missouri",2015,18,5191,"29510",42,86,0.488372093023256,1
"0500000US29510","St. Louis city, Missouri",2015,2,5211,"29510",42,86,0.488372093023256,1
"0500000US29510","St. Louis city, Missouri",2015,105,5221,"29510",42,86,0.488372093023256,1
"0500000US29510","St. Louis city, Missouri",2015,36,5222,"29510",42,86,0.488372093023256,1
"0500000US29510","St. Louis city, Missouri",2015,27,5223,"29510",42,86,0.488372093023256,1
"0500000US29510","St. Louis city, Missouri",2015,45,5231,"29510",42,86,0.488372093023256,1
"0500000US29510","St. Louis city, Missouri",2015,28,5239,"29510",42,86,0.488372093023256,1
"0500000US29510","St. Louis city, Missouri",2015,26,5241,"29510",42,86,0.488372093023256,1
"0500000US29510","St. Louis city, Missouri",2015,115,5242,"29510",42,86,0.488372093023256,1
"0500000US29510","St. Louis city, Missouri",2015,130,5311,"29510",42,86,0.488372093023256,1
"0500000US29510","St. Louis city, Missouri",2015,65,5312,"29510",42,86,0.488372093023256,1
"0500000US29510","St. Louis city, Missouri",2015,115,5313,"29510",42,86,0.488372093023256,1
"0500000US29510","St. Louis city, Missouri",2015,19,5321,"29510",42,86,0.488372093023256,1
"0500000US29510","St. Louis city, Missouri",2015,21,5322,"29510",42,86,0.488372093023256,1
"0500000US29510","St. Louis city, Missouri",2015,3,5323,"29510",42,86,0.488372093023256,1
"0500000US29510","St. Louis city, Missouri",2015,27,5324,"29510",42,86,0.488372093023256,1
"0500000US29510","St. Louis city, Missouri",2015,2,5331,"29510",42,86,0.488372093023256,1
"0500000US29510","St. Louis city, Missouri",2015,303,5411,"29510",42,86,0.488372093023256,1
"0500000US29510","St. Louis city, Missouri",2015,106,5412,"29510",42,86,0.488372093023256,1
"0500000US29510","St. Louis city, Missouri",2015,133,5413,"29510",42,86,0.488372093023256,1
"0500000US29510","St. Louis city, Missouri",2015,53,5414,"29510",42,86,0.488372093023256,1
"0500000US29510","St. Louis city, Missouri",2015,154,5415,"29510",42,86,0.488372093023256,1
"0500000US29510","St. Louis city, Missouri",2015,145,5416,"29510",42,86,0.488372093023256,1
"0500000US29510","St. Louis city, Missouri",2015,49,5417,"29510",42,86,0.488372093023256,1
"0500000US29510","St. Louis city, Missouri",2015,88,5418,"29510",42,86,0.488372093023256,1
"0500000US29510","St. Louis city, Missouri",2015,79,5419,"29510",42,86,0.488372093023256,1
"0500000US29510","St. Louis city, Missouri",2015,90,5511,"29510",42,86,0.488372093023256,1
"0500000US29510","St. Louis city, Missouri",2015,24,5611,"29510",42,86,0.488372093023256,1
"0500000US29510","St. Louis city, Missouri",2015,19,5612,"29510",42,86,0.488372093023256,1
"0500000US29510","St. Louis city, Missouri",2015,96,5613,"29510",42,86,0.488372093023256,1
"0500000US29510","St. Louis city, Missouri",2015,45,5614,"29510",42,86,0.488372093023256,1
"0500000US29510","St. Louis city, Missouri",2015,26,5615,"29510",42,86,0.488372093023256,1
"0500000US29510","St. Louis city, Missouri",2015,56,5616,"29510",42,86,0.488372093023256,1
"0500000US29510","St. Louis city, Missouri",2015,110,5617,"29510",42,86,0.488372093023256,1
"0500000US29510","St. Louis city, Missouri",2015,41,5619,"29510",42,86,0.488372093023256,1
"0500000US29510","St. Louis city, Missouri",2015,12,5621,"29510",42,86,0.488372093023256,1
"0500000US29510","St. Louis city, Missouri",2015,3,5622,"29510",42,86,0.488372093023256,1
"0500000US29510","St. Louis city, Missouri",2015,15,5629,"29510",42,86,0.488372093023256,1
"0500000US29510","St. Louis city, Missouri",2015,55,6111,"29510",42,86,0.488372093023256,1
"0500000US29510","St. Louis city, Missouri",2015,3,6112,"29510",42,86,0.488372093023256,1
"0500000US29510","St. Louis city, Missouri",2015,13,6113,"29510",42,86,0.488372093023256,1
"0500000US29510","St. Louis city, Missouri",2015,6,6114,"29510",42,86,0.488372093023256,1
"0500000US29510","St. Louis city, Missouri",2015,11,6115,"29510",42,86,0.488372093023256,1
"0500000US29510","St. Louis city, Missouri",2015,38,6116,"29510",42,86,0.488372093023256,1
"0500000US29510","St. Louis city, Missouri",2015,10,6117,"29510",42,86,0.488372093023256,1
"0500000US29510","St. Louis city, Missouri",2015,172,6211,"29510",42,86,0.488372093023256,1
"0500000US29510","St. Louis city, Missouri",2015,69,6212,"29510",42,86,0.488372093023256,1
"0500000US29510","St. Louis city, Missouri",2015,82,6213,"29510",42,86,0.488372093023256,1
"0500000US29510","St. Louis city, Missouri",2015,63,6214,"29510",42,86,0.488372093023256,1
"0500000US29510","St. Louis city, Missouri",2015,22,6215,"29510",42,86,0.488372093023256,1
"0500000US29510","St. Louis city, Missouri",2015,182,6216,"29510",42,86,0.488372093023256,1
"0500000US29510","St. Louis city, Missouri",2015,12,6219,"29510",42,86,0.488372093023256,1
"0500000US29510","St. Louis city, Missouri",2015,9,6221,"29510",42,86,0.488372093023256,1
"0500000US29510","St. Louis city, Missouri",2015,3,6222,"29510",42,86,0.488372093023256,1
"0500000US29510","St. Louis city, Missouri",2015,2,6223,"29510",42,86,0.488372093023256,1
"0500000US29510","St. Louis city, Missouri",2015,23,6231,"29510",42,86,0.488372093023256,1
"0500000US29510","St. Louis city, Missouri",2015,21,6232,"29510",42,86,0.488372093023256,1
"0500000US29510","St. Louis city, Missouri",2015,21,6233,"29510",42,86,0.488372093023256,1
"0500000US29510","St. Louis city, Missouri",2015,3,6239,"29510",42,86,0.488372093023256,1
"0500000US29510","St. Louis city, Missouri",2015,3792,6241,"29510",42,86,0.488372093023256,1
"0500000US29510","St. Louis city, Missouri",2015,42,6242,"29510",42,86,0.488372093023256,1
"0500000US29510","St. Louis city, Missouri",2015,26,6243,"29510",42,86,0.488372093023256,1
"0500000US29510","St. Louis city, Missouri",2015,111,6244,"29510",42,86,0.488372093023256,1
"0500000US29510","St. Louis city, Missouri",2015,26,7111,"29510",42,86,0.488372093023256,1
"0500000US29510","St. Louis city, Missouri",2015,3,7112,"29510",42,86,0.488372093023256,1
"0500000US29510","St. Louis city, Missouri",2015,15,7113,"29510",42,86,0.488372093023256,1
"0500000US29510","St. Louis city, Missouri",2015,2,7114,"29510",42,86,0.488372093023256,1
"0500000US29510","St. Louis city, Missouri",2015,8,7115,"29510",42,86,0.488372093023256,1
"0500000US29510","St. Louis city, Missouri",2015,22,7121,"29510",42,86,0.488372093023256,1
"0500000US29510","St. Louis city, Missouri",2015,2,7132,"29510",42,86,0.488372093023256,1
"0500000US29510","St. Louis city, Missouri",2015,54,7139,"29510",42,86,0.488372093023256,1
"0500000US29510","St. Louis city, Missouri",2015,45,7211,"29510",42,86,0.488372093023256,1
"0500000US29510","St. Louis city, Missouri",2015,117,7223,"29510",42,86,0.488372093023256,1
"0500000US29510","St. Louis city, Missouri",2015,107,7224,"29510",42,86,0.488372093023256,1
"0500000US29510","St. Louis city, Missouri",2015,734,7225,"29510",42,86,0.488372093023256,1
"0500000US29510","St. Louis city, Missouri",2015,138,8111,"29510",42,86,0.488372093023256,1
"0500000US29510","St. Louis city, Missouri",2015,11,8112,"29510",42,86,0.488372093023256,1
"0500000US29510","St. Louis city, Missouri",2015,25,8113,"29510",42,86,0.488372093023256,1
"0500000US29510","St. Louis city, Missouri",2015,18,8114,"29510",42,86,0.488372093023256,1
"0500000US29510","St. Louis city, Missouri",2015,74,8121,"29510",42,86,0.488372093023256,1
"0500000US29510","St. Louis city, Missouri",2015,28,8122,"29510",42,86,0.488372093023256,1
"0500000US29510","St. Louis city, Missouri",2015,29,8123,"29510",42,86,0.488372093023256,1
"0500000US29510","St. Louis city, Missouri",2015,136,8129,"29510",42,86,0.488372093023256,1
"0500000US29510","St. Louis city, Missouri",2015,245,8131,"29510",42,86,0.488372093023256,1
"0500000US29510","St. Louis city, Missouri",2015,61,8132,"29510",42,86,0.488372093023256,1
"0500000US29510","St. Louis city, Missouri",2015,42,8133,"29510",42,86,0.488372093023256,1
"0500000US29510","St. Louis city, Missouri",2015,33,8134,"29510",42,86,0.488372093023256,1
"0500000US29510","St. Louis city, Missouri",2015,108,8139,"29510",42,86,0.488372093023256,1
"0500000US29510","St. Louis city, Missouri",2016,1,1151,"29510",42,86,0.488372093023256,1
"0500000US29510","St. Louis city, Missouri",2016,1,2122,"29510",42,86,0.488372093023256,1
"0500000US29510","St. Louis city, Missouri",2016,12,2211,"29510",42,86,0.488372093023256,1
"0500000US29510","St. Louis city, Missouri",2016,11,2212,"29510",42,86,0.488372093023256,1
"0500000US29510","St. Louis city, Missouri",2016,1,2213,"29510",42,86,0.488372093023256,1
"0500000US29510","St. Louis city, Missouri",2016,89,2361,"29510",42,86,0.488372093023256,1
"0500000US29510","St. Louis city, Missouri",2016,39,2362,"29510",42,86,0.488372093023256,1
"0500000US29510","St. Louis city, Missouri",2016,13,2371,"29510",42,86,0.488372093023256,1
"0500000US29510","St. Louis city, Missouri",2016,1,2372,"29510",42,86,0.488372093023256,1
"0500000US29510","St. Louis city, Missouri",2016,3,2373,"29510",42,86,0.488372093023256,1
"0500000US29510","St. Louis city, Missouri",2016,3,2379,"29510",42,86,0.488372093023256,1
"0500000US29510","St. Louis city, Missouri",2016,79,2381,"29510",42,86,0.488372093023256,1
"0500000US29510","St. Louis city, Missouri",2016,118,2382,"29510",42,86,0.488372093023256,1
"0500000US29510","St. Louis city, Missouri",2016,62,2383,"29510",42,86,0.488372093023256,1
"0500000US29510","St. Louis city, Missouri",2016,20,2389,"29510",42,86,0.488372093023256,1
"0500000US29510","St. Louis city, Missouri",2016,2,3111,"29510",42,86,0.488372093023256,1
"0500000US29510","St. Louis city, Missouri",2016,3,3112,"29510",42,86,0.488372093023256,1
"0500000US29510","St. Louis city, Missouri",2016,6,3113,"29510",42,86,0.488372093023256,1
"0500000US29510","St. Louis city, Missouri",2016,8,3114,"29510",42,86,0.488372093023256,1
"0500000US29510","St. Louis city, Missouri",2016,2,3115,"29510",42,86,0.488372093023256,1
"0500000US29510","St. Louis city, Missouri",2016,9,3116,"29510",42,86,0.488372093023256,1
"0500000US29510","St. Louis city, Missouri",2016,19,3118,"29510",42,86,0.488372093023256,1
"0500000US29510","St. Louis city, Missouri",2016,11,3119,"29510",42,86,0.488372093023256,1
"0500000US29510","St. Louis city, Missouri",2016,14,3121,"29510",42,86,0.488372093023256,1
"0500000US29510","St. Louis city, Missouri",2016,1,3133,"29510",42,86,0.488372093023256,1
"0500000US29510","St. Louis city, Missouri",2016,3,3141,"29510",42,86,0.488372093023256,1
"0500000US29510","St. Louis city, Missouri",2016,7,3149,"29510",42,86,0.488372093023256,1
"0500000US29510","St. Louis city, Missouri",2016,2,3152,"29510",42,86,0.488372093023256,1
"0500000US29510","St. Louis city, Missouri",2016,2,3159,"29510",42,86,0.488372093023256,1
"0500000US29510","St. Louis city, Missouri",2016,1,3161,"29510",42,86,0.488372093023256,1
"0500000US29510","St. Louis city, Missouri",2016,1,3169,"29510",42,86,0.488372093023256,1
"0500000US29510","St. Louis city, Missouri",2016,1,3211,"29510",42,86,0.488372093023256,1
"0500000US29510","St. Louis city, Missouri",2016,6,3219,"29510",42,86,0.488372093023256,1
"0500000US29510","St. Louis city, Missouri",2016,11,3222,"29510",42,86,0.488372093023256,1
"0500000US29510","St. Louis city, Missouri",2016,51,3231,"29510",42,86,0.488372093023256,1
"0500000US29510","St. Louis city, Missouri",2016,5,3241,"29510",42,86,0.488372093023256,1
"0500000US29510","St. Louis city, Missouri",2016,7,3251,"29510",42,86,0.488372093023256,1
"0500000US29510","St. Louis city, Missouri",2016,3,3252,"29510",42,86,0.488372093023256,1
"0500000US29510","St. Louis city, Missouri",2016,2,3253,"29510",42,86,0.488372093023256,1
"0500000US29510","St. Louis city, Missouri",2016,9,3254,"29510",42,86,0.488372093023256,1
"0500000US29510","St. Louis city, Missouri",2016,11,3255,"29510",42,86,0.488372093023256,1
"0500000US29510","St. Louis city, Missouri",2016,13,3256,"29510",42,86,0.488372093023256,1
"0500000US29510","St. Louis city, Missouri",2016,2,3259,"29510",42,86,0.488372093023256,1
"0500000US29510","St. Louis city, Missouri",2016,11,3261,"29510",42,86,0.488372093023256,1
"0500000US29510","St. Louis city, Missouri",2016,4,3262,"29510",42,86,0.488372093023256,1
"0500000US29510","St. Louis city, Missouri",2016,2,3271,"29510",42,86,0.488372093023256,1
"0500000US29510","St. Louis city, Missouri",2016,3,3272,"29510",42,86,0.488372093023256,1
"0500000US29510","St. Louis city, Missouri",2016,3,3273,"29510",42,86,0.488372093023256,1
"0500000US29510","St. Louis city, Missouri",2016,4,3279,"29510",42,86,0.488372093023256,1
"0500000US29510","St. Louis city, Missouri",2016,1,3312,"29510",42,86,0.488372093023256,1
"0500000US29510","St. Louis city, Missouri",2016,2,3313,"29510",42,86,0.488372093023256,1
"0500000US29510","St. Louis city, Missouri",2016,1,3314,"29510",42,86,0.488372093023256,1
"0500000US29510","St. Louis city, Missouri",2016,3,3315,"29510",42,86,0.488372093023256,1
"0500000US29510","St. Louis city, Missouri",2016,7,3321,"29510",42,86,0.488372093023256,1
"0500000US29510","St. Louis city, Missouri",2016,2,3322,"29510",42,86,0.488372093023256,1
"0500000US29510","St. Louis city, Missouri",2016,24,3323,"29510",42,86,0.488372093023256,1
"0500000US29510","St. Louis city, Missouri",2016,4,3324,"29510",42,86,0.488372093023256,1
"0500000US29510","St. Louis city, Missouri",2016,1,3325,"29510",42,86,0.488372093023256,1
"0500000US29510","St. Louis city, Missouri",2016,23,3327,"29510",42,86,0.488372093023256,1
"0500000US29510","St. Louis city, Missouri",2016,14,3328,"29510",42,86,0.488372093023256,1
"0500000US29510","St. Louis city, Missouri",2016,10,3329,"29510",42,86,0.488372093023256,1
"0500000US29510","St. Louis city, Missouri",2016,1,3331,"29510",42,86,0.488372093023256,1
"0500000US29510","St. Louis city, Missouri",2016,3,3332,"29510",42,86,0.488372093023256,1
"0500000US29510","St. Louis city, Missouri",2016,2,3333,"29510",42,86,0.488372093023256,1
"0500000US29510","St. Louis city, Missouri",2016,1,3334,"29510",42,86,0.488372093023256,1
"0500000US29510","St. Louis city, Missouri",2016,7,3335,"29510",42,86,0.488372093023256,1
"0500000US29510","St. Louis city, Missouri",2016,1,3336,"29510",42,86,0.488372093023256,1
"0500000US29510","St. Louis city, Missouri",2016,11,3339,"29510",42,86,0.488372093023256,1
"0500000US29510","St. Louis city, Missouri",2016,1,3342,"29510",42,86,0.488372093023256,1
"0500000US29510","St. Louis city, Missouri",2016,1,3344,"29510",42,86,0.488372093023256,1
"0500000US29510","St. Louis city, Missouri",2016,2,3345,"29510",42,86,0.488372093023256,1
"0500000US29510","St. Louis city, Missouri",2016,3,3351,"29510",42,86,0.488372093023256,1
"0500000US29510","St. Louis city, Missouri",2016,4,3353,"29510",42,86,0.488372093023256,1
"0500000US29510","St. Louis city, Missouri",2016,2,3359,"29510",42,86,0.488372093023256,1
"0500000US29510","St. Louis city, Missouri",2016,2,3363,"29510",42,86,0.488372093023256,1
"0500000US29510","St. Louis city, Missouri",2016,1,3366,"29510",42,86,0.488372093023256,1
"0500000US29510","St. Louis city, Missouri",2016,12,3371,"29510",42,86,0.488372093023256,1
"0500000US29510","St. Louis city, Missouri",2016,11,3372,"29510",42,86,0.488372093023256,1
"0500000US29510","St. Louis city, Missouri",2016,19,3391,"29510",42,86,0.488372093023256,1
"0500000US29510","St. Louis city, Missouri",2016,22,3399,"29510",42,86,0.488372093023256,1
"0500000US29510","St. Louis city, Missouri",2016,27,4231,"29510",42,86,0.488372093023256,1
"0500000US29510","St. Louis city, Missouri",2016,11,4232,"29510",42,86,0.488372093023256,1
"0500000US29510","St. Louis city, Missouri",2016,21,4233,"29510",42,86,0.488372093023256,1
"0500000US29510","St. Louis city, Missouri",2016,39,4234,"29510",42,86,0.488372093023256,1
"0500000US29510","St. Louis city, Missouri",2016,26,4235,"29510",42,86,0.488372093023256,1
"0500000US29510","St. Louis city, Missouri",2016,30,4236,"29510",42,86,0.488372093023256,1
"0500000US29510","St. Louis city, Missouri",2016,26,4237,"29510",42,86,0.488372093023256,1
"0500000US29510","St. Louis city, Missouri",2016,47,4238,"29510",42,86,0.488372093023256,1
"0500000US29510","St. Louis city, Missouri",2016,43,4239,"29510",42,86,0.488372093023256,1
"0500000US29510","St. Louis city, Missouri",2016,9,4241,"29510",42,86,0.488372093023256,1
"0500000US29510","St. Louis city, Missouri",2016,7,4242,"29510",42,86,0.488372093023256,1
"0500000US29510","St. Louis city, Missouri",2016,15,4243,"29510",42,86,0.488372093023256,1
"0500000US29510","St. Louis city, Missouri",2016,61,4244,"29510",42,86,0.488372093023256,1
"0500000US29510","St. Louis city, Missouri",2016,3,4245,"29510",42,86,0.488372093023256,1
"0500000US29510","St. Louis city, Missouri",2016,28,4246,"29510",42,86,0.488372093023256,1
"0500000US29510","St. Louis city, Missouri",2016,8,4247,"29510",42,86,0.488372093023256,1
"0500000US29510","St. Louis city, Missouri",2016,9,4248,"29510",42,86,0.488372093023256,1
"0500000US29510","St. Louis city, Missouri",2016,20,4249,"29510",42,86,0.488372093023256,1
"0500000US29510","St. Louis city, Missouri",2016,40,4251,"29510",42,86,0.488372093023256,1
"0500000US29510","St. Louis city, Missouri",2016,49,4411,"29510",42,86,0.488372093023256,1
"0500000US29510","St. Louis city, Missouri",2016,3,4412,"29510",42,86,0.488372093023256,1
"0500000US29510","St. Louis city, Missouri",2016,51,4413,"29510",42,86,0.488372093023256,1
"0500000US29510","St. Louis city, Missouri",2016,14,4421,"29510",42,86,0.488372093023256,1
"0500000US29510","St. Louis city, Missouri",2016,13,4422,"29510",42,86,0.488372093023256,1
"0500000US29510","St. Louis city, Missouri",2016,30,4431,"29510",42,86,0.488372093023256,1
"0500000US29510","St. Louis city, Missouri",2016,53,4441,"29510",42,86,0.488372093023256,1
"0500000US29510","St. Louis city, Missouri",2016,4,4442,"29510",42,86,0.488372093023256,1
"0500000US29510","St. Louis city, Missouri",2016,142,4451,"29510",42,86,0.488372093023256,1
"0500000US29510","St. Louis city, Missouri",2016,24,4452,"29510",42,86,0.488372093023256,1
"0500000US29510","St. Louis city, Missouri",2016,18,4453,"29510",42,86,0.488372093023256,1
"0500000US29510","St. Louis city, Missouri",2016,85,4461,"29510",42,86,0.488372093023256,1
"0500000US29510","St. Louis city, Missouri",2016,100,4471,"29510",42,86,0.488372093023256,1
"0500000US29510","St. Louis city, Missouri",2016,59,4481,"29510",42,86,0.488372093023256,1
"0500000US29510","St. Louis city, Missouri",2016,13,4482,"29510",42,86,0.488372093023256,1
"0500000US29510","St. Louis city, Missouri",2016,10,4483,"29510",42,86,0.488372093023256,1
"0500000US29510","St. Louis city, Missouri",2016,19,4511,"29510",42,86,0.488372093023256,1
"0500000US29510","St. Louis city, Missouri",2016,9,4512,"29510",42,86,0.488372093023256,1
"0500000US29510","St. Louis city, Missouri",2016,2,4522,"29510",42,86,0.488372093023256,1
"0500000US29510","St. Louis city, Missouri",2016,2,4523,"29510",42,86,0.488372093023256,1
"0500000US29510","St. Louis city, Missouri",2016,37,4523,"29510",42,86,0.488372093023256,1
"0500000US29510","St. Louis city, Missouri",2016,16,4531,"29510",42,86,0.488372093023256,1
"0500000US29510","St. Louis city, Missouri",2016,20,4532,"29510",42,86,0.488372093023256,1
"0500000US29510","St. Louis city, Missouri",2016,21,4533,"29510",42,86,0.488372093023256,1
"0500000US29510","St. Louis city, Missouri",2016,42,4539,"29510",42,86,0.488372093023256,1
"0500000US29510","St. Louis city, Missouri",2016,28,4541,"29510",42,86,0.488372093023256,1
"0500000US29510","St. Louis city, Missouri",2016,6,4542,"29510",42,86,0.488372093023256,1
"0500000US29510","St. Louis city, Missouri",2016,24,4543,"29510",42,86,0.488372093023256,1
"0500000US29510","St. Louis city, Missouri",2016,3,4831,"29510",42,86,0.488372093023256,1
"0500000US29510","St. Louis city, Missouri",2016,3,4832,"29510",42,86,0.488372093023256,1
"0500000US29510","St. Louis city, Missouri",2016,75,4841,"29510",42,86,0.488372093023256,1
"0500000US29510","St. Louis city, Missouri",2016,29,4842,"29510",42,86,0.488372093023256,1
"0500000US29510","St. Louis city, Missouri",2016,3,4851,"29510",42,86,0.488372093023256,1
"0500000US29510","St. Louis city, Missouri",2016,1,4852,"29510",42,86,0.488372093023256,1
"0500000US29510","St. Louis city, Missouri",2016,6,4853,"29510",42,86,0.488372093023256,1
"0500000US29510","St. Louis city, Missouri",2016,6,4854,"29510",42,86,0.488372093023256,1
"0500000US29510","St. Louis city, Missouri",2016,5,4859,"29510",42,86,0.488372093023256,1
"0500000US29510","St. Louis city, Missouri",2016,1,4862,"29510",42,86,0.488372093023256,1
"0500000US29510","St. Louis city, Missouri",2016,1,4871,"29510",42,86,0.488372093023256,1
"0500000US29510","St. Louis city, Missouri",2016,4,4881,"29510",42,86,0.488372093023256,1
"0500000US29510","St. Louis city, Missouri",2016,2,4882,"29510",42,86,0.488372093023256,1
"0500000US29510","St. Louis city, Missouri",2016,13,4883,"29510",42,86,0.488372093023256,1
"0500000US29510","St. Louis city, Missouri",2016,9,4884,"29510",42,86,0.488372093023256,1
"0500000US29510","St. Louis city, Missouri",2016,12,4885,"29510",42,86,0.488372093023256,1
"0500000US29510","St. Louis city, Missouri",2016,2,4889,"29510",42,86,0.488372093023256,1
"0500000US29510","St. Louis city, Missouri",2016,5,4921,"29510",42,86,0.488372093023256,1
"0500000US29510","St. Louis city, Missouri",2016,3,4922,"29510",42,86,0.488372093023256,1
"0500000US29510","St. Louis city, Missouri",2016,34,4931,"29510",42,86,0.488372093023256,1
"0500000US29510","St. Louis city, Missouri",2016,19,5111,"29510",42,86,0.488372093023256,1
"0500000US29510","St. Louis city, Missouri",2016,10,5112,"29510",42,86,0.488372093023256,1
"0500000US29510","St. Louis city, Missouri",2016,30,5121,"29510",42,86,0.488372093023256,1
"0500000US29510","St. Louis city, Missouri",2016,2,5122,"29510",42,86,0.488372093023256,1
"0500000US29510","St. Louis city, Missouri",2016,20,5151,"29510",42,86,0.488372093023256,1
"0500000US29510","St. Louis city, Missouri",2016,2,5152,"29510",42,86,0.488372093023256,1
"0500000US29510","St. Louis city, Missouri",2016,39,5173,"29510",42,86,0.488372093023256,1
"0500000US29510","St. Louis city, Missouri",2016,15,5173,"29510",42,86,0.488372093023256,1
"0500000US29510","St. Louis city, Missouri",2016,14,5179,"29510",42,86,0.488372093023256,1
"0500000US29510","St. Louis city, Missouri",2016,19,5182,"29510",42,86,0.488372093023256,1
"0500000US29510","St. Louis city, Missouri",2016,19,5191,"29510",42,86,0.488372093023256,1
"0500000US29510","St. Louis city, Missouri",2016,2,5211,"29510",42,86,0.488372093023256,1
"0500000US29510","St. Louis city, Missouri",2016,114,5221,"29510",42,86,0.488372093023256,1
"0500000US29510","St. Louis city, Missouri",2016,37,5222,"29510",42,86,0.488372093023256,1
"0500000US29510","St. Louis city, Missouri",2016,27,5223,"29510",42,86,0.488372093023256,1
"0500000US29510","St. Louis city, Missouri",2016,39,5231,"29510",42,86,0.488372093023256,1
"0500000US29510","St. Louis city, Missouri",2016,31,5239,"29510",42,86,0.488372093023256,1
"0500000US29510","St. Louis city, Missouri",2016,26,5241,"29510",42,86,0.488372093023256,1
"0500000US29510","St. Louis city, Missouri",2016,118,5242,"29510",42,86,0.488372093023256,1
"0500000US29510","St. Louis city, Missouri",2016,126,5311,"29510",42,86,0.488372093023256,1
"0500000US29510","St. Louis city, Missouri",2016,71,5312,"29510",42,86,0.488372093023256,1
"0500000US29510","St. Louis city, Missouri",2016,105,5313,"29510",42,86,0.488372093023256,1
"0500000US29510","St. Louis city, Missouri",2016,22,5321,"29510",42,86,0.488372093023256,1
"0500000US29510","St. Louis city, Missouri",2016,24,5322,"29510",42,86,0.488372093023256,1
"0500000US29510","St. Louis city, Missouri",2016,3,5323,"29510",42,86,0.488372093023256,1
"0500000US29510","St. Louis city, Missouri",2016,25,5324,"29510",42,86,0.488372093023256,1
"0500000US29510","St. Louis city, Missouri",2016,1,5331,"29510",42,86,0.488372093023256,1
"0500000US29510","St. Louis city, Missouri",2016,302,5411,"29510",42,86,0.488372093023256,1
"0500000US29510","St. Louis city, Missouri",2016,104,5412,"29510",42,86,0.488372093023256,1
"0500000US29510","St. Louis city, Missouri",2016,132,5413,"29510",42,86,0.488372093023256,1
"0500000US29510","St. Louis city, Missouri",2016,55,5414,"29510",42,86,0.488372093023256,1
"0500000US29510","St. Louis city, Missouri",2016,151,5415,"29510",42,86,0.488372093023256,1
"0500000US29510","St. Louis city, Missouri",2016,144,5416,"29510",42,86,0.488372093023256,1
"0500000US29510","St. Louis city, Missouri",2016,45,5417,"29510",42,86,0.488372093023256,1
"0500000US29510","St. Louis city, Missouri",2016,94,5418,"29510",42,86,0.488372093023256,1
"0500000US29510","St. Louis city, Missouri",2016,81,5419,"29510",42,86,0.488372093023256,1
"0500000US29510","St. Louis city, Missouri",2016,91,5511,"29510",42,86,0.488372093023256,1
"0500000US29510","St. Louis city, Missouri",2016,25,5611,"29510",42,86,0.488372093023256,1
"0500000US29510","St. Louis city, Missouri",2016,17,5612,"29510",42,86,0.488372093023256,1
"0500000US29510","St. Louis city, Missouri",2016,87,5613,"29510",42,86,0.488372093023256,1
"0500000US29510","St. Louis city, Missouri",2016,46,5614,"29510",42,86,0.488372093023256,1
"0500000US29510","St. Louis city, Missouri",2016,20,5615,"29510",42,86,0.488372093023256,1
"0500000US29510","St. Louis city, Missouri",2016,58,5616,"29510",42,86,0.488372093023256,1
"0500000US29510","St. Louis city, Missouri",2016,112,5617,"29510",42,86,0.488372093023256,1
"0500000US29510","St. Louis city, Missouri",2016,42,5619,"29510",42,86,0.488372093023256,1
"0500000US29510","St. Louis city, Missouri",2016,17,5621,"29510",42,86,0.488372093023256,1
"0500000US29510","St. Louis city, Missouri",2016,3,5622,"29510",42,86,0.488372093023256,1
"0500000US29510","St. Louis city, Missouri",2016,13,5629,"29510",42,86,0.488372093023256,1
"0500000US29510","St. Louis city, Missouri",2016,54,6111,"29510",42,86,0.488372093023256,1
"0500000US29510","St. Louis city, Missouri",2016,3,6112,"29510",42,86,0.488372093023256,1
"0500000US29510","St. Louis city, Missouri",2016,13,6113,"29510",42,86,0.488372093023256,1
"0500000US29510","St. Louis city, Missouri",2016,6,6114,"29510",42,86,0.488372093023256,1
"0500000US29510","St. Louis city, Missouri",2016,13,6115,"29510",42,86,0.488372093023256,1
"0500000US29510","St. Louis city, Missouri",2016,39,6116,"29510",42,86,0.488372093023256,1
"0500000US29510","St. Louis city, Missouri",2016,11,6117,"29510",42,86,0.488372093023256,1
"0500000US29510","St. Louis city, Missouri",2016,182,6211,"29510",42,86,0.488372093023256,1
"0500000US29510","St. Louis city, Missouri",2016,72,6212,"29510",42,86,0.488372093023256,1
"0500000US29510","St. Louis city, Missouri",2016,95,6213,"29510",42,86,0.488372093023256,1
"0500000US29510","St. Louis city, Missouri",2016,60,6214,"29510",42,86,0.488372093023256,1
"0500000US29510","St. Louis city, Missouri",2016,20,6215,"29510",42,86,0.488372093023256,1
"0500000US29510","St. Louis city, Missouri",2016,293,6216,"29510",42,86,0.488372093023256,1
"0500000US29510","St. Louis city, Missouri",2016,20,6219,"29510",42,86,0.488372093023256,1
"0500000US29510","St. Louis city, Missouri",2016,8,6221,"29510",42,86,0.488372093023256,1
"0500000US29510","St. Louis city, Missouri",2016,3,6222,"29510",42,86,0.488372093023256,1
"0500000US29510","St. Louis city, Missouri",2016,2,6223,"29510",42,86,0.488372093023256,1
"0500000US29510","St. Louis city, Missouri",2016,20,6231,"29510",42,86,0.488372093023256,1
"0500000US29510","St. Louis city, Missouri",2016,17,6232,"29510",42,86,0.488372093023256,1
"0500000US29510","St. Louis city, Missouri",2016,21,6233,"29510",42,86,0.488372093023256,1
"0500000US29510","St. Louis city, Missouri",2016,3,6239,"29510",42,86,0.488372093023256,1
"0500000US29510","St. Louis city, Missouri",2016,4378,6241,"29510",42,86,0.488372093023256,1
"0500000US29510","St. Louis city, Missouri",2016,42,6242,"29510",42,86,0.488372093023256,1
"0500000US29510","St. Louis city, Missouri",2016,24,6243,"29510",42,86,0.488372093023256,1
"0500000US29510","St. Louis city, Missouri",2016,95,6244,"29510",42,86,0.488372093023256,1
"0500000US29510","St. Louis city, Missouri",2016,27,7111,"29510",42,86,0.488372093023256,1
"0500000US29510","St. Louis city, Missouri",2016,2,7112,"29510",42,86,0.488372093023256,1
"0500000US29510","St. Louis city, Missouri",2016,18,7113,"29510",42,86,0.488372093023256,1
"0500000US29510","St. Louis city, Missouri",2016,2,7114,"29510",42,86,0.488372093023256,1
"0500000US29510","St. Louis city, Missouri",2016,8,7115,"29510",42,86,0.488372093023256,1
"0500000US29510","St. Louis city, Missouri",2016,23,7121,"29510",42,86,0.488372093023256,1
"0500000US29510","St. Louis city, Missouri",2016,2,7132,"29510",42,86,0.488372093023256,1
"0500000US29510","St. Louis city, Missouri",2016,56,7139,"29510",42,86,0.488372093023256,1
"0500000US29510","St. Louis city, Missouri",2016,50,7211,"29510",42,86,0.488372093023256,1
"0500000US29510","St. Louis city, Missouri",2016,1,7213,"29510",42,86,0.488372093023256,1
"0500000US29510","St. Louis city, Missouri",2016,114,7223,"29510",42,86,0.488372093023256,1
"0500000US29510","St. Louis city, Missouri",2016,107,7224,"29510",42,86,0.488372093023256,1
"0500000US29510","St. Louis city, Missouri",2016,717,7225,"29510",42,86,0.488372093023256,1
"0500000US29510","St. Louis city, Missouri",2016,143,8111,"29510",42,86,0.488372093023256,1
"0500000US29510","St. Louis city, Missouri",2016,9,8112,"29510",42,86,0.488372093023256,1
"0500000US29510","St. Louis city, Missouri",2016,24,8113,"29510",42,86,0.488372093023256,1
"0500000US29510","St. Louis city, Missouri",2016,21,8114,"29510",42,86,0.488372093023256,1
"0500000US29510","St. Louis city, Missouri",2016,81,8121,"29510",42,86,0.488372093023256,1
"0500000US29510","St. Louis city, Missouri",2016,26,8122,"29510",42,86,0.488372093023256,1
"0500000US29510","St. Louis city, Missouri",2016,28,8123,"29510",42,86,0.488372093023256,1
"0500000US29510","St. Louis city, Missouri",2016,144,8129,"29510",42,86,0.488372093023256,1
"0500000US29510","St. Louis city, Missouri",2016,248,8131,"29510",42,86,0.488372093023256,1
"0500000US29510","St. Louis city, Missouri",2016,59,8132,"29510",42,86,0.488372093023256,1
"0500000US29510","St. Louis city, Missouri",2016,44,8133,"29510",42,86,0.488372093023256,1
"0500000US29510","St. Louis city, Missouri",2016,35,8134,"29510",42,86,0.488372093023256,1
"0500000US29510","St. Louis city, Missouri",2016,111,8139,"29510",42,86,0.488372093023256,1
"0500000US29510","St. Louis city, Missouri",2017,12,2211,"29510",42,86,0.488372093023256,1
"0500000US29510","St. Louis city, Missouri",2017,8,2212,"29510",42,86,0.488372093023256,1
"0500000US29510","St. Louis city, Missouri",2017,81,2361,"29510",42,86,0.488372093023256,1
"0500000US29510","St. Louis city, Missouri",2017,43,2362,"29510",42,86,0.488372093023256,1
"0500000US29510","St. Louis city, Missouri",2017,12,2371,"29510",42,86,0.488372093023256,1
"0500000US29510","St. Louis city, Missouri",2017,3,2379,"29510",42,86,0.488372093023256,1
"0500000US29510","St. Louis city, Missouri",2017,74,2381,"29510",42,86,0.488372093023256,1
"0500000US29510","St. Louis city, Missouri",2017,110,2382,"29510",42,86,0.488372093023256,1
"0500000US29510","St. Louis city, Missouri",2017,61,2383,"29510",42,86,0.488372093023256,1
"0500000US29510","St. Louis city, Missouri",2017,22,2389,"29510",42,86,0.488372093023256,1
"0500000US29510","St. Louis city, Missouri",2017,3,3112,"29510",42,86,0.488372093023256,1
"0500000US29510","St. Louis city, Missouri",2017,6,3113,"29510",42,86,0.488372093023256,1
"0500000US29510","St. Louis city, Missouri",2017,8,3114,"29510",42,86,0.488372093023256,1
"0500000US29510","St. Louis city, Missouri",2017,10,3116,"29510",42,86,0.488372093023256,1
"0500000US29510","St. Louis city, Missouri",2017,18,3118,"29510",42,86,0.488372093023256,1
"0500000US29510","St. Louis city, Missouri",2017,12,3119,"29510",42,86,0.488372093023256,1
"0500000US29510","St. Louis city, Missouri",2017,17,3121,"29510",42,86,0.488372093023256,1
"0500000US29510","St. Louis city, Missouri",2017,7,3149,"29510",42,86,0.488372093023256,1
"0500000US29510","St. Louis city, Missouri",2017,6,3219,"29510",42,86,0.488372093023256,1
"0500000US29510","St. Louis city, Missouri",2017,10,3222,"29510",42,86,0.488372093023256,1
"0500000US29510","St. Louis city, Missouri",2017,55,3231,"29510",42,86,0.488372093023256,1
"0500000US29510","St. Louis city, Missouri",2017,5,3241,"29510",42,86,0.488372093023256,1
"0500000US29510","St. Louis city, Missouri",2017,7,3251,"29510",42,86,0.488372093023256,1
"0500000US29510","St. Louis city, Missouri",2017,9,3254,"29510",42,86,0.488372093023256,1
"0500000US29510","St. Louis city, Missouri",2017,11,3255,"29510",42,86,0.488372093023256,1
"0500000US29510","St. Louis city, Missouri",2017,13,3256,"29510",42,86,0.488372093023256,1
"0500000US29510","St. Louis city, Missouri",2017,12,3261,"29510",42,86,0.488372093023256,1
"0500000US29510","St. Louis city, Missouri",2017,5,3262,"29510",42,86,0.488372093023256,1
"0500000US29510","St. Louis city, Missouri",2017,3,3272,"29510",42,86,0.488372093023256,1
"0500000US29510","St. Louis city, Missouri",2017,3,3273,"29510",42,86,0.488372093023256,1
"0500000US29510","St. Louis city, Missouri",2017,5,3279,"29510",42,86,0.488372093023256,1
"0500000US29510","St. Louis city, Missouri",2017,3,3315,"29510",42,86,0.488372093023256,1
"0500000US29510","St. Louis city, Missouri",2017,3,3321,"29510",42,86,0.488372093023256,1
"0500000US29510","St. Louis city, Missouri",2017,24,3323,"29510",42,86,0.488372093023256,1
"0500000US29510","St. Louis city, Missouri",2017,3,3324,"29510",42,86,0.488372093023256,1
"0500000US29510","St. Louis city, Missouri",2017,24,3327,"29510",42,86,0.488372093023256,1
"0500000US29510","St. Louis city, Missouri",2017,13,3328,"29510",42,86,0.488372093023256,1
"0500000US29510","St. Louis city, Missouri",2017,8,3329,"29510",42,86,0.488372093023256,1
"0500000US29510","St. Louis city, Missouri",2017,8,3335,"29510",42,86,0.488372093023256,1
"0500000US29510","St. Louis city, Missouri",2017,9,3339,"29510",42,86,0.488372093023256,1
"0500000US29510","St. Louis city, Missouri",2017,3,3351,"29510",42,86,0.488372093023256,1
"0500000US29510","St. Louis city, Missouri",2017,4,3353,"29510",42,86,0.488372093023256,1
"0500000US29510","St. Louis city, Missouri",2017,3,3359,"29510",42,86,0.488372093023256,1
"0500000US29510","St. Louis city, Missouri",2017,5,3363,"29510",42,86,0.488372093023256,1
"0500000US29510","St. Louis city, Missouri",2017,12,3371,"29510",42,86,0.488372093023256,1
"0500000US29510","St. Louis city, Missouri",2017,9,3372,"29510",42,86,0.488372093023256,1
"0500000US29510","St. Louis city, Missouri",2017,18,3391,"29510",42,86,0.488372093023256,1
"0500000US29510","St. Louis city, Missouri",2017,27,3399,"29510",42,86,0.488372093023256,1
"0500000US29510","St. Louis city, Missouri",2017,23,4231,"29510",42,86,0.488372093023256,1
"0500000US29510","St. Louis city, Missouri",2017,8,4232,"29510",42,86,0.488372093023256,1
"0500000US29510","St. Louis city, Missouri",2017,20,4233,"29510",42,86,0.488372093023256,1
"0500000US29510","St. Louis city, Missouri",2017,40,4234,"29510",42,86,0.488372093023256,1
"0500000US29510","St. Louis city, Missouri",2017,23,4235,"29510",42,86,0.488372093023256,1
"0500000US29510","St. Louis city, Missouri",2017,29,4236,"29510",42,86,0.488372093023256,1
"0500000US29510","St. Louis city, Missouri",2017,26,4237,"29510",42,86,0.488372093023256,1
"0500000US29510","St. Louis city, Missouri",2017,56,4238,"29510",42,86,0.488372093023256,1
"0500000US29510","St. Louis city, Missouri",2017,38,4239,"29510",42,86,0.488372093023256,1
"0500000US29510","St. Louis city, Missouri",2017,15,4241,"29510",42,86,0.488372093023256,1
"0500000US29510","St. Louis city, Missouri",2017,17,4242,"29510",42,86,0.488372093023256,1
"0500000US29510","St. Louis city, Missouri",2017,17,4243,"29510",42,86,0.488372093023256,1
"0500000US29510","St. Louis city, Missouri",2017,58,4244,"29510",42,86,0.488372093023256,1
"0500000US29510","St. Louis city, Missouri",2017,4,4245,"29510",42,86,0.488372093023256,1
"0500000US29510","St. Louis city, Missouri",2017,30,4246,"29510",42,86,0.488372093023256,1
"0500000US29510","St. Louis city, Missouri",2017,9,4247,"29510",42,86,0.488372093023256,1
"0500000US29510","St. Louis city, Missouri",2017,8,4248,"29510",42,86,0.488372093023256,1
"0500000US29510","St. Louis city, Missouri",2017,13,4249,"29510",42,86,0.488372093023256,1
"0500000US29510","St. Louis city, Missouri",2017,29,4251,"29510",42,86,0.488372093023256,1
"0500000US29510","St. Louis city, Missouri",2017,43,4411,"29510",42,86,0.488372093023256,1
"0500000US29510","St. Louis city, Missouri",2017,4,4412,"29510",42,86,0.488372093023256,1
"0500000US29510","St. Louis city, Missouri",2017,51,4413,"29510",42,86,0.488372093023256,1
"0500000US29510","St. Louis city, Missouri",2017,16,4421,"29510",42,86,0.488372093023256,1
"0500000US29510","St. Louis city, Missouri",2017,12,4422,"29510",42,86,0.488372093023256,1
"0500000US29510","St. Louis city, Missouri",2017,21,4431,"29510",42,86,0.488372093023256,1
"0500000US29510","St. Louis city, Missouri",2017,50,4441,"29510",42,86,0.488372093023256,1
"0500000US29510","St. Louis city, Missouri",2017,7,4442,"29510",42,86,0.488372093023256,1
"0500000US29510","St. Louis city, Missouri",2017,135,4451,"29510",42,86,0.488372093023256,1
"0500000US29510","St. Louis city, Missouri",2017,15,4452,"29510",42,86,0.488372093023256,1
"0500000US29510","St. Louis city, Missouri",2017,15,4453,"29510",42,86,0.488372093023256,1
"0500000US29510","St. Louis city, Missouri",2017,89,4461,"29510",42,86,0.488372093023256,1
"0500000US29510","St. Louis city, Missouri",2017,100,4471,"29510",42,86,0.488372093023256,1
"0500000US29510","St. Louis city, Missouri",2017,75,4481,"29510",42,86,0.488372093023256,1
"0500000US29510","St. Louis city, Missouri",2017,19,4482,"29510",42,86,0.488372093023256,1
"0500000US29510","St. Louis city, Missouri",2017,8,4483,"29510",42,86,0.488372093023256,1
"0500000US29510","St. Louis city, Missouri",2017,14,4511,"29510",42,86,0.488372093023256,1
"0500000US29510","St. Louis city, Missouri",2017,11,4512,"29510",42,86,0.488372093023256,1
"0500000US29510","St. Louis city, Missouri",2017,41,4523,"29510",42,86,0.488372093023256,1
"0500000US29510","St. Louis city, Missouri",2017,13,4531,"29510",42,86,0.488372093023256,1
"0500000US29510","St. Louis city, Missouri",2017,19,4532,"29510",42,86,0.488372093023256,1
"0500000US29510","St. Louis city, Missouri",2017,18,4533,"29510",42,86,0.488372093023256,1
"0500000US29510","St. Louis city, Missouri",2017,39,4539,"29510",42,86,0.488372093023256,1
"0500000US29510","St. Louis city, Missouri",2017,37,4541,"29510",42,86,0.488372093023256,1
"0500000US29510","St. Louis city, Missouri",2017,5,4542,"29510",42,86,0.488372093023256,1
"0500000US29510","St. Louis city, Missouri",2017,18,4543,"29510",42,86,0.488372093023256,1
"0500000US29510","St. Louis city, Missouri",2017,3,4832,"29510",42,86,0.488372093023256,1
"0500000US29510","St. Louis city, Missouri",2017,69,4841,"29510",42,86,0.488372093023256,1
"0500000US29510","St. Louis city, Missouri",2017,33,4842,"29510",42,86,0.488372093023256,1
"0500000US29510","St. Louis city, Missouri",2017,4,4853,"29510",42,86,0.488372093023256,1
"0500000US29510","St. Louis city, Missouri",2017,7,4854,"29510",42,86,0.488372093023256,1
"0500000US29510","St. Louis city, Missouri",2017,4,4859,"29510",42,86,0.488372093023256,1
"0500000US29510","St. Louis city, Missouri",2017,4,4881,"29510",42,86,0.488372093023256,1
"0500000US29510","St. Louis city, Missouri",2017,14,4883,"29510",42,86,0.488372093023256,1
"0500000US29510","St. Louis city, Missouri",2017,8,4884,"29510",42,86,0.488372093023256,1
"0500000US29510","St. Louis city, Missouri",2017,17,4885,"29510",42,86,0.488372093023256,1
"0500000US29510","St. Louis city, Missouri",2017,3,4889,"29510",42,86,0.488372093023256,1
"0500000US29510","St. Louis city, Missouri",2017,6,4921,"29510",42,86,0.488372093023256,1
"0500000US29510","St. Louis city, Missouri",2017,32,4931,"29510",42,86,0.488372093023256,1
"0500000US29510","St. Louis city, Missouri",2017,20,5111,"29510",42,86,0.488372093023256,1
"0500000US29510","St. Louis city, Missouri",2017,17,5112,"29510",42,86,0.488372093023256,1
"0500000US29510","St. Louis city, Missouri",2017,24,5121,"29510",42,86,0.488372093023256,1
"0500000US29510","St. Louis city, Missouri",2017,3,5122,"29510",42,86,0.488372093023256,1
"0500000US29510","St. Louis city, Missouri",2017,20,5151,"29510",42,86,0.488372093023256,1
"0500000US29510","St. Louis city, Missouri",2017,54,5173,"29510",42,86,0.488372093023256,1
"0500000US29510","St. Louis city, Missouri",2017,12,5179,"29510",42,86,0.488372093023256,1
"0500000US29510","St. Louis city, Missouri",2017,31,5182,"29510",42,86,0.488372093023256,1
"0500000US29510","St. Louis city, Missouri",2017,20,5191,"29510",42,86,0.488372093023256,1
"0500000US29510","St. Louis city, Missouri",2017,3,5211,"29510",42,86,0.488372093023256,1
"0500000US29510","St. Louis city, Missouri",2017,110,5221,"29510",42,86,0.488372093023256,1
"0500000US29510","St. Louis city, Missouri",2017,38,5222,"29510",42,86,0.488372093023256,1
"0500000US29510","St. Louis city, Missouri",2017,31,5223,"29510",42,86,0.488372093023256,1
"0500000US29510","St. Louis city, Missouri",2017,24,5231,"29510",42,86,0.488372093023256,1
"0500000US29510","St. Louis city, Missouri",2017,42,5239,"29510",42,86,0.488372093023256,1
"0500000US29510","St. Louis city, Missouri",2017,27,5241,"29510",42,86,0.488372093023256,1
"0500000US29510","St. Louis city, Missouri",2017,110,5242,"29510",42,86,0.488372093023256,1
"0500000US29510","St. Louis city, Missouri",2017,142,5311,"29510",42,86,0.488372093023256,1
"0500000US29510","St. Louis city, Missouri",2017,79,5312,"29510",42,86,0.488372093023256,1
"0500000US29510","St. Louis city, Missouri",2017,104,5313,"29510",42,86,0.488372093023256,1
"0500000US29510","St. Louis city, Missouri",2017,23,5321,"29510",42,86,0.488372093023256,1
"0500000US29510","St. Louis city, Missouri",2017,18,5322,"29510",42,86,0.488372093023256,1
"0500000US29510","St. Louis city, Missouri",2017,3,5323,"29510",42,86,0.488372093023256,1
"0500000US29510","St. Louis city, Missouri",2017,27,5324,"29510",42,86,0.488372093023256,1
"0500000US29510","St. Louis city, Missouri",2017,302,5411,"29510",42,86,0.488372093023256,1
"0500000US29510","St. Louis city, Missouri",2017,102,5412,"29510",42,86,0.488372093023256,1
"0500000US29510","St. Louis city, Missouri",2017,141,5413,"29510",42,86,0.488372093023256,1
"0500000US29510","St. Louis city, Missouri",2017,54,5414,"29510",42,86,0.488372093023256,1
"0500000US29510","St. Louis city, Missouri",2017,152,5415,"29510",42,86,0.488372093023256,1
"0500000US29510","St. Louis city, Missouri",2017,150,5416,"29510",42,86,0.488372093023256,1
"0500000US29510","St. Louis city, Missouri",2017,49,5417,"29510",42,86,0.488372093023256,1
"0500000US29510","St. Louis city, Missouri",2017,82,5418,"29510",42,86,0.488372093023256,1
"0500000US29510","St. Louis city, Missouri",2017,82,5419,"29510",42,86,0.488372093023256,1
"0500000US29510","St. Louis city, Missouri",2017,83,5511,"29510",42,86,0.488372093023256,1
"0500000US29510","St. Louis city, Missouri",2017,23,5611,"29510",42,86,0.488372093023256,1
"0500000US29510","St. Louis city, Missouri",2017,18,5612,"29510",42,86,0.488372093023256,1
"0500000US29510","St. Louis city, Missouri",2017,84,5613,"29510",42,86,0.488372093023256,1
"0500000US29510","St. Louis city, Missouri",2017,43,5614,"29510",42,86,0.488372093023256,1
"0500000US29510","St. Louis city, Missouri",2017,25,5615,"29510",42,86,0.488372093023256,1
"0500000US29510","St. Louis city, Missouri",2017,48,5616,"29510",42,86,0.488372093023256,1
"0500000US29510","St. Louis city, Missouri",2017,100,5617,"29510",42,86,0.488372093023256,1
"0500000US29510","St. Louis city, Missouri",2017,42,5619,"29510",42,86,0.488372093023256,1
"0500000US29510","St. Louis city, Missouri",2017,18,5621,"29510",42,86,0.488372093023256,1
"0500000US29510","St. Louis city, Missouri",2017,4,5622,"29510",42,86,0.488372093023256,1
"0500000US29510","St. Louis city, Missouri",2017,14,5629,"29510",42,86,0.488372093023256,1
"0500000US29510","St. Louis city, Missouri",2017,52,6111,"29510",42,86,0.488372093023256,1
"0500000US29510","St. Louis city, Missouri",2017,3,6112,"29510",42,86,0.488372093023256,1
"0500000US29510","St. Louis city, Missouri",2017,15,6113,"29510",42,86,0.488372093023256,1
"0500000US29510","St. Louis city, Missouri",2017,7,6114,"29510",42,86,0.488372093023256,1
"0500000US29510","St. Louis city, Missouri",2017,14,6115,"29510",42,86,0.488372093023256,1
"0500000US29510","St. Louis city, Missouri",2017,37,6116,"29510",42,86,0.488372093023256,1
"0500000US29510","St. Louis city, Missouri",2017,13,6117,"29510",42,86,0.488372093023256,1
"0500000US29510","St. Louis city, Missouri",2017,156,6211,"29510",42,86,0.488372093023256,1
"0500000US29510","St. Louis city, Missouri",2017,69,6212,"29510",42,86,0.488372093023256,1
"0500000US29510","St. Louis city, Missouri",2017,97,6213,"29510",42,86,0.488372093023256,1
"0500000US29510","St. Louis city, Missouri",2017,57,6214,"29510",42,86,0.488372093023256,1
"0500000US29510","St. Louis city, Missouri",2017,15,6215,"29510",42,86,0.488372093023256,1
"0500000US29510","St. Louis city, Missouri",2017,345,6216,"29510",42,86,0.488372093023256,1
"0500000US29510","St. Louis city, Missouri",2017,18,6219,"29510",42,86,0.488372093023256,1
"0500000US29510","St. Louis city, Missouri",2017,13,6221,"29510",42,86,0.488372093023256,1
"0500000US29510","St. Louis city, Missouri",2017,4,6222,"29510",42,86,0.488372093023256,1
"0500000US29510","St. Louis city, Missouri",2017,22,6231,"29510",42,86,0.488372093023256,1
"0500000US29510","St. Louis city, Missouri",2017,21,6232,"29510",42,86,0.488372093023256,1
"0500000US29510","St. Louis city, Missouri",2017,26,6233,"29510",42,86,0.488372093023256,1
"0500000US29510","St. Louis city, Missouri",2017,5,6239,"29510",42,86,0.488372093023256,1
"0500000US29510","St. Louis city, Missouri",2017,851,6241,"29510",42,86,0.488372093023256,1
"0500000US29510","St. Louis city, Missouri",2017,46,6242,"29510",42,86,0.488372093023256,1
"0500000US29510","St. Louis city, Missouri",2017,20,6243,"29510",42,86,0.488372093023256,1
"0500000US29510","St. Louis city, Missouri",2017,109,6244,"29510",42,86,0.488372093023256,1
"0500000US29510","St. Louis city, Missouri",2017,31,7111,"29510",42,86,0.488372093023256,1
"0500000US29510","St. Louis city, Missouri",2017,20,7113,"29510",42,86,0.488372093023256,1
"0500000US29510","St. Louis city, Missouri",2017,3,7114,"29510",42,86,0.488372093023256,1
"0500000US29510","St. Louis city, Missouri",2017,12,7115,"29510",42,86,0.488372093023256,1
"0500000US29510","St. Louis city, Missouri",2017,23,7121,"29510",42,86,0.488372093023256,1
"0500000US29510","St. Louis city, Missouri",2017,61,7139,"29510",42,86,0.488372093023256,1
"0500000US29510","St. Louis city, Missouri",2017,49,7211,"29510",42,86,0.488372093023256,1
"0500000US29510","St. Louis city, Missouri",2017,113,7223,"29510",42,86,0.488372093023256,1
"0500000US29510","St. Louis city, Missouri",2017,104,7224,"29510",42,86,0.488372093023256,1
"0500000US29510","St. Louis city, Missouri",2017,741,7225,"29510",42,86,0.488372093023256,1
"0500000US29510","St. Louis city, Missouri",2017,143,8111,"29510",42,86,0.488372093023256,1
"0500000US29510","St. Louis city, Missouri",2017,10,8112,"29510",42,86,0.488372093023256,1
"0500000US29510","St. Louis city, Missouri",2017,21,8113,"29510",42,86,0.488372093023256,1
"0500000US29510","St. Louis city, Missouri",2017,21,8114,"29510",42,86,0.488372093023256,1
"0500000US29510","St. Louis city, Missouri",2017,79,8121,"29510",42,86,0.488372093023256,1
"0500000US29510","St. Louis city, Missouri",2017,25,8122,"29510",42,86,0.488372093023256,1
"0500000US29510","St. Louis city, Missouri",2017,31,8123,"29510",42,86,0.488372093023256,1
"0500000US29510","St. Louis city, Missouri",2017,119,8129,"29510",42,86,0.488372093023256,1
"0500000US29510","St. Louis city, Missouri",2017,248,8131,"29510",42,86,0.488372093023256,1
"0500000US29510","St. Louis city, Missouri",2017,59,8132,"29510",42,86,0.488372093023256,1
"0500000US29510","St. Louis city, Missouri",2017,46,8133,"29510",42,86,0.488372093023256,1
"0500000US29510","St. Louis city, Missouri",2017,37,8134,"29510",42,86,0.488372093023256,1
"0500000US29510","St. Louis city, Missouri",2017,111,8139,"29510",42,86,0.488372093023256,1
"0500000US29510","St. Louis city, Missouri",2018,12,2211,"29510",42,86,0.488372093023256,1
"0500000US29510","St. Louis city, Missouri",2018,8,2212,"29510",42,86,0.488372093023256,1
"0500000US29510","St. Louis city, Missouri",2018,76,2361,"29510",42,86,0.488372093023256,1
"0500000US29510","St. Louis city, Missouri",2018,45,2362,"29510",42,86,0.488372093023256,1
"0500000US29510","St. Louis city, Missouri",2018,13,2371,"29510",42,86,0.488372093023256,1
"0500000US29510","St. Louis city, Missouri",2018,3,2372,"29510",42,86,0.488372093023256,1
"0500000US29510","St. Louis city, Missouri",2018,75,2381,"29510",42,86,0.488372093023256,1
"0500000US29510","St. Louis city, Missouri",2018,110,2382,"29510",42,86,0.488372093023256,1
"0500000US29510","St. Louis city, Missouri",2018,59,2383,"29510",42,86,0.488372093023256,1
"0500000US29510","St. Louis city, Missouri",2018,21,2389,"29510",42,86,0.488372093023256,1
"0500000US29510","St. Louis city, Missouri",2018,3,3112,"29510",42,86,0.488372093023256,1
"0500000US29510","St. Louis city, Missouri",2018,6,3113,"29510",42,86,0.488372093023256,1
"0500000US29510","St. Louis city, Missouri",2018,7,3114,"29510",42,86,0.488372093023256,1
"0500000US29510","St. Louis city, Missouri",2018,10,3116,"29510",42,86,0.488372093023256,1
"0500000US29510","St. Louis city, Missouri",2018,17,3118,"29510",42,86,0.488372093023256,1
"0500000US29510","St. Louis city, Missouri",2018,13,3119,"29510",42,86,0.488372093023256,1
"0500000US29510","St. Louis city, Missouri",2018,18,3121,"29510",42,86,0.488372093023256,1
"0500000US29510","St. Louis city, Missouri",2018,7,3149,"29510",42,86,0.488372093023256,1
"0500000US29510","St. Louis city, Missouri",2018,3,3152,"29510",42,86,0.488372093023256,1
"0500000US29510","St. Louis city, Missouri",2018,8,3219,"29510",42,86,0.488372093023256,1
"0500000US29510","St. Louis city, Missouri",2018,9,3222,"29510",42,86,0.488372093023256,1
"0500000US29510","St. Louis city, Missouri",2018,52,3231,"29510",42,86,0.488372093023256,1
"0500000US29510","St. Louis city, Missouri",2018,5,3241,"29510",42,86,0.488372093023256,1
"0500000US29510","St. Louis city, Missouri",2018,7,3251,"29510",42,86,0.488372093023256,1
"0500000US29510","St. Louis city, Missouri",2018,9,3254,"29510",42,86,0.488372093023256,1
"0500000US29510","St. Louis city, Missouri",2018,11,3255,"29510",42,86,0.488372093023256,1
"0500000US29510","St. Louis city, Missouri",2018,13,3256,"29510",42,86,0.488372093023256,1
"0500000US29510","St. Louis city, Missouri",2018,12,3261,"29510",42,86,0.488372093023256,1
"0500000US29510","St. Louis city, Missouri",2018,5,3262,"29510",42,86,0.488372093023256,1
"0500000US29510","St. Louis city, Missouri",2018,3,3272,"29510",42,86,0.488372093023256,1
"0500000US29510","St. Louis city, Missouri",2018,3,3273,"29510",42,86,0.488372093023256,1
"0500000US29510","St. Louis city, Missouri",2018,7,3279,"29510",42,86,0.488372093023256,1
"0500000US29510","St. Louis city, Missouri",2018,3,3315,"29510",42,86,0.488372093023256,1
"0500000US29510","St. Louis city, Missouri",2018,28,3323,"29510",42,86,0.488372093023256,1
"0500000US29510","St. Louis city, Missouri",2018,3,3324,"29510",42,86,0.488372093023256,1
"0500000US29510","St. Louis city, Missouri",2018,26,3327,"29510",42,86,0.488372093023256,1
"0500000US29510","St. Louis city, Missouri",2018,12,3328,"29510",42,86,0.488372093023256,1
"0500000US29510","St. Louis city, Missouri",2018,7,3329,"29510",42,86,0.488372093023256,1
"0500000US29510","St. Louis city, Missouri",2018,3,3332,"29510",42,86,0.488372093023256,1
"0500000US29510","St. Louis city, Missouri",2018,8,3335,"29510",42,86,0.488372093023256,1
"0500000US29510","St. Louis city, Missouri",2018,8,3339,"29510",42,86,0.488372093023256,1
"0500000US29510","St. Louis city, Missouri",2018,3,3351,"29510",42,86,0.488372093023256,1
"0500000US29510","St. Louis city, Missouri",2018,4,3353,"29510",42,86,0.488372093023256,1
"0500000US29510","St. Louis city, Missouri",2018,3,3359,"29510",42,86,0.488372093023256,1
"0500000US29510","St. Louis city, Missouri",2018,5,3363,"29510",42,86,0.488372093023256,1
"0500000US29510","St. Louis city, Missouri",2018,11,3371,"29510",42,86,0.488372093023256,1
"0500000US29510","St. Louis city, Missouri",2018,9,3372,"29510",42,86,0.488372093023256,1
"0500000US29510","St. Louis city, Missouri",2018,18,3391,"29510",42,86,0.488372093023256,1
"0500000US29510","St. Louis city, Missouri",2018,24,3399,"29510",42,86,0.488372093023256,1
"0500000US29510","St. Louis city, Missouri",2018,26,4231,"29510",42,86,0.488372093023256,1
"0500000US29510","St. Louis city, Missouri",2018,8,4232,"29510",42,86,0.488372093023256,1
"0500000US29510","St. Louis city, Missouri",2018,18,4233,"29510",42,86,0.488372093023256,1
"0500000US29510","St. Louis city, Missouri",2018,39,4234,"29510",42,86,0.488372093023256,1
"0500000US29510","St. Louis city, Missouri",2018,22,4235,"29510",42,86,0.488372093023256,1
"0500000US29510","St. Louis city, Missouri",2018,27,4236,"29510",42,86,0.488372093023256,1
"0500000US29510","St. Louis city, Missouri",2018,28,4237,"29510",42,86,0.488372093023256,1
"0500000US29510","St. Louis city, Missouri",2018,58,4238,"29510",42,86,0.488372093023256,1
"0500000US29510","St. Louis city, Missouri",2018,36,4239,"29510",42,86,0.488372093023256,1
"0500000US29510","St. Louis city, Missouri",2018,11,4241,"29510",42,86,0.488372093023256,1
"0500000US29510","St. Louis city, Missouri",2018,19,4242,"29510",42,86,0.488372093023256,1
"0500000US29510","St. Louis city, Missouri",2018,16,4243,"29510",42,86,0.488372093023256,1
"0500000US29510","St. Louis city, Missouri",2018,62,4244,"29510",42,86,0.488372093023256,1
"0500000US29510","St. Louis city, Missouri",2018,4,4245,"29510",42,86,0.488372093023256,1
"0500000US29510","St. Louis city, Missouri",2018,27,4246,"29510",42,86,0.488372093023256,1
"0500000US29510","St. Louis city, Missouri",2018,8,4247,"29510",42,86,0.488372093023256,1
"0500000US29510","St. Louis city, Missouri",2018,8,4248,"29510",42,86,0.488372093023256,1
"0500000US29510","St. Louis city, Missouri",2018,13,4249,"29510",42,86,0.488372093023256,1
"0500000US29510","St. Louis city, Missouri",2018,27,4251,"29510",42,86,0.488372093023256,1
"0500000US29510","St. Louis city, Missouri",2018,46,4411,"29510",42,86,0.488372093023256,1
"0500000US29510","St. Louis city, Missouri",2018,4,4412,"29510",42,86,0.488372093023256,1
"0500000US29510","St. Louis city, Missouri",2018,49,4413,"29510",42,86,0.488372093023256,1
"0500000US29510","St. Louis city, Missouri",2018,14,4421,"29510",42,86,0.488372093023256,1
"0500000US29510","St. Louis city, Missouri",2018,12,4422,"29510",42,86,0.488372093023256,1
"0500000US29510","St. Louis city, Missouri",2018,19,4431,"29510",42,86,0.488372093023256,1
"0500000US29510","St. Louis city, Missouri",2018,47,4441,"29510",42,86,0.488372093023256,1
"0500000US29510","St. Louis city, Missouri",2018,7,4442,"29510",42,86,0.488372093023256,1
"0500000US29510","St. Louis city, Missouri",2018,125,4451,"29510",42,86,0.488372093023256,1
"0500000US29510","St. Louis city, Missouri",2018,13,4452,"29510",42,86,0.488372093023256,1
"0500000US29510","St. Louis city, Missouri",2018,16,4453,"29510",42,86,0.488372093023256,1
"0500000US29510","St. Louis city, Missouri",2018,92,4461,"29510",42,86,0.488372093023256,1
"0500000US29510","St. Louis city, Missouri",2018,98,4471,"29510",42,86,0.488372093023256,1
"0500000US29510","St. Louis city, Missouri",2018,74,4481,"29510",42,86,0.488372093023256,1
"0500000US29510","St. Louis city, Missouri",2018,17,4482,"29510",42,86,0.488372093023256,1
"0500000US29510","St. Louis city, Missouri",2018,9,4483,"29510",42,86,0.488372093023256,1
"0500000US29510","St. Louis city, Missouri",2018,14,4511,"29510",42,86,0.488372093023256,1
"0500000US29510","St. Louis city, Missouri",2018,9,4512,"29510",42,86,0.488372093023256,1
"0500000US29510","St. Louis city, Missouri",2018,38,4523,"29510",42,86,0.488372093023256,1
"0500000US29510","St. Louis city, Missouri",2018,12,4531,"29510",42,86,0.488372093023256,1
"0500000US29510","St. Louis city, Missouri",2018,21,4532,"29510",42,86,0.488372093023256,1
"0500000US29510","St. Louis city, Missouri",2018,16,4533,"29510",42,86,0.488372093023256,1
"0500000US29510","St. Louis city, Missouri",2018,38,4539,"29510",42,86,0.488372093023256,1
"0500000US29510","St. Louis city, Missouri",2018,30,4541,"29510",42,86,0.488372093023256,1
"0500000US29510","St. Louis city, Missouri",2018,4,4542,"29510",42,86,0.488372093023256,1
"0500000US29510","St. Louis city, Missouri",2018,20,4543,"29510",42,86,0.488372093023256,1
"0500000US29510","St. Louis city, Missouri",2018,3,4832,"29510",42,86,0.488372093023256,1
"0500000US29510","St. Louis city, Missouri",2018,77,4841,"29510",42,86,0.488372093023256,1
"0500000US29510","St. Louis city, Missouri",2018,29,4842,"29510",42,86,0.488372093023256,1
"0500000US29510","St. Louis city, Missouri",2018,5,4853,"29510",42,86,0.488372093023256,1
"0500000US29510","St. Louis city, Missouri",2018,8,4854,"29510",42,86,0.488372093023256,1
"0500000US29510","St. Louis city, Missouri",2018,3,4859,"29510",42,86,0.488372093023256,1
"0500000US29510","St. Louis city, Missouri",2018,4,4881,"29510",42,86,0.488372093023256,1
"0500000US29510","St. Louis city, Missouri",2018,12,4883,"29510",42,86,0.488372093023256,1
"0500000US29510","St. Louis city, Missouri",2018,9,4884,"29510",42,86,0.488372093023256,1
"0500000US29510","St. Louis city, Missouri",2018,18,4885,"29510",42,86,0.488372093023256,1
"0500000US29510","St. Louis city, Missouri",2018,3,4889,"29510",42,86,0.488372093023256,1
"0500000US29510","St. Louis city, Missouri",2018,4,4921,"29510",42,86,0.488372093023256,1
"0500000US29510","St. Louis city, Missouri",2018,32,4931,"29510",42,86,0.488372093023256,1
"0500000US29510","St. Louis city, Missouri",2018,21,5111,"29510",42,86,0.488372093023256,1
"0500000US29510","St. Louis city, Missouri",2018,17,5112,"29510",42,86,0.488372093023256,1
"0500000US29510","St. Louis city, Missouri",2018,23,5121,"29510",42,86,0.488372093023256,1
"0500000US29510","St. Louis city, Missouri",2018,3,5122,"29510",42,86,0.488372093023256,1
"0500000US29510","St. Louis city, Missouri",2018,19,5151,"29510",42,86,0.488372093023256,1
"0500000US29510","St. Louis city, Missouri",2018,67,5173,"29510",42,86,0.488372093023256,1
"0500000US29510","St. Louis city, Missouri",2018,3,5179,"29510",42,86,0.488372093023256,1
"0500000US29510","St. Louis city, Missouri",2018,32,5182,"29510",42,86,0.488372093023256,1
"0500000US29510","St. Louis city, Missouri",2018,20,5191,"29510",42,86,0.488372093023256,1
"0500000US29510","St. Louis city, Missouri",2018,3,5211,"29510",42,86,0.488372093023256,1
"0500000US29510","St. Louis city, Missouri",2018,104,5221,"29510",42,86,0.488372093023256,1
"0500000US29510","St. Louis city, Missouri",2018,38,5222,"29510",42,86,0.488372093023256,1
"0500000US29510","St. Louis city, Missouri",2018,32,5223,"29510",42,86,0.488372093023256,1
"0500000US29510","St. Louis city, Missouri",2018,25,5231,"29510",42,86,0.488372093023256,1
"0500000US29510","St. Louis city, Missouri",2018,43,5239,"29510",42,86,0.488372093023256,1
"0500000US29510","St. Louis city, Missouri",2018,24,5241,"29510",42,86,0.488372093023256,1
"0500000US29510","St. Louis city, Missouri",2018,110,5242,"29510",42,86,0.488372093023256,1
"0500000US29510","St. Louis city, Missouri",2018,130,5311,"29510",42,86,0.488372093023256,1
"0500000US29510","St. Louis city, Missouri",2018,84,5312,"29510",42,86,0.488372093023256,1
"0500000US29510","St. Louis city, Missouri",2018,112,5313,"29510",42,86,0.488372093023256,1
"0500000US29510","St. Louis city, Missouri",2018,24,5321,"29510",42,86,0.488372093023256,1
"0500000US29510","St. Louis city, Missouri",2018,19,5322,"29510",42,86,0.488372093023256,1
"0500000US29510","St. Louis city, Missouri",2018,4,5323,"29510",42,86,0.488372093023256,1
"0500000US29510","St. Louis city, Missouri",2018,27,5324,"29510",42,86,0.488372093023256,1
"0500000US29510","St. Louis city, Missouri",2018,295,5411,"29510",42,86,0.488372093023256,1
"0500000US29510","St. Louis city, Missouri",2018,99,5412,"29510",42,86,0.488372093023256,1
"0500000US29510","St. Louis city, Missouri",2018,140,5413,"29510",42,86,0.488372093023256,1
"0500000US29510","St. Louis city, Missouri",2018,57,5414,"29510",42,86,0.488372093023256,1
"0500000US29510","St. Louis city, Missouri",2018,143,5415,"29510",42,86,0.488372093023256,1
"0500000US29510","St. Louis city, Missouri",2018,169,5416,"29510",42,86,0.488372093023256,1
"0500000US29510","St. Louis city, Missouri",2018,49,5417,"29510",42,86,0.488372093023256,1
"0500000US29510","St. Louis city, Missouri",2018,73,5418,"29510",42,86,0.488372093023256,1
"0500000US29510","St. Louis city, Missouri",2018,80,5419,"29510",42,86,0.488372093023256,1
"0500000US29510","St. Louis city, Missouri",2018,79,5511,"29510",42,86,0.488372093023256,1
"0500000US29510","St. Louis city, Missouri",2018,23,5611,"29510",42,86,0.488372093023256,1
"0500000US29510","St. Louis city, Missouri",2018,17,5612,"29510",42,86,0.488372093023256,1
"0500000US29510","St. Louis city, Missouri",2018,78,5613,"29510",42,86,0.488372093023256,1
"0500000US29510","St. Louis city, Missouri",2018,44,5614,"29510",42,86,0.488372093023256,1
"0500000US29510","St. Louis city, Missouri",2018,20,5615,"29510",42,86,0.488372093023256,1
"0500000US29510","St. Louis city, Missouri",2018,42,5616,"29510",42,86,0.488372093023256,1
"0500000US29510","St. Louis city, Missouri",2018,101,5617,"29510",42,86,0.488372093023256,1
"0500000US29510","St. Louis city, Missouri",2018,43,5619,"29510",42,86,0.488372093023256,1
"0500000US29510","St. Louis city, Missouri",2018,17,5621,"29510",42,86,0.488372093023256,1
"0500000US29510","St. Louis city, Missouri",2018,4,5622,"29510",42,86,0.488372093023256,1
"0500000US29510","St. Louis city, Missouri",2018,12,5629,"29510",42,86,0.488372093023256,1
"0500000US29510","St. Louis city, Missouri",2018,49,6111,"29510",42,86,0.488372093023256,1
"0500000US29510","St. Louis city, Missouri",2018,3,6112,"29510",42,86,0.488372093023256,1
"0500000US29510","St. Louis city, Missouri",2018,11,6113,"29510",42,86,0.488372093023256,1
"0500000US29510","St. Louis city, Missouri",2018,10,6114,"29510",42,86,0.488372093023256,1
"0500000US29510","St. Louis city, Missouri",2018,14,6115,"29510",42,86,0.488372093023256,1
"0500000US29510","St. Louis city, Missouri",2018,38,6116,"29510",42,86,0.488372093023256,1
"0500000US29510","St. Louis city, Missouri",2018,14,6117,"29510",42,86,0.488372093023256,1
"0500000US29510","St. Louis city, Missouri",2018,163,6211,"29510",42,86,0.488372093023256,1
"0500000US29510","St. Louis city, Missouri",2018,63,6212,"29510",42,86,0.488372093023256,1
"0500000US29510","St. Louis city, Missouri",2018,94,6213,"29510",42,86,0.488372093023256,1
"0500000US29510","St. Louis city, Missouri",2018,65,6214,"29510",42,86,0.488372093023256,1
"0500000US29510","St. Louis city, Missouri",2018,17,6215,"29510",42,86,0.488372093023256,1
"0500000US29510","St. Louis city, Missouri",2018,360,6216,"29510",42,86,0.488372093023256,1
"0500000US29510","St. Louis city, Missouri",2018,26,6219,"29510",42,86,0.488372093023256,1
"0500000US29510","St. Louis city, Missouri",2018,9,6221,"29510",42,86,0.488372093023256,1
"0500000US29510","St. Louis city, Missouri",2018,3,6222,"29510",42,86,0.488372093023256,1
"0500000US29510","St. Louis city, Missouri",2018,22,6231,"29510",42,86,0.488372093023256,1
"0500000US29510","St. Louis city, Missouri",2018,22,6232,"29510",42,86,0.488372093023256,1
"0500000US29510","St. Louis city, Missouri",2018,33,6233,"29510",42,86,0.488372093023256,1
"0500000US29510","St. Louis city, Missouri",2018,6,6239,"29510",42,86,0.488372093023256,1
"0500000US29510","St. Louis city, Missouri",2018,1671,6241,"29510",42,86,0.488372093023256,1
"0500000US29510","St. Louis city, Missouri",2018,40,6242,"29510",42,86,0.488372093023256,1
"0500000US29510","St. Louis city, Missouri",2018,22,6243,"29510",42,86,0.488372093023256,1
"0500000US29510","St. Louis city, Missouri",2018,111,6244,"29510",42,86,0.488372093023256,1
"0500000US29510","St. Louis city, Missouri",2018,32,7111,"29510",42,86,0.488372093023256,1
"0500000US29510","St. Louis city, Missouri",2018,3,7112,"29510",42,86,0.488372093023256,1
"0500000US29510","St. Louis city, Missouri",2018,23,7113,"29510",42,86,0.488372093023256,1
"0500000US29510","St. Louis city, Missouri",2018,3,7114,"29510",42,86,0.488372093023256,1
"0500000US29510","St. Louis city, Missouri",2018,11,7115,"29510",42,86,0.488372093023256,1
"0500000US29510","St. Louis city, Missouri",2018,23,7121,"29510",42,86,0.488372093023256,1
"0500000US29510","St. Louis city, Missouri",2018,63,7139,"29510",42,86,0.488372093023256,1
"0500000US29510","St. Louis city, Missouri",2018,51,7211,"29510",42,86,0.488372093023256,1
"0500000US29510","St. Louis city, Missouri",2018,109,7223,"29510",42,86,0.488372093023256,1
"0500000US29510","St. Louis city, Missouri",2018,101,7224,"29510",42,86,0.488372093023256,1
"0500000US29510","St. Louis city, Missouri",2018,741,7225,"29510",42,86,0.488372093023256,1
"0500000US29510","St. Louis city, Missouri",2018,134,8111,"29510",42,86,0.488372093023256,1
"0500000US29510","St. Louis city, Missouri",2018,10,8112,"29510",42,86,0.488372093023256,1
"0500000US29510","St. Louis city, Missouri",2018,19,8113,"29510",42,86,0.488372093023256,1
"0500000US29510","St. Louis city, Missouri",2018,24,8114,"29510",42,86,0.488372093023256,1
"0500000US29510","St. Louis city, Missouri",2018,86,8121,"29510",42,86,0.488372093023256,1
"0500000US29510","St. Louis city, Missouri",2018,26,8122,"29510",42,86,0.488372093023256,1
"0500000US29510","St. Louis city, Missouri",2018,28,8123,"29510",42,86,0.488372093023256,1
"0500000US29510","St. Louis city, Missouri",2018,113,8129,"29510",42,86,0.488372093023256,1
"0500000US29510","St. Louis city, Missouri",2018,232,8131,"29510",42,86,0.488372093023256,1
"0500000US29510","St. Louis city, Missouri",2018,60,8132,"29510",42,86,0.488372093023256,1
"0500000US29510","St. Louis city, Missouri",2018,44,8133,"29510",42,86,0.488372093023256,1
"0500000US29510","St. Louis city, Missouri",2018,42,8134,"29510",42,86,0.488372093023256,1
"0500000US29510","St. Louis city, Missouri",2018,108,8139,"29510",42,86,0.488372093023256,1
"0500000US29510","St. Louis city, Missouri",2019,12,2211,"29510",42,86,0.488372093023256,1
"0500000US29510","St. Louis city, Missouri",2019,8,2212,"29510",42,86,0.488372093023256,1
"0500000US29510","St. Louis city, Missouri",2019,79,2361,"29510",42,86,0.488372093023256,1
"0500000US29510","St. Louis city, Missouri",2019,45,2362,"29510",42,86,0.488372093023256,1
"0500000US29510","St. Louis city, Missouri",2019,14,2371,"29510",42,86,0.488372093023256,1
"0500000US29510","St. Louis city, Missouri",2019,70,2381,"29510",42,86,0.488372093023256,1
"0500000US29510","St. Louis city, Missouri",2019,109,2382,"29510",42,86,0.488372093023256,1
"0500000US29510","St. Louis city, Missouri",2019,58,2383,"29510",42,86,0.488372093023256,1
"0500000US29510","St. Louis city, Missouri",2019,23,2389,"29510",42,86,0.488372093023256,1
"0500000US29510","St. Louis city, Missouri",2019,3,3112,"29510",42,86,0.488372093023256,1
"0500000US29510","St. Louis city, Missouri",2019,6,3113,"29510",42,86,0.488372093023256,1
"0500000US29510","St. Louis city, Missouri",2019,7,3114,"29510",42,86,0.488372093023256,1
"0500000US29510","St. Louis city, Missouri",2019,12,3116,"29510",42,86,0.488372093023256,1
"0500000US29510","St. Louis city, Missouri",2019,16,3118,"29510",42,86,0.488372093023256,1
"0500000US29510","St. Louis city, Missouri",2019,12,3119,"29510",42,86,0.488372093023256,1
"0500000US29510","St. Louis city, Missouri",2019,18,3121,"29510",42,86,0.488372093023256,1
"0500000US29510","St. Louis city, Missouri",2019,7,3149,"29510",42,86,0.488372093023256,1
"0500000US29510","St. Louis city, Missouri",2019,3,3152,"29510",42,86,0.488372093023256,1
"0500000US29510","St. Louis city, Missouri",2019,8,3219,"29510",42,86,0.488372093023256,1
"0500000US29510","St. Louis city, Missouri",2019,10,3222,"29510",42,86,0.488372093023256,1
"0500000US29510","St. Louis city, Missouri",2019,47,3231,"29510",42,86,0.488372093023256,1
"0500000US29510","St. Louis city, Missouri",2019,4,3241,"29510",42,86,0.488372093023256,1
"0500000US29510","St. Louis city, Missouri",2019,7,3251,"29510",42,86,0.488372093023256,1
"0500000US29510","St. Louis city, Missouri",2019,9,3254,"29510",42,86,0.488372093023256,1
"0500000US29510","St. Louis city, Missouri",2019,11,3255,"29510",42,86,0.488372093023256,1
"0500000US29510","St. Louis city, Missouri",2019,15,3256,"29510",42,86,0.488372093023256,1
"0500000US29510","St. Louis city, Missouri",2019,11,3261,"29510",42,86,0.488372093023256,1
"0500000US29510","St. Louis city, Missouri",2019,5,3262,"29510",42,86,0.488372093023256,1
"0500000US29510","St. Louis city, Missouri",2019,3,3272,"29510",42,86,0.488372093023256,1
"0500000US29510","St. Louis city, Missouri",2019,3,3273,"29510",42,86,0.488372093023256,1
"0500000US29510","St. Louis city, Missouri",2019,5,3279,"29510",42,86,0.488372093023256,1
"0500000US29510","St. Louis city, Missouri",2019,3,3315,"29510",42,86,0.488372093023256,1
"0500000US29510","St. Louis city, Missouri",2019,24,3323,"29510",42,86,0.488372093023256,1
"0500000US29510","St. Louis city, Missouri",2019,3,3324,"29510",42,86,0.488372093023256,1
"0500000US29510","St. Louis city, Missouri",2019,25,3327,"29510",42,86,0.488372093023256,1
"0500000US29510","St. Louis city, Missouri",2019,12,3328,"29510",42,86,0.488372093023256,1
"0500000US29510","St. Louis city, Missouri",2019,7,3329,"29510",42,86,0.488372093023256,1
"0500000US29510","St. Louis city, Missouri",2019,3,3332,"29510",42,86,0.488372093023256,1
"0500000US29510","St. Louis city, Missouri",2019,6,3335,"29510",42,86,0.488372093023256,1
"0500000US29510","St. Louis city, Missouri",2019,7,3339,"29510",42,86,0.488372093023256,1
"0500000US29510","St. Louis city, Missouri",2019,3,3351,"29510",42,86,0.488372093023256,1
"0500000US29510","St. Louis city, Missouri",2019,4,3353,"29510",42,86,0.488372093023256,1
"0500000US29510","St. Louis city, Missouri",2019,4,3359,"29510",42,86,0.488372093023256,1
"0500000US29510","St. Louis city, Missouri",2019,5,3363,"29510",42,86,0.488372093023256,1
"0500000US29510","St. Louis city, Missouri",2019,9,3371,"29510",42,86,0.488372093023256,1
"0500000US29510","St. Louis city, Missouri",2019,9,3372,"29510",42,86,0.488372093023256,1
"0500000US29510","St. Louis city, Missouri",2019,15,3391,"29510",42,86,0.488372093023256,1
"0500000US29510","St. Louis city, Missouri",2019,20,3399,"29510",42,86,0.488372093023256,1
"0500000US29510","St. Louis city, Missouri",2019,25,4231,"29510",42,86,0.488372093023256,1
"0500000US29510","St. Louis city, Missouri",2019,7,4232,"29510",42,86,0.488372093023256,1
"0500000US29510","St. Louis city, Missouri",2019,18,4233,"29510",42,86,0.488372093023256,1
"0500000US29510","St. Louis city, Missouri",2019,39,4234,"29510",42,86,0.488372093023256,1
"0500000US29510","St. Louis city, Missouri",2019,20,4235,"29510",42,86,0.488372093023256,1
"0500000US29510","St. Louis city, Missouri",2019,28,4236,"29510",42,86,0.488372093023256,1
"0500000US29510","St. Louis city, Missouri",2019,28,4237,"29510",42,86,0.488372093023256,1
"0500000US29510","St. Louis city, Missouri",2019,55,4238,"29510",42,86,0.488372093023256,1
"0500000US29510","St. Louis city, Missouri",2019,34,4239,"29510",42,86,0.488372093023256,1
"0500000US29510","St. Louis city, Missouri",2019,13,4241,"29510",42,86,0.488372093023256,1
"0500000US29510","St. Louis city, Missouri",2019,18,4242,"29510",42,86,0.488372093023256,1
"0500000US29510","St. Louis city, Missouri",2019,14,4243,"29510",42,86,0.488372093023256,1
"0500000US29510","St. Louis city, Missouri",2019,57,4244,"29510",42,86,0.488372093023256,1
"0500000US29510","St. Louis city, Missouri",2019,5,4245,"29510",42,86,0.488372093023256,1
"0500000US29510","St. Louis city, Missouri",2019,25,4246,"29510",42,86,0.488372093023256,1
"0500000US29510","St. Louis city, Missouri",2019,9,4247,"29510",42,86,0.488372093023256,1
"0500000US29510","St. Louis city, Missouri",2019,8,4248,"29510",42,86,0.488372093023256,1
"0500000US29510","St. Louis city, Missouri",2019,12,4249,"29510",42,86,0.488372093023256,1
"0500000US29510","St. Louis city, Missouri",2019,22,4251,"29510",42,86,0.488372093023256,1
"0500000US29510","St. Louis city, Missouri",2019,43,4411,"29510",42,86,0.488372093023256,1
"0500000US29510","St. Louis city, Missouri",2019,4,4412,"29510",42,86,0.488372093023256,1
"0500000US29510","St. Louis city, Missouri",2019,50,4413,"29510",42,86,0.488372093023256,1
"0500000US29510","St. Louis city, Missouri",2019,11,4421,"29510",42,86,0.488372093023256,1
"0500000US29510","St. Louis city, Missouri",2019,11,4422,"29510",42,86,0.488372093023256,1
"0500000US29510","St. Louis city, Missouri",2019,15,4431,"29510",42,86,0.488372093023256,1
"0500000US29510","St. Louis city, Missouri",2019,47,4441,"29510",42,86,0.488372093023256,1
"0500000US29510","St. Louis city, Missouri",2019,7,4442,"29510",42,86,0.488372093023256,1
"0500000US29510","St. Louis city, Missouri",2019,124,4451,"29510",42,86,0.488372093023256,1
"0500000US29510","St. Louis city, Missouri",2019,18,4452,"29510",42,86,0.488372093023256,1
"0500000US29510","St. Louis city, Missouri",2019,16,4453,"29510",42,86,0.488372093023256,1
"0500000US29510","St. Louis city, Missouri",2019,87,4461,"29510",42,86,0.488372093023256,1
"0500000US29510","St. Louis city, Missouri",2019,98,4471,"29510",42,86,0.488372093023256,1
"0500000US29510","St. Louis city, Missouri",2019,81,4481,"29510",42,86,0.488372093023256,1
"0500000US29510","St. Louis city, Missouri",2019,17,4482,"29510",42,86,0.488372093023256,1
"0500000US29510","St. Louis city, Missouri",2019,9,4483,"29510",42,86,0.488372093023256,1
"0500000US29510","St. Louis city, Missouri",2019,15,4511,"29510",42,86,0.488372093023256,1
"0500000US29510","St. Louis city, Missouri",2019,10,4512,"29510",42,86,0.488372093023256,1
"0500000US29510","St. Louis city, Missouri",2019,39,4523,"29510",42,86,0.488372093023256,1
"0500000US29510","St. Louis city, Missouri",2019,12,4531,"29510",42,86,0.488372093023256,1
"0500000US29510","St. Louis city, Missouri",2019,20,4532,"29510",42,86,0.488372093023256,1
"0500000US29510","St. Louis city, Missouri",2019,18,4533,"29510",42,86,0.488372093023256,1
"0500000US29510","St. Louis city, Missouri",2019,40,4539,"29510",42,86,0.488372093023256,1
"0500000US29510","St. Louis city, Missouri",2019,28,4541,"29510",42,86,0.488372093023256,1
"0500000US29510","St. Louis city, Missouri",2019,3,4542,"29510",42,86,0.488372093023256,1
"0500000US29510","St. Louis city, Missouri",2019,19,4543,"29510",42,86,0.488372093023256,1
"0500000US29510","St. Louis city, Missouri",2019,3,4832,"29510",42,86,0.488372093023256,1
"0500000US29510","St. Louis city, Missouri",2019,81,4841,"29510",42,86,0.488372093023256,1
"0500000US29510","St. Louis city, Missouri",2019,27,4842,"29510",42,86,0.488372093023256,1
"0500000US29510","St. Louis city, Missouri",2019,6,4853,"29510",42,86,0.488372093023256,1
"0500000US29510","St. Louis city, Missouri",2019,8,4854,"29510",42,86,0.488372093023256,1
"0500000US29510","St. Louis city, Missouri",2019,5,4859,"29510",42,86,0.488372093023256,1
"0500000US29510","St. Louis city, Missouri",2019,5,4881,"29510",42,86,0.488372093023256,1
"0500000US29510","St. Louis city, Missouri",2019,12,4883,"29510",42,86,0.488372093023256,1
"0500000US29510","St. Louis city, Missouri",2019,9,4884,"29510",42,86,0.488372093023256,1
"0500000US29510","St. Louis city, Missouri",2019,16,4885,"29510",42,86,0.488372093023256,1
"0500000US29510","St. Louis city, Missouri",2019,3,4889,"29510",42,86,0.488372093023256,1
"0500000US29510","St. Louis city, Missouri",2019,3,4921,"29510",42,86,0.488372093023256,1
"0500000US29510","St. Louis city, Missouri",2019,33,4931,"29510",42,86,0.488372093023256,1
"0500000US29510","St. Louis city, Missouri",2019,21,5111,"29510",42,86,0.488372093023256,1
"0500000US29510","St. Louis city, Missouri",2019,16,5112,"29510",42,86,0.488372093023256,1
"0500000US29510","St. Louis city, Missouri",2019,22,5121,"29510",42,86,0.488372093023256,1
"0500000US29510","St. Louis city, Missouri",2019,3,5122,"29510",42,86,0.488372093023256,1
"0500000US29510","St. Louis city, Missouri",2019,16,5151,"29510",42,86,0.488372093023256,1
"0500000US29510","St. Louis city, Missouri",2019,69,5173,"29510",42,86,0.488372093023256,1
"0500000US29510","St. Louis city, Missouri",2019,4,5179,"29510",42,86,0.488372093023256,1
"0500000US29510","St. Louis city, Missouri",2019,29,5182,"29510",42,86,0.488372093023256,1
"0500000US29510","St. Louis city, Missouri",2019,19,5191,"29510",42,86,0.488372093023256,1
"0500000US29510","St. Louis city, Missouri",2019,3,5211,"29510",42,86,0.488372093023256,1
"0500000US29510","St. Louis city, Missouri",2019,100,5221,"29510",42,86,0.488372093023256,1
"0500000US29510","St. Louis city, Missouri",2019,37,5222,"29510",42,86,0.488372093023256,1
"0500000US29510","St. Louis city, Missouri",2019,31,5223,"29510",42,86,0.488372093023256,1
"0500000US29510","St. Louis city, Missouri",2019,28,5231,"29510",42,86,0.488372093023256,1
"0500000US29510","St. Louis city, Missouri",2019,45,5239,"29510",42,86,0.488372093023256,1
"0500000US29510","St. Louis city, Missouri",2019,26,5241,"29510",42,86,0.488372093023256,1
"0500000US29510","St. Louis city, Missouri",2019,115,5242,"29510",42,86,0.488372093023256,1
"0500000US29510","St. Louis city, Missouri",2019,128,5311,"29510",42,86,0.488372093023256,1
"0500000US29510","St. Louis city, Missouri",2019,88,5312,"29510",42,86,0.488372093023256,1
"0500000US29510","St. Louis city, Missouri",2019,110,5313,"29510",42,86,0.488372093023256,1
"0500000US29510","St. Louis city, Missouri",2019,24,5321,"29510",42,86,0.488372093023256,1
"0500000US29510","St. Louis city, Missouri",2019,17,5322,"29510",42,86,0.488372093023256,1
"0500000US29510","St. Louis city, Missouri",2019,5,5323,"29510",42,86,0.488372093023256,1
"0500000US29510","St. Louis city, Missouri",2019,28,5324,"29510",42,86,0.488372093023256,1
"0500000US29510","St. Louis city, Missouri",2019,3,5331,"29510",42,86,0.488372093023256,1
"0500000US29510","St. Louis city, Missouri",2019,287,5411,"29510",42,86,0.488372093023256,1
"0500000US29510","St. Louis city, Missouri",2019,100,5412,"29510",42,86,0.488372093023256,1
"0500000US29510","St. Louis city, Missouri",2019,135,5413,"29510",42,86,0.488372093023256,1
"0500000US29510","St. Louis city, Missouri",2019,54,5414,"29510",42,86,0.488372093023256,1
"0500000US29510","St. Louis city, Missouri",2019,153,5415,"29510",42,86,0.488372093023256,1
"0500000US29510","St. Louis city, Missouri",2019,165,5416,"29510",42,86,0.488372093023256,1
"0500000US29510","St. Louis city, Missouri",2019,46,5417,"29510",42,86,0.488372093023256,1
"0500000US29510","St. Louis city, Missouri",2019,69,5418,"29510",42,86,0.488372093023256,1
"0500000US29510","St. Louis city, Missouri",2019,74,5419,"29510",42,86,0.488372093023256,1
"0500000US29510","St. Louis city, Missouri",2019,75,5511,"29510",42,86,0.488372093023256,1
"0500000US29510","St. Louis city, Missouri",2019,27,5611,"29510",42,86,0.488372093023256,1
"0500000US29510","St. Louis city, Missouri",2019,22,5612,"29510",42,86,0.488372093023256,1
"0500000US29510","St. Louis city, Missouri",2019,71,5613,"29510",42,86,0.488372093023256,1
"0500000US29510","St. Louis city, Missouri",2019,44,5614,"29510",42,86,0.488372093023256,1
"0500000US29510","St. Louis city, Missouri",2019,20,5615,"29510",42,86,0.488372093023256,1
"0500000US29510","St. Louis city, Missouri",2019,43,5616,"29510",42,86,0.488372093023256,1
"0500000US29510","St. Louis city, Missouri",2019,111,5617,"29510",42,86,0.488372093023256,1
"0500000US29510","St. Louis city, Missouri",2019,38,5619,"29510",42,86,0.488372093023256,1
"0500000US29510","St. Louis city, Missouri",2019,17,5621,"29510",42,86,0.488372093023256,1
"0500000US29510","St. Louis city, Missouri",2019,3,5622,"29510",42,86,0.488372093023256,1
"0500000US29510","St. Louis city, Missouri",2019,12,5629,"29510",42,86,0.488372093023256,1
"0500000US29510","St. Louis city, Missouri",2019,51,6111,"29510",42,86,0.488372093023256,1
"0500000US29510","St. Louis city, Missouri",2019,10,6113,"29510",42,86,0.488372093023256,1
"0500000US29510","St. Louis city, Missouri",2019,8,6114,"29510",42,86,0.488372093023256,1
"0500000US29510","St. Louis city, Missouri",2019,12,6115,"29510",42,86,0.488372093023256,1
"0500000US29510","St. Louis city, Missouri",2019,33,6116,"29510",42,86,0.488372093023256,1
"0500000US29510","St. Louis city, Missouri",2019,14,6117,"29510",42,86,0.488372093023256,1
"0500000US29510","St. Louis city, Missouri",2019,172,6211,"29510",42,86,0.488372093023256,1
"0500000US29510","St. Louis city, Missouri",2019,60,6212,"29510",42,86,0.488372093023256,1
"0500000US29510","St. Louis city, Missouri",2019,98,6213,"29510",42,86,0.488372093023256,1
"0500000US29510","St. Louis city, Missouri",2019,68,6214,"29510",42,86,0.488372093023256,1
"0500000US29510","St. Louis city, Missouri",2019,16,6215,"29510",42,86,0.488372093023256,1
"0500000US29510","St. Louis city, Missouri",2019,338,6216,"29510",42,86,0.488372093023256,1
"0500000US29510","St. Louis city, Missouri",2019,23,6219,"29510",42,86,0.488372093023256,1
"0500000US29510","St. Louis city, Missouri",2019,10,6221,"29510",42,86,0.488372093023256,1
"0500000US29510","St. Louis city, Missouri",2019,3,6222,"29510",42,86,0.488372093023256,1
"0500000US29510","St. Louis city, Missouri",2019,25,6231,"29510",42,86,0.488372093023256,1
"0500000US29510","St. Louis city, Missouri",2019,18,6232,"29510",42,86,0.488372093023256,1
"0500000US29510","St. Louis city, Missouri",2019,30,6233,"29510",42,86,0.488372093023256,1
"0500000US29510","St. Louis city, Missouri",2019,5,6239,"29510",42,86,0.488372093023256,1
"0500000US29510","St. Louis city, Missouri",2019,1592,6241,"29510",42,86,0.488372093023256,1
"0500000US29510","St. Louis city, Missouri",2019,43,6242,"29510",42,86,0.488372093023256,1
"0500000US29510","St. Louis city, Missouri",2019,26,6243,"29510",42,86,0.488372093023256,1
"0500000US29510","St. Louis city, Missouri",2019,105,6244,"29510",42,86,0.488372093023256,1
"0500000US29510","St. Louis city, Missouri",2019,32,7111,"29510",42,86,0.488372093023256,1
"0500000US29510","St. Louis city, Missouri",2019,23,7113,"29510",42,86,0.488372093023256,1
"0500000US29510","St. Louis city, Missouri",2019,11,7115,"29510",42,86,0.488372093023256,1
"0500000US29510","St. Louis city, Missouri",2019,23,7121,"29510",42,86,0.488372093023256,1
"0500000US29510","St. Louis city, Missouri",2019,68,7139,"29510",42,86,0.488372093023256,1
"0500000US29510","St. Louis city, Missouri",2019,49,7211,"29510",42,86,0.488372093023256,1
"0500000US29510","St. Louis city, Missouri",2019,116,7223,"29510",42,86,0.488372093023256,1
"0500000US29510","St. Louis city, Missouri",2019,102,7224,"29510",42,86,0.488372093023256,1
"0500000US29510","St. Louis city, Missouri",2019,740,7225,"29510",42,86,0.488372093023256,1
"0500000US29510","St. Louis city, Missouri",2019,135,8111,"29510",42,86,0.488372093023256,1
"0500000US29510","St. Louis city, Missouri",2019,10,8112,"29510",42,86,0.488372093023256,1
"0500000US29510","St. Louis city, Missouri",2019,21,8113,"29510",42,86,0.488372093023256,1
"0500000US29510","St. Louis city, Missouri",2019,25,8114,"29510",42,86,0.488372093023256,1
"0500000US29510","St. Louis city, Missouri",2019,88,8121,"29510",42,86,0.488372093023256,1
"0500000US29510","St. Louis city, Missouri",2019,26,8122,"29510",42,86,0.488372093023256,1
"0500000US29510","St. Louis city, Missouri",2019,27,8123,"29510",42,86,0.488372093023256,1
"0500000US29510","St. Louis city, Missouri",2019,122,8129,"29510",42,86,0.488372093023256,1
"0500000US29510","St. Louis city, Missouri",2019,228,8131,"29510",42,86,0.488372093023256,1
"0500000US29510","St. Louis city, Missouri",2019,54,8132,"29510",42,86,0.488372093023256,1
"0500000US29510","St. Louis city, Missouri",2019,53,8133,"29510",42,86,0.488372093023256,1
"0500000US29510","St. Louis city, Missouri",2019,43,8134,"29510",42,86,0.488372093023256,1
"0500000US29510","St. Louis city, Missouri",2019,107,8139,"29510",42,86,0.488372093023256,1
"0500000US29510","St. Louis city, Missouri",2020,12,2211,"29510",42,86,0.488372093023256,1
"0500000US29510","St. Louis city, Missouri",2020,7,2212,"29510",42,86,0.488372093023256,1
"0500000US29510","St. Louis city, Missouri",2020,82,2361,"29510",42,86,0.488372093023256,1
"0500000US29510","St. Louis city, Missouri",2020,46,2362,"29510",42,86,0.488372093023256,1
"0500000US29510","St. Louis city, Missouri",2020,13,2371,"29510",42,86,0.488372093023256,1
"0500000US29510","St. Louis city, Missouri",2020,63,2381,"29510",42,86,0.488372093023256,1
"0500000US29510","St. Louis city, Missouri",2020,104,2382,"29510",42,86,0.488372093023256,1
"0500000US29510","St. Louis city, Missouri",2020,59,2383,"29510",42,86,0.488372093023256,1
"0500000US29510","St. Louis city, Missouri",2020,26,2389,"29510",42,86,0.488372093023256,1
"0500000US29510","St. Louis city, Missouri",2020,4,3112,"29510",42,86,0.488372093023256,1
"0500000US29510","St. Louis city, Missouri",2020,6,3113,"29510",42,86,0.488372093023256,1
"0500000US29510","St. Louis city, Missouri",2020,7,3114,"29510",42,86,0.488372093023256,1
"0500000US29510","St. Louis city, Missouri",2020,10,3116,"29510",42,86,0.488372093023256,1
"0500000US29510","St. Louis city, Missouri",2020,17,3118,"29510",42,86,0.488372093023256,1
"0500000US29510","St. Louis city, Missouri",2020,13,3119,"29510",42,86,0.488372093023256,1
"0500000US29510","St. Louis city, Missouri",2020,19,3121,"29510",42,86,0.488372093023256,1
"0500000US29510","St. Louis city, Missouri",2020,7,3149,"29510",42,86,0.488372093023256,1
"0500000US29510","St. Louis city, Missouri",2020,4,3152,"29510",42,86,0.488372093023256,1
"0500000US29510","St. Louis city, Missouri",2020,5,3219,"29510",42,86,0.488372093023256,1
"0500000US29510","St. Louis city, Missouri",2020,8,3222,"29510",42,86,0.488372093023256,1
"0500000US29510","St. Louis city, Missouri",2020,47,3231,"29510",42,86,0.488372093023256,1
"0500000US29510","St. Louis city, Missouri",2020,4,3241,"29510",42,86,0.488372093023256,1
"0500000US29510","St. Louis city, Missouri",2020,8,3251,"29510",42,86,0.488372093023256,1
"0500000US29510","St. Louis city, Missouri",2020,9,3254,"29510",42,86,0.488372093023256,1
"0500000US29510","St. Louis city, Missouri",2020,11,3255,"29510",42,86,0.488372093023256,1
"0500000US29510","St. Louis city, Missouri",2020,14,3256,"29510",42,86,0.488372093023256,1
"0500000US29510","St. Louis city, Missouri",2020,11,3261,"29510",42,86,0.488372093023256,1
"0500000US29510","St. Louis city, Missouri",2020,4,3262,"29510",42,86,0.488372093023256,1
"0500000US29510","St. Louis city, Missouri",2020,3,3272,"29510",42,86,0.488372093023256,1
"0500000US29510","St. Louis city, Missouri",2020,3,3273,"29510",42,86,0.488372093023256,1
"0500000US29510","St. Louis city, Missouri",2020,4,3279,"29510",42,86,0.488372093023256,1
"0500000US29510","St. Louis city, Missouri",2020,3,3315,"29510",42,86,0.488372093023256,1
"0500000US29510","St. Louis city, Missouri",2020,23,3323,"29510",42,86,0.488372093023256,1
"0500000US29510","St. Louis city, Missouri",2020,3,3324,"29510",42,86,0.488372093023256,1
"0500000US29510","St. Louis city, Missouri",2020,22,3327,"29510",42,86,0.488372093023256,1
"0500000US29510","St. Louis city, Missouri",2020,11,3328,"29510",42,86,0.488372093023256,1
"0500000US29510","St. Louis city, Missouri",2020,8,3329,"29510",42,86,0.488372093023256,1
"0500000US29510","St. Louis city, Missouri",2020,3,3332,"29510",42,86,0.488372093023256,1
"0500000US29510","St. Louis city, Missouri",2020,6,3335,"29510",42,86,0.488372093023256,1
"0500000US29510","St. Louis city, Missouri",2020,7,3339,"29510",42,86,0.488372093023256,1
"0500000US29510","St. Louis city, Missouri",2020,4,3353,"29510",42,86,0.488372093023256,1
"0500000US29510","St. Louis city, Missouri",2020,4,3359,"29510",42,86,0.488372093023256,1
"0500000US29510","St. Louis city, Missouri",2020,4,3363,"29510",42,86,0.488372093023256,1
"0500000US29510","St. Louis city, Missouri",2020,11,3371,"29510",42,86,0.488372093023256,1
"0500000US29510","St. Louis city, Missouri",2020,10,3372,"29510",42,86,0.488372093023256,1
"0500000US29510","St. Louis city, Missouri",2020,14,3391,"29510",42,86,0.488372093023256,1
"0500000US29510","St. Louis city, Missouri",2020,18,3399,"29510",42,86,0.488372093023256,1
"0500000US29510","St. Louis city, Missouri",2020,25,4231,"29510",42,86,0.488372093023256,1
"0500000US29510","St. Louis city, Missouri",2020,6,4232,"29510",42,86,0.488372093023256,1
"0500000US29510","St. Louis city, Missouri",2020,18,4233,"29510",42,86,0.488372093023256,1
"0500000US29510","St. Louis city, Missouri",2020,40,4234,"29510",42,86,0.488372093023256,1
"0500000US29510","St. Louis city, Missouri",2020,18,4235,"29510",42,86,0.488372093023256,1
"0500000US29510","St. Louis city, Missouri",2020,27,4236,"29510",42,86,0.488372093023256,1
"0500000US29510","St. Louis city, Missouri",2020,29,4237,"29510",42,86,0.488372093023256,1
"0500000US29510","St. Louis city, Missouri",2020,54,4238,"29510",42,86,0.488372093023256,1
"0500000US29510","St. Louis city, Missouri",2020,31,4239,"29510",42,86,0.488372093023256,1
"0500000US29510","St. Louis city, Missouri",2020,12,4241,"29510",42,86,0.488372093023256,1
"0500000US29510","St. Louis city, Missouri",2020,17,4242,"29510",42,86,0.488372093023256,1
"0500000US29510","St. Louis city, Missouri",2020,14,4243,"29510",42,86,0.488372093023256,1
"0500000US29510","St. Louis city, Missouri",2020,58,4244,"29510",42,86,0.488372093023256,1
"0500000US29510","St. Louis city, Missouri",2020,5,4245,"29510",42,86,0.488372093023256,1
"0500000US29510","St. Louis city, Missouri",2020,24,4246,"29510",42,86,0.488372093023256,1
"0500000US29510","St. Louis city, Missouri",2020,9,4247,"29510",42,86,0.488372093023256,1
"0500000US29510","St. Louis city, Missouri",2020,7,4248,"29510",42,86,0.488372093023256,1
"0500000US29510","St. Louis city, Missouri",2020,12,4249,"29510",42,86,0.488372093023256,1
"0500000US29510","St. Louis city, Missouri",2020,24,4251,"29510",42,86,0.488372093023256,1
"0500000US29510","St. Louis city, Missouri",2020,45,4411,"29510",42,86,0.488372093023256,1
"0500000US29510","St. Louis city, Missouri",2020,4,4412,"29510",42,86,0.488372093023256,1
"0500000US29510","St. Louis city, Missouri",2020,48,4413,"29510",42,86,0.488372093023256,1
"0500000US29510","St. Louis city, Missouri",2020,11,4421,"29510",42,86,0.488372093023256,1
"0500000US29510","St. Louis city, Missouri",2020,9,4422,"29510",42,86,0.488372093023256,1
"0500000US29510","St. Louis city, Missouri",2020,15,4431,"29510",42,86,0.488372093023256,1
"0500000US29510","St. Louis city, Missouri",2020,40,4441,"29510",42,86,0.488372093023256,1
"0500000US29510","St. Louis city, Missouri",2020,7,4442,"29510",42,86,0.488372093023256,1
"0500000US29510","St. Louis city, Missouri",2020,125,4451,"29510",42,86,0.488372093023256,1
"0500000US29510","St. Louis city, Missouri",2020,16,4452,"29510",42,86,0.488372093023256,1
"0500000US29510","St. Louis city, Missouri",2020,15,4453,"29510",42,86,0.488372093023256,1
"0500000US29510","St. Louis city, Missouri",2020,92,4461,"29510",42,86,0.488372093023256,1
"0500000US29510","St. Louis city, Missouri",2020,99,4471,"29510",42,86,0.488372093023256,1
"0500000US29510","St. Louis city, Missouri",2020,74,4481,"29510",42,86,0.488372093023256,1
"0500000US29510","St. Louis city, Missouri",2020,17,4482,"29510",42,86,0.488372093023256,1
"0500000US29510","St. Louis city, Missouri",2020,8,4483,"29510",42,86,0.488372093023256,1
"0500000US29510","St. Louis city, Missouri",2020,14,4511,"29510",42,86,0.488372093023256,1
"0500000US29510","St. Louis city, Missouri",2020,10,4512,"29510",42,86,0.488372093023256,1
"0500000US29510","St. Louis city, Missouri",2020,36,4523,"29510",42,86,0.488372093023256,1
"0500000US29510","St. Louis city, Missouri",2020,13,4531,"29510",42,86,0.488372093023256,1
"0500000US29510","St. Louis city, Missouri",2020,18,4532,"29510",42,86,0.488372093023256,1
"0500000US29510","St. Louis city, Missouri",2020,17,4533,"29510",42,86,0.488372093023256,1
"0500000US29510","St. Louis city, Missouri",2020,39,4539,"29510",42,86,0.488372093023256,1
"0500000US29510","St. Louis city, Missouri",2020,32,4541,"29510",42,86,0.488372093023256,1
"0500000US29510","St. Louis city, Missouri",2020,5,4542,"29510",42,86,0.488372093023256,1
"0500000US29510","St. Louis city, Missouri",2020,20,4543,"29510",42,86,0.488372093023256,1
"0500000US29510","St. Louis city, Missouri",2020,3,4832,"29510",42,86,0.488372093023256,1
"0500000US29510","St. Louis city, Missouri",2020,84,4841,"29510",42,86,0.488372093023256,1
"0500000US29510","St. Louis city, Missouri",2020,30,4842,"29510",42,86,0.488372093023256,1
"0500000US29510","St. Louis city, Missouri",2020,4,4853,"29510",42,86,0.488372093023256,1
"0500000US29510","St. Louis city, Missouri",2020,7,4854,"29510",42,86,0.488372093023256,1
"0500000US29510","St. Louis city, Missouri",2020,3,4859,"29510",42,86,0.488372093023256,1
"0500000US29510","St. Louis city, Missouri",2020,3,4881,"29510",42,86,0.488372093023256,1
"0500000US29510","St. Louis city, Missouri",2020,12,4883,"29510",42,86,0.488372093023256,1
"0500000US29510","St. Louis city, Missouri",2020,8,4884,"29510",42,86,0.488372093023256,1
"0500000US29510","St. Louis city, Missouri",2020,17,4885,"29510",42,86,0.488372093023256,1
"0500000US29510","St. Louis city, Missouri",2020,3,4889,"29510",42,86,0.488372093023256,1
"0500000US29510","St. Louis city, Missouri",2020,4,4921,"29510",42,86,0.488372093023256,1
"0500000US29510","St. Louis city, Missouri",2020,34,4931,"29510",42,86,0.488372093023256,1
"0500000US29510","St. Louis city, Missouri",2020,19,5111,"29510",42,86,0.488372093023256,1
"0500000US29510","St. Louis city, Missouri",2020,17,5112,"29510",42,86,0.488372093023256,1
"0500000US29510","St. Louis city, Missouri",2020,24,5121,"29510",42,86,0.488372093023256,1
"0500000US29510","St. Louis city, Missouri",2020,4,5122,"29510",42,86,0.488372093023256,1
"0500000US29510","St. Louis city, Missouri",2020,16,5151,"29510",42,86,0.488372093023256,1
"0500000US29510","St. Louis city, Missouri",2020,65,5173,"29510",42,86,0.488372093023256,1
"0500000US29510","St. Louis city, Missouri",2020,4,5179,"29510",42,86,0.488372093023256,1
"0500000US29510","St. Louis city, Missouri",2020,29,5182,"29510",42,86,0.488372093023256,1
"0500000US29510","St. Louis city, Missouri",2020,18,5191,"29510",42,86,0.488372093023256,1
"0500000US29510","St. Louis city, Missouri",2020,3,5211,"29510",42,86,0.488372093023256,1
"0500000US29510","St. Louis city, Missouri",2020,99,5221,"29510",42,86,0.488372093023256,1
"0500000US29510","St. Louis city, Missouri",2020,34,5222,"29510",42,86,0.488372093023256,1
"0500000US29510","St. Louis city, Missouri",2020,32,5223,"29510",42,86,0.488372093023256,1
"0500000US29510","St. Louis city, Missouri",2020,25,5231,"29510",42,86,0.488372093023256,1
"0500000US29510","St. Louis city, Missouri",2020,45,5239,"29510",42,86,0.488372093023256,1
"0500000US29510","St. Louis city, Missouri",2020,18,5241,"29510",42,86,0.488372093023256,1
"0500000US29510","St. Louis city, Missouri",2020,115,5242,"29510",42,86,0.488372093023256,1
"0500000US29510","St. Louis city, Missouri",2020,122,5311,"29510",42,86,0.488372093023256,1
"0500000US29510","St. Louis city, Missouri",2020,93,5312,"29510",42,86,0.488372093023256,1
"0500000US29510","St. Louis city, Missouri",2020,112,5313,"29510",42,86,0.488372093023256,1
"0500000US29510","St. Louis city, Missouri",2020,24,5321,"29510",42,86,0.488372093023256,1
"0500000US29510","St. Louis city, Missouri",2020,15,5322,"29510",42,86,0.488372093023256,1
"0500000US29510","St. Louis city, Missouri",2020,5,5323,"29510",42,86,0.488372093023256,1
"0500000US29510","St. Louis city, Missouri",2020,27,5324,"29510",42,86,0.488372093023256,1
"0500000US29510","St. Louis city, Missouri",2020,282,5411,"29510",42,86,0.488372093023256,1
"0500000US29510","St. Louis city, Missouri",2020,90,5412,"29510",42,86,0.488372093023256,1
"0500000US29510","St. Louis city, Missouri",2020,137,5413,"29510",42,86,0.488372093023256,1
"0500000US29510","St. Louis city, Missouri",2020,55,5414,"29510",42,86,0.488372093023256,1
"0500000US29510","St. Louis city, Missouri",2020,156,5415,"29510",42,86,0.488372093023256,1
"0500000US29510","St. Louis city, Missouri",2020,178,5416,"29510",42,86,0.488372093023256,1
"0500000US29510","St. Louis city, Missouri",2020,44,5417,"29510",42,86,0.488372093023256,1
"0500000US29510","St. Louis city, Missouri",2020,66,5418,"29510",42,86,0.488372093023256,1
"0500000US29510","St. Louis city, Missouri",2020,69,5419,"29510",42,86,0.488372093023256,1
"0500000US29510","St. Louis city, Missouri",2020,74,5511,"29510",42,86,0.488372093023256,1
"0500000US29510","St. Louis city, Missouri",2020,25,5611,"29510",42,86,0.488372093023256,1
"0500000US29510","St. Louis city, Missouri",2020,22,5612,"29510",42,86,0.488372093023256,1
"0500000US29510","St. Louis city, Missouri",2020,71,5613,"29510",42,86,0.488372093023256,1
"0500000US29510","St. Louis city, Missouri",2020,45,5614,"29510",42,86,0.488372093023256,1
"0500000US29510","St. Louis city, Missouri",2020,19,5615,"29510",42,86,0.488372093023256,1
"0500000US29510","St. Louis city, Missouri",2020,41,5616,"29510",42,86,0.488372093023256,1
"0500000US29510","St. Louis city, Missouri",2020,113,5617,"29510",42,86,0.488372093023256,1
"0500000US29510","St. Louis city, Missouri",2020,31,5619,"29510",42,86,0.488372093023256,1
"0500000US29510","St. Louis city, Missouri",2020,17,5621,"29510",42,86,0.488372093023256,1
"0500000US29510","St. Louis city, Missouri",2020,4,5622,"29510",42,86,0.488372093023256,1
"0500000US29510","St. Louis city, Missouri",2020,11,5629,"29510",42,86,0.488372093023256,1
"0500000US29510","St. Louis city, Missouri",2020,47,6111,"29510",42,86,0.488372093023256,1
"0500000US29510","St. Louis city, Missouri",2020,9,6113,"29510",42,86,0.488372093023256,1
"0500000US29510","St. Louis city, Missouri",2020,7,6114,"29510",42,86,0.488372093023256,1
"0500000US29510","St. Louis city, Missouri",2020,9,6115,"29510",42,86,0.488372093023256,1
"0500000US29510","St. Louis city, Missouri",2020,36,6116,"29510",42,86,0.488372093023256,1
"0500000US29510","St. Louis city, Missouri",2020,14,6117,"29510",42,86,0.488372093023256,1
"0500000US29510","St. Louis city, Missouri",2020,176,6211,"29510",42,86,0.488372093023256,1
"0500000US29510","St. Louis city, Missouri",2020,57,6212,"29510",42,86,0.488372093023256,1
"0500000US29510","St. Louis city, Missouri",2020,98,6213,"29510",42,86,0.488372093023256,1
"0500000US29510","St. Louis city, Missouri",2020,66,6214,"29510",42,86,0.488372093023256,1
"0500000US29510","St. Louis city, Missouri",2020,20,6215,"29510",42,86,0.488372093023256,1
"0500000US29510","St. Louis city, Missouri",2020,278,6216,"29510",42,86,0.488372093023256,1
"0500000US29510","St. Louis city, Missouri",2020,24,6219,"29510",42,86,0.488372093023256,1
"0500000US29510","St. Louis city, Missouri",2020,10,6221,"29510",42,86,0.488372093023256,1
"0500000US29510","St. Louis city, Missouri",2020,3,6222,"29510",42,86,0.488372093023256,1
"0500000US29510","St. Louis city, Missouri",2020,21,6231,"29510",42,86,0.488372093023256,1
"0500000US29510","St. Louis city, Missouri",2020,17,6232,"29510",42,86,0.488372093023256,1
"0500000US29510","St. Louis city, Missouri",2020,25,6233,"29510",42,86,0.488372093023256,1
"0500000US29510","St. Louis city, Missouri",2020,4,6239,"29510",42,86,0.488372093023256,1
"0500000US29510","St. Louis city, Missouri",2020,1338,6241,"29510",42,86,0.488372093023256,1
"0500000US29510","St. Louis city, Missouri",2020,48,6242,"29510",42,86,0.488372093023256,1
"0500000US29510","St. Louis city, Missouri",2020,22,6243,"29510",42,86,0.488372093023256,1
"0500000US29510","St. Louis city, Missouri",2020,109,6244,"29510",42,86,0.488372093023256,1
"0500000US29510","St. Louis city, Missouri",2020,31,7111,"29510",42,86,0.488372093023256,1
"0500000US29510","St. Louis city, Missouri",2020,25,7113,"29510",42,86,0.488372093023256,1
"0500000US29510","St. Louis city, Missouri",2020,10,7115,"29510",42,86,0.488372093023256,1
"0500000US29510","St. Louis city, Missouri",2020,22,7121,"29510",42,86,0.488372093023256,1
"0500000US29510","St. Louis city, Missouri",2020,72,7139,"29510",42,86,0.488372093023256,1
"0500000US29510","St. Louis city, Missouri",2020,58,7211,"29510",42,86,0.488372093023256,1
"0500000US29510","St. Louis city, Missouri",2020,103,7223,"29510",42,86,0.488372093023256,1
"0500000US29510","St. Louis city, Missouri",2020,95,7224,"29510",42,86,0.488372093023256,1
"0500000US29510","St. Louis city, Missouri",2020,737,7225,"29510",42,86,0.488372093023256,1
"0500000US29510","St. Louis city, Missouri",2020,128,8111,"29510",42,86,0.488372093023256,1
"0500000US29510","St. Louis city, Missouri",2020,13,8112,"29510",42,86,0.488372093023256,1
"0500000US29510","St. Louis city, Missouri",2020,21,8113,"29510",42,86,0.488372093023256,1
"0500000US29510","St. Louis city, Missouri",2020,22,8114,"29510",42,86,0.488372093023256,1
"0500000US29510","St. Louis city, Missouri",2020,98,8121,"29510",42,86,0.488372093023256,1
"0500000US29510","St. Louis city, Missouri",2020,24,8122,"29510",42,86,0.488372093023256,1
"0500000US29510","St. Louis city, Missouri",2020,28,8123,"29510",42,86,0.488372093023256,1
"0500000US29510","St. Louis city, Missouri",2020,112,8129,"29510",42,86,0.488372093023256,1
"0500000US29510","St. Louis city, Missouri",2020,228,8131,"29510",42,86,0.488372093023256,1
"0500000US29510","St. Louis city, Missouri",2020,57,8132,"29510",42,86,0.488372093023256,1
"0500000US29510","St. Louis city, Missouri",2020,48,8133,"29510",42,86,0.488372093023256,1
"0500000US29510","St. Louis city, Missouri",2020,35,8134,"29510",42,86,0.488372093023256,1
"0500000US29510","St. Louis city, Missouri",2020,107,8139,"29510",42,86,0.488372093023256,1
"0500000US29510","St. Louis city, Missouri",2021,17,2211,"29510",42,86,0.488372093023256,1
"0500000US29510","St. Louis city, Missouri",2021,7,2212,"29510",42,86,0.488372093023256,1
"0500000US29510","St. Louis city, Missouri",2021,87,2361,"29510",42,86,0.488372093023256,1
"0500000US29510","St. Louis city, Missouri",2021,43,2362,"29510",42,86,0.488372093023256,1
"0500000US29510","St. Louis city, Missouri",2021,13,2371,"29510",42,86,0.488372093023256,1
"0500000US29510","St. Louis city, Missouri",2021,62,2381,"29510",42,86,0.488372093023256,1
"0500000US29510","St. Louis city, Missouri",2021,106,2382,"29510",42,86,0.488372093023256,1
"0500000US29510","St. Louis city, Missouri",2021,61,2383,"29510",42,86,0.488372093023256,1
"0500000US29510","St. Louis city, Missouri",2021,28,2389,"29510",42,86,0.488372093023256,1
"0500000US29510","St. Louis city, Missouri",2021,4,3112,"29510",42,86,0.488372093023256,1
"0500000US29510","St. Louis city, Missouri",2021,5,3113,"29510",42,86,0.488372093023256,1
"0500000US29510","St. Louis city, Missouri",2021,7,3114,"29510",42,86,0.488372093023256,1
"0500000US29510","St. Louis city, Missouri",2021,9,3116,"29510",42,86,0.488372093023256,1
"0500000US29510","St. Louis city, Missouri",2021,18,3118,"29510",42,86,0.488372093023256,1
"0500000US29510","St. Louis city, Missouri",2021,13,3119,"29510",42,86,0.488372093023256,1
"0500000US29510","St. Louis city, Missouri",2021,21,3121,"29510",42,86,0.488372093023256,1
"0500000US29510","St. Louis city, Missouri",2021,7,3149,"29510",42,86,0.488372093023256,1
"0500000US29510","St. Louis city, Missouri",2021,6,3219,"29510",42,86,0.488372093023256,1
"0500000US29510","St. Louis city, Missouri",2021,8,3222,"29510",42,86,0.488372093023256,1
"0500000US29510","St. Louis city, Missouri",2021,37,3231,"29510",42,86,0.488372093023256,1
"0500000US29510","St. Louis city, Missouri",2021,4,3241,"29510",42,86,0.488372093023256,1
"0500000US29510","St. Louis city, Missouri",2021,8,3251,"29510",42,86,0.488372093023256,1
"0500000US29510","St. Louis city, Missouri",2021,10,3254,"29510",42,86,0.488372093023256,1
"0500000US29510","St. Louis city, Missouri",2021,9,3255,"29510",42,86,0.488372093023256,1
"0500000US29510","St. Louis city, Missouri",2021,13,3256,"29510",42,86,0.488372093023256,1
"0500000US29510","St. Louis city, Missouri",2021,3,3259,"29510",42,86,0.488372093023256,1
"0500000US29510","St. Louis city, Missouri",2021,9,3261,"29510",42,86,0.488372093023256,1
"0500000US29510","St. Louis city, Missouri",2021,4,3262,"29510",42,86,0.488372093023256,1
"0500000US29510","St. Louis city, Missouri",2021,3,3271,"29510",42,86,0.488372093023256,1
"0500000US29510","St. Louis city, Missouri",2021,3,3273,"29510",42,86,0.488372093023256,1
"0500000US29510","St. Louis city, Missouri",2021,4,3279,"29510",42,86,0.488372093023256,1
"0500000US29510","St. Louis city, Missouri",2021,3,3315,"29510",42,86,0.488372093023256,1
"0500000US29510","St. Louis city, Missouri",2021,4,3321,"29510",42,86,0.488372093023256,1
"0500000US29510","St. Louis city, Missouri",2021,23,3323,"29510",42,86,0.488372093023256,1
"0500000US29510","St. Louis city, Missouri",2021,3,3324,"29510",42,86,0.488372093023256,1
"0500000US29510","St. Louis city, Missouri",2021,21,3327,"29510",42,86,0.488372093023256,1
"0500000US29510","St. Louis city, Missouri",2021,12,3328,"29510",42,86,0.488372093023256,1
"0500000US29510","St. Louis city, Missouri",2021,8,3329,"29510",42,86,0.488372093023256,1
"0500000US29510","St. Louis city, Missouri",2021,3,3332,"29510",42,86,0.488372093023256,1
"0500000US29510","St. Louis city, Missouri",2021,5,3335,"29510",42,86,0.488372093023256,1
"0500000US29510","St. Louis city, Missouri",2021,7,3339,"29510",42,86,0.488372093023256,1
"0500000US29510","St. Louis city, Missouri",2021,4,3345,"29510",42,86,0.488372093023256,1
"0500000US29510","St. Louis city, Missouri",2021,3,3353,"29510",42,86,0.488372093023256,1
"0500000US29510","St. Louis city, Missouri",2021,3,3359,"29510",42,86,0.488372093023256,1
"0500000US29510","St. Louis city, Missouri",2021,3,3363,"29510",42,86,0.488372093023256,1
"0500000US29510","St. Louis city, Missouri",2021,10,3371,"29510",42,86,0.488372093023256,1
"0500000US29510","St. Louis city, Missouri",2021,11,3372,"29510",42,86,0.488372093023256,1
"0500000US29510","St. Louis city, Missouri",2021,15,3391,"29510",42,86,0.488372093023256,1
"0500000US29510","St. Louis city, Missouri",2021,19,3399,"29510",42,86,0.488372093023256,1
"0500000US29510","St. Louis city, Missouri",2021,24,4231,"29510",42,86,0.488372093023256,1
"0500000US29510","St. Louis city, Missouri",2021,7,4232,"29510",42,86,0.488372093023256,1
"0500000US29510","St. Louis city, Missouri",2021,18,4233,"29510",42,86,0.488372093023256,1
"0500000US29510","St. Louis city, Missouri",2021,39,4234,"29510",42,86,0.488372093023256,1
"0500000US29510","St. Louis city, Missouri",2021,18,4235,"29510",42,86,0.488372093023256,1
"0500000US29510","St. Louis city, Missouri",2021,30,4236,"29510",42,86,0.488372093023256,1
"0500000US29510","St. Louis city, Missouri",2021,27,4237,"29510",42,86,0.488372093023256,1
"0500000US29510","St. Louis city, Missouri",2021,50,4238,"29510",42,86,0.488372093023256,1
"0500000US29510","St. Louis city, Missouri",2021,31,4239,"29510",42,86,0.488372093023256,1
"0500000US29510","St. Louis city, Missouri",2021,12,4241,"29510",42,86,0.488372093023256,1
"0500000US29510","St. Louis city, Missouri",2021,18,4242,"29510",42,86,0.488372093023256,1
"0500000US29510","St. Louis city, Missouri",2021,13,4243,"29510",42,86,0.488372093023256,1
"0500000US29510","St. Louis city, Missouri",2021,56,4244,"29510",42,86,0.488372093023256,1
"0500000US29510","St. Louis city, Missouri",2021,6,4245,"29510",42,86,0.488372093023256,1
"0500000US29510","St. Louis city, Missouri",2021,22,4246,"29510",42,86,0.488372093023256,1
"0500000US29510","St. Louis city, Missouri",2021,8,4247,"29510",42,86,0.488372093023256,1
"0500000US29510","St. Louis city, Missouri",2021,8,4248,"29510",42,86,0.488372093023256,1
"0500000US29510","St. Louis city, Missouri",2021,13,4249,"29510",42,86,0.488372093023256,1
"0500000US29510","St. Louis city, Missouri",2021,25,4251,"29510",42,86,0.488372093023256,1
"0500000US29510","St. Louis city, Missouri",2021,45,4411,"29510",42,86,0.488372093023256,1
"0500000US29510","St. Louis city, Missouri",2021,47,4413,"29510",42,86,0.488372093023256,1
"0500000US29510","St. Louis city, Missouri",2021,11,4421,"29510",42,86,0.488372093023256,1
"0500000US29510","St. Louis city, Missouri",2021,9,4422,"29510",42,86,0.488372093023256,1
"0500000US29510","St. Louis city, Missouri",2021,16,4431,"29510",42,86,0.488372093023256,1
"0500000US29510","St. Louis city, Missouri",2021,43,4441,"29510",42,86,0.488372093023256,1
"0500000US29510","St. Louis city, Missouri",2021,7,4442,"29510",42,86,0.488372093023256,1
"0500000US29510","St. Louis city, Missouri",2021,131,4451,"29510",42,86,0.488372093023256,1
"0500000US29510","St. Louis city, Missouri",2021,15,4452,"29510",42,86,0.488372093023256,1
"0500000US29510","St. Louis city, Missouri",2021,15,4453,"29510",42,86,0.488372093023256,1
"0500000US29510","St. Louis city, Missouri",2021,96,4461,"29510",42,86,0.488372093023256,1
"0500000US29510","St. Louis city, Missouri",2021,99,4471,"29510",42,86,0.488372093023256,1
"0500000US29510","St. Louis city, Missouri",2021,66,4481,"29510",42,86,0.488372093023256,1
"0500000US29510","St. Louis city, Missouri",2021,14,4482,"29510",42,86,0.488372093023256,1
"0500000US29510","St. Louis city, Missouri",2021,7,4483,"29510",42,86,0.488372093023256,1
"0500000US29510","St. Louis city, Missouri",2021,15,4511,"29510",42,86,0.488372093023256,1
"0500000US29510","St. Louis city, Missouri",2021,8,4512,"29510",42,86,0.488372093023256,1
"0500000US29510","St. Louis city, Missouri",2021,33,4523,"29510",42,86,0.488372093023256,1
"0500000US29510","St. Louis city, Missouri",2021,13,4531,"29510",42,86,0.488372093023256,1
"0500000US29510","St. Louis city, Missouri",2021,20,4532,"29510",42,86,0.488372093023256,1
"0500000US29510","St. Louis city, Missouri",2021,15,4533,"29510",42,86,0.488372093023256,1
"0500000US29510","St. Louis city, Missouri",2021,45,4539,"29510",42,86,0.488372093023256,1
"0500000US29510","St. Louis city, Missouri",2021,36,4541,"29510",42,86,0.488372093023256,1
"0500000US29510","St. Louis city, Missouri",2021,5,4542,"29510",42,86,0.488372093023256,1
"0500000US29510","St. Louis city, Missouri",2021,22,4543,"29510",42,86,0.488372093023256,1
"0500000US29510","St. Louis city, Missouri",2021,3,4832,"29510",42,86,0.488372093023256,1
"0500000US29510","St. Louis city, Missouri",2021,111,4841,"29510",42,86,0.488372093023256,1
"0500000US29510","St. Louis city, Missouri",2021,36,4842,"29510",42,86,0.488372093023256,1
"0500000US29510","St. Louis city, Missouri",2021,4,4853,"29510",42,86,0.488372093023256,1
"0500000US29510","St. Louis city, Missouri",2021,7,4854,"29510",42,86,0.488372093023256,1
"0500000US29510","St. Louis city, Missouri",2021,6,4859,"29510",42,86,0.488372093023256,1
"0500000US29510","St. Louis city, Missouri",2021,4,4881,"29510",42,86,0.488372093023256,1
"0500000US29510","St. Louis city, Missouri",2021,11,4883,"29510",42,86,0.488372093023256,1
"0500000US29510","St. Louis city, Missouri",2021,13,4884,"29510",42,86,0.488372093023256,1
"0500000US29510","St. Louis city, Missouri",2021,19,4885,"29510",42,86,0.488372093023256,1
"0500000US29510","St. Louis city, Missouri",2021,5,4921,"29510",42,86,0.488372093023256,1
"0500000US29510","St. Louis city, Missouri",2021,35,4931,"29510",42,86,0.488372093023256,1
"0500000US29510","St. Louis city, Missouri",2021,18,5111,"29510",42,86,0.488372093023256,1
"0500000US29510","St. Louis city, Missouri",2021,15,5112,"29510",42,86,0.488372093023256,1
"0500000US29510","St. Louis city, Missouri",2021,26,5121,"29510",42,86,0.488372093023256,1
"0500000US29510","St. Louis city, Missouri",2021,4,5122,"29510",42,86,0.488372093023256,1
"0500000US29510","St. Louis city, Missouri",2021,17,5151,"29510",42,86,0.488372093023256,1
"0500000US29510","St. Louis city, Missouri",2021,63,5173,"29510",42,86,0.488372093023256,1
"0500000US29510","St. Louis city, Missouri",2021,6,5179,"29510",42,86,0.488372093023256,1
"0500000US29510","St. Louis city, Missouri",2021,34,5182,"29510",42,86,0.488372093023256,1
"0500000US29510","St. Louis city, Missouri",2021,16,5191,"29510",42,86,0.488372093023256,1
"0500000US29510","St. Louis city, Missouri",2021,3,5211,"29510",42,86,0.488372093023256,1
"0500000US29510","St. Louis city, Missouri",2021,101,5221,"29510",42,86,0.488372093023256,1
"0500000US29510","St. Louis city, Missouri",2021,33,5222,"29510",42,86,0.488372093023256,1
"0500000US29510","St. Louis city, Missouri",2021,31,5223,"29510",42,86,0.488372093023256,1
"0500000US29510","St. Louis city, Missouri",2021,30,5231,"29510",42,86,0.488372093023256,1
"0500000US29510","St. Louis city, Missouri",2021,52,5239,"29510",42,86,0.488372093023256,1
"0500000US29510","St. Louis city, Missouri",2021,17,5241,"29510",42,86,0.488372093023256,1
"0500000US29510","St. Louis city, Missouri",2021,116,5242,"29510",42,86,0.488372093023256,1
"0500000US29510","St. Louis city, Missouri",2021,127,5311,"29510",42,86,0.488372093023256,1
"0500000US29510","St. Louis city, Missouri",2021,99,5312,"29510",42,86,0.488372093023256,1
"0500000US29510","St. Louis city, Missouri",2021,111,5313,"29510",42,86,0.488372093023256,1
"0500000US29510","St. Louis city, Missouri",2021,24,5321,"29510",42,86,0.488372093023256,1
"0500000US29510","St. Louis city, Missouri",2021,15,5322,"29510",42,86,0.488372093023256,1
"0500000US29510","St. Louis city, Missouri",2021,6,5323,"29510",42,86,0.488372093023256,1
"0500000US29510","St. Louis city, Missouri",2021,26,5324,"29510",42,86,0.488372093023256,1
"0500000US29510","St. Louis city, Missouri",2021,269,5411,"29510",42,86,0.488372093023256,1
"0500000US29510","St. Louis city, Missouri",2021,95,5412,"29510",42,86,0.488372093023256,1
"0500000US29510","St. Louis city, Missouri",2021,140,5413,"29510",42,86,0.488372093023256,1
"0500000US29510","St. Louis city, Missouri",2021,50,5414,"29510",42,86,0.488372093023256,1
"0500000US29510","St. Louis city, Missouri",2021,143,5415,"29510",42,86,0.488372093023256,1
"0500000US29510","St. Louis city, Missouri",2021,177,5416,"29510",42,86,0.488372093023256,1
"0500000US29510","St. Louis city, Missouri",2021,48,5417,"29510",42,86,0.488372093023256,1
"0500000US29510","St. Louis city, Missouri",2021,70,5418,"29510",42,86,0.488372093023256,1
"0500000US29510","St. Louis city, Missouri",2021,66,5419,"29510",42,86,0.488372093023256,1
"0500000US29510","St. Louis city, Missouri",2021,79,5511,"29510",42,86,0.488372093023256,1
"0500000US29510","St. Louis city, Missouri",2021,26,5611,"29510",42,86,0.488372093023256,1
"0500000US29510","St. Louis city, Missouri",2021,16,5612,"29510",42,86,0.488372093023256,1
"0500000US29510","St. Louis city, Missouri",2021,71,5613,"29510",42,86,0.488372093023256,1
"0500000US29510","St. Louis city, Missouri",2021,42,5614,"29510",42,86,0.488372093023256,1
"0500000US29510","St. Louis city, Missouri",2021,16,5615,"29510",42,86,0.488372093023256,1
"0500000US29510","St. Louis city, Missouri",2021,42,5616,"29510",42,86,0.488372093023256,1
"0500000US29510","St. Louis city, Missouri",2021,129,5617,"29510",42,86,0.488372093023256,1
"0500000US29510","St. Louis city, Missouri",2021,30,5619,"29510",42,86,0.488372093023256,1
"0500000US29510","St. Louis city, Missouri",2021,17,5621,"29510",42,86,0.488372093023256,1
"0500000US29510","St. Louis city, Missouri",2021,6,5622,"29510",42,86,0.488372093023256,1
"0500000US29510","St. Louis city, Missouri",2021,12,5629,"29510",42,86,0.488372093023256,1
"0500000US29510","St. Louis city, Missouri",2021,47,6111,"29510",42,86,0.488372093023256,1
"0500000US29510","St. Louis city, Missouri",2021,9,6113,"29510",42,86,0.488372093023256,1
"0500000US29510","St. Louis city, Missouri",2021,9,6114,"29510",42,86,0.488372093023256,1
"0500000US29510","St. Louis city, Missouri",2021,8,6115,"29510",42,86,0.488372093023256,1
"0500000US29510","St. Louis city, Missouri",2021,38,6116,"29510",42,86,0.488372093023256,1
"0500000US29510","St. Louis city, Missouri",2021,14,6117,"29510",42,86,0.488372093023256,1
"0500000US29510","St. Louis city, Missouri",2021,161,6211,"29510",42,86,0.488372093023256,1
"0500000US29510","St. Louis city, Missouri",2021,63,6212,"29510",42,86,0.488372093023256,1
"0500000US29510","St. Louis city, Missouri",2021,98,6213,"29510",42,86,0.488372093023256,1
"0500000US29510","St. Louis city, Missouri",2021,66,6214,"29510",42,86,0.488372093023256,1
"0500000US29510","St. Louis city, Missouri",2021,14,6215,"29510",42,86,0.488372093023256,1
"0500000US29510","St. Louis city, Missouri",2021,267,6216,"29510",42,86,0.488372093023256,1
"0500000US29510","St. Louis city, Missouri",2021,25,6219,"29510",42,86,0.488372093023256,1
"0500000US29510","St. Louis city, Missouri",2021,10,6221,"29510",42,86,0.488372093023256,1
"0500000US29510","St. Louis city, Missouri",2021,3,6222,"29510",42,86,0.488372093023256,1
"0500000US29510","St. Louis city, Missouri",2021,22,6231,"29510",42,86,0.488372093023256,1
"0500000US29510","St. Louis city, Missouri",2021,16,6232,"29510",42,86,0.488372093023256,1
"0500000US29510","St. Louis city, Missouri",2021,26,6233,"29510",42,86,0.488372093023256,1
"0500000US29510","St. Louis city, Missouri",2021,5,6239,"29510",42,86,0.488372093023256,1
"0500000US29510","St. Louis city, Missouri",2021,1261,6241,"29510",42,86,0.488372093023256,1
"0500000US29510","St. Louis city, Missouri",2021,46,6242,"29510",42,86,0.488372093023256,1
"0500000US29510","St. Louis city, Missouri",2021,22,6243,"29510",42,86,0.488372093023256,1
"0500000US29510","St. Louis city, Missouri",2021,106,6244,"29510",42,86,0.488372093023256,1
"0500000US29510","St. Louis city, Missouri",2021,34,7111,"29510",42,86,0.488372093023256,1
"0500000US29510","St. Louis city, Missouri",2021,26,7113,"29510",42,86,0.488372093023256,1
"0500000US29510","St. Louis city, Missouri",2021,12,7115,"29510",42,86,0.488372093023256,1
"0500000US29510","St. Louis city, Missouri",2021,22,7121,"29510",42,86,0.488372093023256,1
"0500000US29510","St. Louis city, Missouri",2021,73,7139,"29510",42,86,0.488372093023256,1
"0500000US29510","St. Louis city, Missouri",2021,61,7211,"29510",42,86,0.488372093023256,1
"0500000US29510","St. Louis city, Missouri",2021,137,7223,"29510",42,86,0.488372093023256,1
"0500000US29510","St. Louis city, Missouri",2021,95,7224,"29510",42,86,0.488372093023256,1
"0500000US29510","St. Louis city, Missouri",2021,717,7225,"29510",42,86,0.488372093023256,1
"0500000US29510","St. Louis city, Missouri",2021,130,8111,"29510",42,86,0.488372093023256,1
"0500000US29510","St. Louis city, Missouri",2021,14,8112,"29510",42,86,0.488372093023256,1
"0500000US29510","St. Louis city, Missouri",2021,21,8113,"29510",42,86,0.488372093023256,1
"0500000US29510","St. Louis city, Missouri",2021,21,8114,"29510",42,86,0.488372093023256,1
"0500000US29510","St. Louis city, Missouri",2021,100,8121,"29510",42,86,0.488372093023256,1
"0500000US29510","St. Louis city, Missouri",2021,23,8122,"29510",42,86,0.488372093023256,1
"0500000US29510","St. Louis city, Missouri",2021,28,8123,"29510",42,86,0.488372093023256,1
"0500000US29510","St. Louis city, Missouri",2021,104,8129,"29510",42,86,0.488372093023256,1
"0500000US29510","St. Louis city, Missouri",2021,232,8131,"29510",42,86,0.488372093023256,1
"0500000US29510","St. Louis city, Missouri",2021,55,8132,"29510",42,86,0.488372093023256,1
"0500000US29510","St. Louis city, Missouri",2021,46,8133,"29510",42,86,0.488372093023256,1
"0500000US29510","St. Louis city, Missouri",2021,41,8134,"29510",42,86,0.488372093023256,1
"0500000US29510","St. Louis city, Missouri",2021,100,8139,"29510",42,86,0.488372093023256,1
"0500000US29510","St. Louis city, Missouri",2022,16,2211,"29510",42,86,0.488372093023256,1
"0500000US29510","St. Louis city, Missouri",2022,6,2212,"29510",42,86,0.488372093023256,1
"0500000US29510","St. Louis city, Missouri",2022,95,2361,"29510",42,86,0.488372093023256,1
"0500000US29510","St. Louis city, Missouri",2022,36,2362,"29510",42,86,0.488372093023256,1
"0500000US29510","St. Louis city, Missouri",2022,12,2371,"29510",42,86,0.488372093023256,1
"0500000US29510","St. Louis city, Missouri",2022,62,2381,"29510",42,86,0.488372093023256,1
"0500000US29510","St. Louis city, Missouri",2022,101,2382,"29510",42,86,0.488372093023256,1
"0500000US29510","St. Louis city, Missouri",2022,56,2383,"29510",42,86,0.488372093023256,1
"0500000US29510","St. Louis city, Missouri",2022,23,2389,"29510",42,86,0.488372093023256,1
"0500000US29510","St. Louis city, Missouri",2022,4,3112,"29510",42,86,0.488372093023256,1
"0500000US29510","St. Louis city, Missouri",2022,4,3113,"29510",42,86,0.488372093023256,1
"0500000US29510","St. Louis city, Missouri",2022,8,3114,"29510",42,86,0.488372093023256,1
"0500000US29510","St. Louis city, Missouri",2022,9,3116,"29510",42,86,0.488372093023256,1
"0500000US29510","St. Louis city, Missouri",2022,18,3118,"29510",42,86,0.488372093023256,1
"0500000US29510","St. Louis city, Missouri",2022,14,3119,"29510",42,86,0.488372093023256,1
"0500000US29510","St. Louis city, Missouri",2022,18,3121,"29510",42,86,0.488372093023256,1
"0500000US29510","St. Louis city, Missouri",2022,8,3149,"29510",42,86,0.488372093023256,1
"0500000US29510","St. Louis city, Missouri",2022,5,3219,"29510",42,86,0.488372093023256,1
"0500000US29510","St. Louis city, Missouri",2022,6,3222,"29510",42,86,0.488372093023256,1
"0500000US29510","St. Louis city, Missouri",2022,33,3231,"29510",42,86,0.488372093023256,1
"0500000US29510","St. Louis city, Missouri",2022,5,3241,"29510",42,86,0.488372093023256,1
"0500000US29510","St. Louis city, Missouri",2022,7,3251,"29510",42,86,0.488372093023256,1
"0500000US29510","St. Louis city, Missouri",2022,10,3254,"29510",42,86,0.488372093023256,1
"0500000US29510","St. Louis city, Missouri",2022,9,3255,"29510",42,86,0.488372093023256,1
"0500000US29510","St. Louis city, Missouri",2022,13,3256,"29510",42,86,0.488372093023256,1
"0500000US29510","St. Louis city, Missouri",2022,9,3261,"29510",42,86,0.488372093023256,1
"0500000US29510","St. Louis city, Missouri",2022,4,3262,"29510",42,86,0.488372093023256,1
"0500000US29510","St. Louis city, Missouri",2022,4,3271,"29510",42,86,0.488372093023256,1
"0500000US29510","St. Louis city, Missouri",2022,3,3273,"29510",42,86,0.488372093023256,1
"0500000US29510","St. Louis city, Missouri",2022,3,3279,"29510",42,86,0.488372093023256,1
"0500000US29510","St. Louis city, Missouri",2022,4,3321,"29510",42,86,0.488372093023256,1
"0500000US29510","St. Louis city, Missouri",2022,22,3323,"29510",42,86,0.488372093023256,1
"0500000US29510","St. Louis city, Missouri",2022,3,3324,"29510",42,86,0.488372093023256,1
"0500000US29510","St. Louis city, Missouri",2022,21,3327,"29510",42,86,0.488372093023256,1
"0500000US29510","St. Louis city, Missouri",2022,10,3328,"29510",42,86,0.488372093023256,1
"0500000US29510","St. Louis city, Missouri",2022,6,3329,"29510",42,86,0.488372093023256,1
"0500000US29510","St. Louis city, Missouri",2022,3,3332,"29510",42,86,0.488372093023256,1
"0500000US29510","St. Louis city, Missouri",2022,5,3335,"29510",42,86,0.488372093023256,1
"0500000US29510","St. Louis city, Missouri",2022,5,3339,"29510",42,86,0.488372093023256,1
"0500000US29510","St. Louis city, Missouri",2022,5,3345,"29510",42,86,0.488372093023256,1
"0500000US29510","St. Louis city, Missouri",2022,3,3353,"29510",42,86,0.488372093023256,1
"0500000US29510","St. Louis city, Missouri",2022,4,3359,"29510",42,86,0.488372093023256,1
"0500000US29510","St. Louis city, Missouri",2022,3,3363,"29510",42,86,0.488372093023256,1
"0500000US29510","St. Louis city, Missouri",2022,7,3371,"29510",42,86,0.488372093023256,1
"0500000US29510","St. Louis city, Missouri",2022,11,3372,"29510",42,86,0.488372093023256,1
"0500000US29510","St. Louis city, Missouri",2022,12,3391,"29510",42,86,0.488372093023256,1
"0500000US29510","St. Louis city, Missouri",2022,18,3399,"29510",42,86,0.488372093023256,1
"0500000US29510","St. Louis city, Missouri",2022,27,4231,"29510",42,86,0.488372093023256,1
"0500000US29510","St. Louis city, Missouri",2022,5,4232,"29510",42,86,0.488372093023256,1
"0500000US29510","St. Louis city, Missouri",2022,14,4233,"29510",42,86,0.488372093023256,1
"0500000US29510","St. Louis city, Missouri",2022,31,4234,"29510",42,86,0.488372093023256,1
"0500000US29510","St. Louis city, Missouri",2022,17,4235,"29510",42,86,0.488372093023256,1
"0500000US29510","St. Louis city, Missouri",2022,28,4236,"29510",42,86,0.488372093023256,1
"0500000US29510","St. Louis city, Missouri",2022,26,4237,"29510",42,86,0.488372093023256,1
"0500000US29510","St. Louis city, Missouri",2022,46,4238,"29510",42,86,0.488372093023256,1
"0500000US29510","St. Louis city, Missouri",2022,35,4239,"29510",42,86,0.488372093023256,1
"0500000US29510","St. Louis city, Missouri",2022,10,4241,"29510",42,86,0.488372093023256,1
"0500000US29510","St. Louis city, Missouri",2022,4,4242,"29510",42,86,0.488372093023256,1
"0500000US29510","St. Louis city, Missouri",2022,11,4243,"29510",42,86,0.488372093023256,1
"0500000US29510","St. Louis city, Missouri",2022,49,4244,"29510",42,86,0.488372093023256,1
"0500000US29510","St. Louis city, Missouri",2022,5,4245,"29510",42,86,0.488372093023256,1
"0500000US29510","St. Louis city, Missouri",2022,24,4246,"29510",42,86,0.488372093023256,1
"0500000US29510","St. Louis city, Missouri",2022,8,4247,"29510",42,86,0.488372093023256,1
"0500000US29510","St. Louis city, Missouri",2022,7,4248,"29510",42,86,0.488372093023256,1
"0500000US29510","St. Louis city, Missouri",2022,12,4249,"29510",42,86,0.488372093023256,1
"0500000US29510","St. Louis city, Missouri",2022,17,4251,"29510",42,86,0.488372093023256,1
"0500000US29510","St. Louis city, Missouri",2022,39,4411,"29510",42,86,0.488372093023256,1
"0500000US29510","St. Louis city, Missouri",2022,4,4412,"29510",42,86,0.488372093023256,1
"0500000US29510","St. Louis city, Missouri",2022,50,4413,"29510",42,86,0.488372093023256,1
"0500000US29510","St. Louis city, Missouri",2022,10,4421,"29510",42,86,0.488372093023256,1
"0500000US29510","St. Louis city, Missouri",2022,8,4422,"29510",42,86,0.488372093023256,1
"0500000US29510","St. Louis city, Missouri",2022,18,4431,"29510",42,86,0.488372093023256,1
"0500000US29510","St. Louis city, Missouri",2022,40,4441,"29510",42,86,0.488372093023256,1
"0500000US29510","St. Louis city, Missouri",2022,7,4442,"29510",42,86,0.488372093023256,1
"0500000US29510","St. Louis city, Missouri",2022,122,4451,"29510",42,86,0.488372093023256,1
"0500000US29510","St. Louis city, Missouri",2022,19,4452,"29510",42,86,0.488372093023256,1
"0500000US29510","St. Louis city, Missouri",2022,22,4453,"29510",42,86,0.488372093023256,1
"0500000US29510","St. Louis city, Missouri",2022,82,4461,"29510",42,86,0.488372093023256,1
"0500000US29510","St. Louis city, Missouri",2022,92,4471,"29510",42,86,0.488372093023256,1
"0500000US29510","St. Louis city, Missouri",2022,61,4481,"29510",42,86,0.488372093023256,1
"0500000US29510","St. Louis city, Missouri",2022,14,4482,"29510",42,86,0.488372093023256,1
"0500000US29510","St. Louis city, Missouri",2022,6,4483,"29510",42,86,0.488372093023256,1
"0500000US29510","St. Louis city, Missouri",2022,15,4511,"29510",42,86,0.488372093023256,1
"0500000US29510","St. Louis city, Missouri",2022,8,4512,"29510",42,86,0.488372093023256,1
"0500000US29510","St. Louis city, Missouri",2022,37,4523,"29510",42,86,0.488372093023256,1
"0500000US29510","St. Louis city, Missouri",2022,16,4531,"29510",42,86,0.488372093023256,1
"0500000US29510","St. Louis city, Missouri",2022,24,4532,"29510",42,86,0.488372093023256,1
"0500000US29510","St. Louis city, Missouri",2022,14,4533,"29510",42,86,0.488372093023256,1
"0500000US29510","St. Louis city, Missouri",2022,41,4539,"29510",42,86,0.488372093023256,1
"0500000US29510","St. Louis city, Missouri",2022,35,4541,"29510",42,86,0.488372093023256,1
"0500000US29510","St. Louis city, Missouri",2022,6,4542,"29510",42,86,0.488372093023256,1
"0500000US29510","St. Louis city, Missouri",2022,19,4543,"29510",42,86,0.488372093023256,1
"0500000US29510","St. Louis city, Missouri",2022,4,4832,"29510",42,86,0.488372093023256,1
"0500000US29510","St. Louis city, Missouri",2022,115,4841,"29510",42,86,0.488372093023256,1
"0500000US29510","St. Louis city, Missouri",2022,28,4842,"29510",42,86,0.488372093023256,1
"0500000US29510","St. Louis city, Missouri",2022,3,4853,"29510",42,86,0.488372093023256,1
"0500000US29510","St. Louis city, Missouri",2022,7,4854,"29510",42,86,0.488372093023256,1
"0500000US29510","St. Louis city, Missouri",2022,7,4859,"29510",42,86,0.488372093023256,1
"0500000US29510","St. Louis city, Missouri",2022,5,4881,"29510",42,86,0.488372093023256,1
"0500000US29510","St. Louis city, Missouri",2022,10,4883,"29510",42,86,0.488372093023256,1
"0500000US29510","St. Louis city, Missouri",2022,12,4884,"29510",42,86,0.488372093023256,1
"0500000US29510","St. Louis city, Missouri",2022,14,4885,"29510",42,86,0.488372093023256,1
"0500000US29510","St. Louis city, Missouri",2022,4,4921,"29510",42,86,0.488372093023256,1
"0500000US29510","St. Louis city, Missouri",2022,37,4931,"29510",42,86,0.488372093023256,1
"0500000US29510","St. Louis city, Missouri",2022,19,5111,"29510",42,86,0.488372093023256,1
"0500000US29510","St. Louis city, Missouri",2022,20,5112,"29510",42,86,0.488372093023256,1
"0500000US29510","St. Louis city, Missouri",2022,25,5121,"29510",42,86,0.488372093023256,1
"0500000US29510","St. Louis city, Missouri",2022,4,5122,"29510",42,86,0.488372093023256,1
"0500000US29510","St. Louis city, Missouri",2022,17,5151,"29510",42,86,0.488372093023256,1
"0500000US29510","St. Louis city, Missouri",2022,51,5173,"29510",42,86,0.488372093023256,1
"0500000US29510","St. Louis city, Missouri",2022,3,5179,"29510",42,86,0.488372093023256,1
"0500000US29510","St. Louis city, Missouri",2022,25,5182,"29510",42,86,0.488372093023256,1
"0500000US29510","St. Louis city, Missouri",2022,12,5191,"29510",42,86,0.488372093023256,1
"0500000US29510","St. Louis city, Missouri",2022,104,5221,"29510",42,86,0.488372093023256,1
"0500000US29510","St. Louis city, Missouri",2022,41,5222,"29510",42,86,0.488372093023256,1
"0500000US29510","St. Louis city, Missouri",2022,30,5223,"29510",42,86,0.488372093023256,1
"0500000US29510","St. Louis city, Missouri",2022,41,5231,"29510",42,86,0.488372093023256,1
"0500000US29510","St. Louis city, Missouri",2022,50,5239,"29510",42,86,0.488372093023256,1
"0500000US29510","St. Louis city, Missouri",2022,21,5241,"29510",42,86,0.488372093023256,1
"0500000US29510","St. Louis city, Missouri",2022,106,5242,"29510",42,86,0.488372093023256,1
"0500000US29510","St. Louis city, Missouri",2022,136,5311,"29510",42,86,0.488372093023256,1
"0500000US29510","St. Louis city, Missouri",2022,95,5312,"29510",42,86,0.488372093023256,1
"0500000US29510","St. Louis city, Missouri",2022,108,5313,"29510",42,86,0.488372093023256,1
"0500000US29510","St. Louis city, Missouri",2022,21,5321,"29510",42,86,0.488372093023256,1
"0500000US29510","St. Louis city, Missouri",2022,12,5322,"29510",42,86,0.488372093023256,1
"0500000US29510","St. Louis city, Missouri",2022,5,5323,"29510",42,86,0.488372093023256,1
"0500000US29510","St. Louis city, Missouri",2022,26,5324,"29510",42,86,0.488372093023256,1
"0500000US29510","St. Louis city, Missouri",2022,3,5331,"29510",42,86,0.488372093023256,1
"0500000US29510","St. Louis city, Missouri",2022,258,5411,"29510",42,86,0.488372093023256,1
"0500000US29510","St. Louis city, Missouri",2022,65,5412,"29510",42,86,0.488372093023256,1
"0500000US29510","St. Louis city, Missouri",2022,137,5413,"29510",42,86,0.488372093023256,1
"0500000US29510","St. Louis city, Missouri",2022,44,5414,"29510",42,86,0.488372093023256,1
"0500000US29510","St. Louis city, Missouri",2022,152,5415,"29510",42,86,0.488372093023256,1
"0500000US29510","St. Louis city, Missouri",2022,193,5416,"29510",42,86,0.488372093023256,1
"0500000US29510","St. Louis city, Missouri",2022,41,5417,"29510",42,86,0.488372093023256,1
"0500000US29510","St. Louis city, Missouri",2022,62,5418,"29510",42,86,0.488372093023256,1
"0500000US29510","St. Louis city, Missouri",2022,70,5419,"29510",42,86,0.488372093023256,1
"0500000US29510","St. Louis city, Missouri",2022,81,5511,"29510",42,86,0.488372093023256,1
"0500000US29510","St. Louis city, Missouri",2022,29,5611,"29510",42,86,0.488372093023256,1
"0500000US29510","St. Louis city, Missouri",2022,14,5612,"29510",42,86,0.488372093023256,1
"0500000US29510","St. Louis city, Missouri",2022,51,5613,"29510",42,86,0.488372093023256,1
"0500000US29510","St. Louis city, Missouri",2022,37,5614,"29510",42,86,0.488372093023256,1
"0500000US29510","St. Louis city, Missouri",2022,19,5615,"29510",42,86,0.488372093023256,1
"0500000US29510","St. Louis city, Missouri",2022,42,5616,"29510",42,86,0.488372093023256,1
"0500000US29510","St. Louis city, Missouri",2022,134,5617,"29510",42,86,0.488372093023256,1
"0500000US29510","St. Louis city, Missouri",2022,29,5619,"29510",42,86,0.488372093023256,1
"0500000US29510","St. Louis city, Missouri",2022,15,5621,"29510",42,86,0.488372093023256,1
"0500000US29510","St. Louis city, Missouri",2022,8,5622,"29510",42,86,0.488372093023256,1
"0500000US29510","St. Louis city, Missouri",2022,11,5629,"29510",42,86,0.488372093023256,1
"0500000US29510","St. Louis city, Missouri",2022,48,6111,"29510",42,86,0.488372093023256,1
"0500000US29510","St. Louis city, Missouri",2022,10,6113,"29510",42,86,0.488372093023256,1
"0500000US29510","St. Louis city, Missouri",2022,8,6114,"29510",42,86,0.488372093023256,1
"0500000US29510","St. Louis city, Missouri",2022,8,6115,"29510",42,86,0.488372093023256,1
"0500000US29510","St. Louis city, Missouri",2022,45,6116,"29510",42,86,0.488372093023256,1
"0500000US29510","St. Louis city, Missouri",2022,16,6117,"29510",42,86,0.488372093023256,1
"0500000US29510","St. Louis city, Missouri",2022,179,6211,"29510",42,86,0.488372093023256,1
"0500000US29510","St. Louis city, Missouri",2022,64,6212,"29510",42,86,0.488372093023256,1
"0500000US29510","St. Louis city, Missouri",2022,102,6213,"29510",42,86,0.488372093023256,1
"0500000US29510","St. Louis city, Missouri",2022,65,6214,"29510",42,86,0.488372093023256,1
"0500000US29510","St. Louis city, Missouri",2022,13,6215,"29510",42,86,0.488372093023256,1
"0500000US29510","St. Louis city, Missouri",2022,253,6216,"29510",42,86,0.488372093023256,1
"0500000US29510","St. Louis city, Missouri",2022,22,6219,"29510",42,86,0.488372093023256,1
"0500000US29510","St. Louis city, Missouri",2022,10,6221,"29510",42,86,0.488372093023256,1
"0500000US29510","St. Louis city, Missouri",2022,3,6222,"29510",42,86,0.488372093023256,1
"0500000US29510","St. Louis city, Missouri",2022,22,6231,"29510",42,86,0.488372093023256,1
"0500000US29510","St. Louis city, Missouri",2022,22,6232,"29510",42,86,0.488372093023256,1
"0500000US29510","St. Louis city, Missouri",2022,27,6233,"29510",42,86,0.488372093023256,1
"0500000US29510","St. Louis city, Missouri",2022,7,6239,"29510",42,86,0.488372093023256,1
"0500000US29510","St. Louis city, Missouri",2022,1248,6241,"29510",42,86,0.488372093023256,1
"0500000US29510","St. Louis city, Missouri",2022,50,6242,"29510",42,86,0.488372093023256,1
"0500000US29510","St. Louis city, Missouri",2022,24,6243,"29510",42,86,0.488372093023256,1
"0500000US29510","St. Louis city, Missouri",2022,100,6244,"29510",42,86,0.488372093023256,1
"0500000US29510","St. Louis city, Missouri",2022,32,7111,"29510",42,86,0.488372093023256,1
"0500000US29510","St. Louis city, Missouri",2022,3,7112,"29510",42,86,0.488372093023256,1
"0500000US29510","St. Louis city, Missouri",2022,25,7113,"29510",42,86,0.488372093023256,1
"0500000US29510","St. Louis city, Missouri",2022,9,7115,"29510",42,86,0.488372093023256,1
"0500000US29510","St. Louis city, Missouri",2022,25,7121,"29510",42,86,0.488372093023256,1
"0500000US29510","St. Louis city, Missouri",2022,72,7139,"29510",42,86,0.488372093023256,1
"0500000US29510","St. Louis city, Missouri",2022,50,7211,"29510",42,86,0.488372093023256,1
"0500000US29510","St. Louis city, Missouri",2022,141,7223,"29510",42,86,0.488372093023256,1
"0500000US29510","St. Louis city, Missouri",2022,106,7224,"29510",42,86,0.488372093023256,1
"0500000US29510","St. Louis city, Missouri",2022,732,7225,"29510",42,86,0.488372093023256,1
"0500000US29510","St. Louis city, Missouri",2022,124,8111,"29510",42,86,0.488372093023256,1
"0500000US29510","St. Louis city, Missouri",2022,14,8112,"29510",42,86,0.488372093023256,1
"0500000US29510","St. Louis city, Missouri",2022,20,8113,"29510",42,86,0.488372093023256,1
"0500000US29510","St. Louis city, Missouri",2022,20,8114,"29510",42,86,0.488372093023256,1
"0500000US29510","St. Louis city, Missouri",2022,103,8121,"29510",42,86,0.488372093023256,1
"0500000US29510","St. Louis city, Missouri",2022,24,8122,"29510",42,86,0.488372093023256,1
"0500000US29510","St. Louis city, Missouri",2022,25,8123,"29510",42,86,0.488372093023256,1
"0500000US29510","St. Louis city, Missouri",2022,103,8129,"29510",42,86,0.488372093023256,1
"0500000US29510","St. Louis city, Missouri",2022,225,8131,"29510",42,86,0.488372093023256,1
"0500000US29510","St. Louis city, Missouri",2022,54,8132,"29510",42,86,0.488372093023256,1
"0500000US29510","St. Louis city, Missouri",2022,50,8133,"29510",42,86,0.488372093023256,1
"0500000US29510","St. Louis city, Missouri",2022,37,8134,"29510",42,86,0.488372093023256,1
"0500000US29510","St. Louis city, Missouri",2022,98,8139,"29510",42,86,0.488372093023256,1
